Timestamp,AccelX,AccelY,AccelZ,GyroX,GyroY,GyroZ,SpO2,BPM,PiezoVal,AnimalTemp,EnvTemp,EnvHumid,Behavior_Label
11:37:05.156,-3.38,68.85,16.55,-0.75,0.00,0.00,98,0,230,36.69,30.30,80.90,RESTING
11:37:05.465,-3.38,68.85,16.55,-0.75,0.00,0.00,98,0,215,36.69,30.30,80.90,RESTING
11:37:05.695,-3.38,68.85,16.55,-0.75,0.00,0.00,98,0,192,36.69,30.30,80.90,RESTING
11:37:05.985,-3.38,68.85,16.55,-0.75,0.00,0.00,98,0,208,36.69,30.30,81.60,RESTING
11:37:06.283,-3.38,68.85,16.55,-0.75,0.00,0.00,98,0,192,36.69,30.30,81.60,RESTING
11:37:06.590,-3.38,68.85,16.55,-0.75,0.00,0.00,98,0,147,36.62,30.30,81.60,RESTING
11:37:06.833,-3.38,68.85,16.55,-0.75,0.00,0.00,98,0,43,36.62,30.30,81.60,RESTING
11:37:07.118,-3.38,68.85,16.55,-0.75,0.00,0.00,98,0,253,36.62,30.30,81.60,RESTING
11:37:07.409,-3.38,68.85,16.55,-0.75,0.00,0.00,98,0,240,36.69,30.30,81.60,RESTING
11:37:07.717,-3.38,68.85,16.55,-0.75,0.00,0.00,98,0,189,36.69,30.30,81.60,RESTING
11:37:08.024,-3.38,68.85,16.55,-0.75,0.00,0.00,98,0,162,36.69,30.30,81.60,RESTING
11:37:08.265,-3.38,68.85,16.55,-0.75,0.00,0.00,98,0,181,36.69,30.30,81.50,RESTING
11:37:08.564,-3.38,68.85,16.55,-0.75,0.00,0.00,98,0,202,36.69,30.30,81.50,RESTING
11:37:08.843,-3.38,68.85,16.55,-0.75,0.00,0.00,98,0,222,36.69,30.30,81.50,RESTING
11:37:09.151,-3.38,68.85,16.55,-0.75,0.00,0.00,98,0,222,36.69,30.30,81.50,RESTING
11:37:09.390,-3.38,68.85,16.55,-0.75,0.00,0.00,98,0,193,36.69,30.30,81.50,RESTING
11:37:09.674,-3.38,68.85,16.55,-0.75,0.00,0.00,98,0,210,36.69,30.30,81.50,RESTING
11:37:09.970,-3.38,68.85,16.55,-0.75,0.00,0.00,98,0,205,36.69,30.30,81.50,RESTING
11:37:10.275,-3.38,68.85,16.55,-0.75,0.00,0.00,98,0,147,36.69,30.30,81.50,RESTING
11:37:10.583,-3.38,68.85,16.55,-0.75,0.00,0.00,98,0,75,36.69,30.30,81.30,RESTING
11:37:10.813,-3.38,68.85,16.55,-0.75,0.00,0.00,98,0,179,36.69,30.30,81.30,RESTING
11:37:11.098,-3.38,68.85,16.55,-0.75,0.00,0.00,98,0,191,36.69,30.30,81.30,RESTING
11:37:11.404,-3.38,68.85,16.55,-0.75,0.00,0.00,98,0,178,36.69,30.30,81.30,RESTING
11:37:11.710,-3.38,68.85,16.55,-0.75,0.00,0.00,98,0,159,36.69,30.30,81.30,RESTING
11:37:11.950,-3.38,68.85,16.55,-0.75,0.00,0.00,98,0,198,36.69,30.30,81.30,RESTING
11:37:12.233,-3.38,68.85,16.55,-0.75,0.00,0.00,98,0,245,36.69,30.30,81.30,RESTING
11:37:12.530,-3.38,68.85,16.55,-0.75,0.00,0.00,98,0,229,36.62,30.30,81.30,RESTING
11:37:12.836,-3.38,68.85,16.55,-0.75,0.00,0.00,98,0,221,36.62,30.30,81.50,RESTING
11:37:13.144,-3.38,68.85,16.55,-0.75,0.00,0.00,98,0,206,36.62,30.30,81.50,RESTING
11:37:13.372,-3.38,68.85,16.55,-0.75,0.00,0.00,98,0,163,36.62,30.30,81.50,RESTING
11:37:13.656,-3.38,68.85,16.55,-0.75,0.00,0.00,98,0,210,36.62,30.30,81.50,RESTING
11:37:13.964,-3.38,68.85,16.55,-0.75,0.00,0.00,98,0,134,36.62,30.30,81.50,RESTING
11:37:14.270,-3.38,68.85,16.55,-0.75,0.00,0.00,98,0,128,36.62,30.30,81.50,RESTING
11:37:14.509,-3.38,68.85,16.55,-0.75,0.00,0.00,98,0,0,36.62,30.30,81.50,RESTING
11:37:14.796,-3.38,68.85,16.55,-0.75,0.00,0.00,98,0,220,36.62,30.30,81.50,RESTING
11:37:15.090,-3.38,68.85,16.55,-0.75,0.00,0.00,98,0,222,36.62,30.30,81.20,RESTING
11:37:15.396,-3.38,68.85,16.55,-0.75,0.00,0.00,98,0,171,36.62,30.30,81.20,RESTING
11:37:15.706,-3.38,68.85,16.55,-0.75,0.00,0.00,98,0,208,36.62,30.30,81.20,RESTING
11:37:15.934,-3.38,68.85,16.55,-0.75,0.00,0.00,98,0,176,36.56,30.30,81.20,RESTING
11:37:16.219,-3.38,68.85,16.55,-0.75,0.00,0.00,98,0,231,36.56,30.30,81.20,RESTING
11:37:16.523,-3.38,68.85,16.55,-0.75,0.00,0.00,98,0,182,36.56,30.30,81.20,RESTING
11:37:16.830,-3.38,68.85,16.55,-0.75,0.00,0.00,98,0,204,36.56,30.30,81.20,RESTING
11:37:17.069,-3.38,68.85,16.55,-0.75,0.00,0.00,98,0,187,36.56,30.30,81.20,RESTING
11:37:17.358,-3.38,68.85,16.55,-0.75,0.00,0.00,98,0,199,36.56,30.30,81.10,RESTING
11:37:17.650,-3.38,68.85,16.55,-0.75,0.00,0.00,98,0,181,36.50,30.30,81.10,RESTING
11:37:17.956,-3.38,68.85,16.55,-0.75,0.00,0.00,98,0,156,36.50,30.30,81.10,RESTING
11:37:18.265,-3.38,68.85,16.55,-0.75,0.00,0.00,98,0,80,36.50,30.30,81.10,RESTING
11:37:18.491,-3.38,68.85,16.55,-0.75,0.00,0.00,98,0,171,36.50,30.30,81.10,RESTING
11:37:18.775,-3.38,68.85,16.55,-0.75,0.00,0.00,98,0,202,36.50,30.30,81.10,RESTING
11:37:19.083,-3.38,68.85,16.55,-0.75,0.00,0.00,98,0,219,36.50,30.30,81.10,RESTING
11:37:19.390,-3.38,68.85,16.55,-0.75,0.00,0.00,98,0,208,36.44,30.30,81.10,RESTING
11:37:19.630,-3.38,68.85,16.55,-0.75,0.00,0.00,98,0,178,36.44,30.30,81.30,RESTING
11:37:19.916,-3.38,68.85,16.55,-0.75,0.00,0.00,98,0,221,36.44,30.30,81.30,RESTING
11:37:20.209,-3.38,68.85,16.55,-0.75,0.00,0.00,98,0,220,36.44,30.30,81.30,RESTING
11:37:20.516,-3.38,68.85,16.55,-0.75,0.00,0.00,98,0,218,36.44,30.30,81.30,RESTING
11:37:20.764,-3.38,68.85,16.55,-0.75,0.00,0.00,98,0,15,36.44,30.30,81.30,RESTING
11:37:21.048,-3.38,68.85,16.55,-0.75,0.00,0.00,98,0,158,36.50,30.30,81.30,RESTING
11:37:21.336,-3.38,68.85,16.55,-0.75,0.00,0.00,98,0,180,36.50,30.30,81.30,RESTING
11:37:21.643,-3.38,68.85,16.55,-0.75,0.00,0.00,98,0,158,36.50,30.30,81.30,RESTING
11:37:21.950,-3.38,68.85,16.55,-0.75,0.00,0.00,98,0,95,36.44,30.30,81.40,RESTING
11:37:22.187,-3.38,68.85,16.55,-0.75,0.00,0.00,98,0,0,36.44,30.30,81.40,RESTING
11:37:22.472,-3.38,68.85,16.55,-0.75,0.00,0.00,98,0,187,36.44,30.30,81.40,RESTING
11:37:22.770,-3.38,68.85,16.55,-0.75,0.00,0.00,98,0,221,36.50,30.30,81.40,RESTING
11:37:23.077,-3.38,68.85,16.55,-0.75,0.00,0.00,98,0,203,36.50,30.30,81.40,RESTING
11:37:23.323,-3.38,68.85,16.55,-0.75,0.00,0.00,98,0,199,36.50,30.30,81.40,RESTING
11:37:23.607,-3.38,68.85,16.55,-0.75,0.00,0.00,98,0,186,36.44,30.30,81.40,RESTING
11:37:23.896,-3.38,68.85,16.55,-0.75,0.00,0.00,98,0,232,36.44,30.30,81.40,RESTING
11:37:24.204,-3.38,68.85,16.55,-0.75,0.00,0.00,98,0,211,36.44,30.30,81.40,RESTING
11:37:24.510,-3.38,68.85,16.55,-0.75,0.00,0.00,98,0,192,36.50,30.30,81.40,RESTING
11:37:24.745,-3.38,68.85,16.55,-0.75,0.00,0.00,98,0,195,36.50,30.30,81.40,RESTING
11:37:25.029,-3.38,68.85,16.55,-0.75,0.00,0.00,98,0,150,36.50,30.30,81.40,RESTING
11:37:25.332,-3.38,68.85,16.55,-0.75,0.00,0.00,98,0,177,36.50,30.30,81.40,RESTING
11:37:25.638,-3.38,68.85,16.55,-0.75,0.00,0.00,98,0,142,36.50,30.30,81.40,RESTING
11:37:25.881,-3.38,68.85,16.55,-0.75,0.00,0.00,98,0,33,36.50,30.30,81.40,RESTING
11:37:26.164,-3.38,68.85,16.55,-0.75,0.00,0.00,98,0,218,36.50,30.30,81.40,RESTING
11:37:26.455,-3.38,68.85,16.55,-0.75,0.00,0.00,98,0,223,36.50,30.30,81.50,RESTING
11:37:26.763,-3.38,68.85,16.55,-0.75,0.00,0.00,98,0,218,36.50,30.30,81.50,RESTING
11:37:27.070,-3.38,68.85,16.55,-0.75,0.00,0.00,98,0,158,36.50,30.30,81.50,RESTING
11:37:27.303,-3.38,68.85,16.55,-0.75,0.00,0.00,98,0,176,36.50,30.30,81.50,RESTING
11:37:27.585,-3.38,68.85,16.55,-0.75,0.00,0.00,98,0,229,36.50,30.30,81.50,RESTING
11:37:27.891,-3.38,68.85,16.55,-0.75,0.00,0.00,98,0,229,36.50,30.30,81.50,RESTING
11:37:28.199,-3.38,68.85,16.55,-0.75,0.00,0.00,98,0,208,36.50,30.30,81.50,RESTING
11:37:28.436,-3.38,68.85,16.55,-0.75,0.00,0.00,98,0,189,36.50,30.30,81.50,RESTING
11:37:28.728,-3.38,68.85,16.55,-0.75,0.00,0.00,98,0,162,36.50,30.30,81.40,RESTING
11:37:29.016,-3.38,68.85,16.55,-0.75,0.00,0.00,98,0,201,36.50,30.30,81.40,RESTING
11:37:29.326,-3.38,68.85,16.55,-0.75,0.00,0.00,98,0,155,36.50,30.30,81.40,RESTING
11:37:29.631,-3.38,68.85,16.55,-0.75,0.00,0.00,98,0,86,36.50,30.30,81.40,RESTING
11:37:29.859,-3.38,68.85,16.55,-0.75,0.00,0.00,98,0,179,36.50,30.30,81.40,RESTING
11:37:30.145,-3.38,68.85,16.55,-0.75,0.00,0.00,98,0,223,36.50,30.30,81.40,RESTING
11:37:30.449,-3.38,68.85,16.55,-0.75,0.00,0.00,98,0,218,36.50,30.30,81.40,RESTING
11:37:30.757,-3.38,68.85,16.55,-0.75,0.00,0.00,98,0,201,36.50,30.30,81.40,RESTING
11:37:31.000,-3.38,68.85,16.55,-0.75,0.00,0.00,98,0,191,36.50,30.30,81.30,RESTING
11:37:31.283,-3.38,68.85,16.55,-0.75,0.00,0.00,98,0,243,36.50,30.30,81.30,RESTING
11:37:31.576,-3.38,68.85,16.55,-0.75,0.00,0.00,98,0,221,36.50,30.30,81.30,RESTING
11:37:31.884,-3.38,68.85,16.55,-0.75,0.00,0.00,98,0,218,36.50,30.30,81.30,RESTING
11:37:32.131,-3.38,68.85,16.55,-0.75,0.00,0.00,98,0,201,36.50,30.30,81.30,RESTING
11:37:32.415,-3.38,68.85,16.55,-0.75,0.00,0.00,98,0,218,36.50,30.30,81.30,RESTING
11:37:32.701,-3.38,68.85,16.55,-0.75,0.00,0.00,98,0,197,36.50,30.30,81.30,RESTING
11:37:33.010,-3.38,68.85,16.55,-0.75,0.00,0.00,98,0,163,36.50,30.30,81.30,RESTING
11:37:33.317,-3.38,68.85,16.55,-0.75,0.00,0.00,98,0,112,36.50,30.40,81.00,RESTING
11:37:33.556,-3.38,68.85,16.55,-0.75,0.00,0.00,98,0,0,36.50,30.40,81.00,RESTING
11:37:33.839,-3.38,68.85,16.55,-0.75,0.00,0.00,98,0,224,36.50,30.40,81.00,RESTING
11:37:34.136,-3.38,68.85,16.55,-0.75,0.00,0.00,98,0,171,36.50,30.40,81.00,RESTING
11:37:34.443,-3.38,68.85,16.55,-0.75,0.00,0.00,98,0,163,36.50,30.40,81.00,RESTING
11:37:34.689,-3.38,68.85,16.55,-0.75,0.00,0.00,98,0,186,36.50,30.40,81.00,RESTING
11:37:34.973,-3.38,68.85,16.55,-0.75,0.00,0.00,98,0,231,36.50,30.40,81.00,RESTING
11:37:35.269,-3.38,68.85,16.55,-0.75,0.00,0.00,98,0,245,36.50,30.40,81.00,RESTING
11:37:35.569,-3.38,68.85,16.55,-0.75,0.00,0.00,98,0,222,36.50,30.40,80.90,RESTING
11:37:35.878,-3.38,68.85,16.55,-0.75,0.00,0.00,98,0,220,36.50,30.40,80.90,RESTING
11:37:36.111,-3.38,68.85,16.55,-0.75,0.00,0.00,98,0,185,36.50,30.40,80.90,RESTING
11:37:36.395,-3.38,68.85,16.55,-0.75,0.00,0.00,98,0,152,36.50,30.40,80.90,RESTING
11:37:36.696,-3.38,68.85,16.55,-0.75,0.00,0.00,98,0,176,36.50,30.40,80.90,RESTING
11:37:37.003,-3.38,68.85,16.55,-0.75,0.00,0.00,98,0,128,36.50,30.40,80.90,RESTING
11:37:37.249,-3.38,68.85,16.55,-0.75,0.00,0.00,98,0,51,36.50,30.40,80.90,RESTING
11:37:37.534,-3.38,68.85,16.55,-0.75,0.00,0.00,98,0,223,36.50,30.40,80.90,RESTING
11:37:37.822,-3.38,68.85,16.55,-0.75,0.00,0.00,98,0,171,36.50,30.40,80.80,RESTING
11:37:38.131,-3.38,68.85,16.55,-0.75,0.00,0.00,98,0,162,36.38,30.40,80.80,RESTING
11:37:38.436,-3.38,68.85,16.55,-0.75,0.00,0.00,98,0,192,36.38,30.40,80.80,RESTING
11:37:38.669,-3.38,68.85,16.55,-0.75,0.00,0.00,98,0,163,36.38,30.40,80.80,RESTING
11:37:38.954,-3.38,68.85,16.55,-0.75,0.00,0.00,98,0,211,36.38,30.40,80.80,RESTING
11:37:39.364,-3.38,68.85,16.55,-0.75,0.00,0.00,98,0,203,36.38,30.40,80.80,RESTING
11:37:39.563,-3.38,68.85,16.55,-0.75,0.00,0.00,98,0,0,36.38,30.40,80.80,RESTING
11:37:39.803,-3.38,68.85,16.55,-0.75,0.00,0.00,98,0,145,36.31,30.40,80.80,RESTING
11:37:40.092,-3.38,68.85,16.55,-0.75,0.00,0.00,98,0,181,36.31,30.40,80.60,RESTING
11:37:40.382,-3.38,68.85,16.55,-0.75,0.00,0.00,98,0,159,36.31,30.40,80.60,RESTING
11:37:40.690,-3.38,68.85,16.55,-0.75,0.00,0.00,98,0,144,36.31,30.40,80.60,RESTING
11:37:40.996,-3.38,68.85,16.55,-0.75,0.00,0.00,98,0,82,36.31,30.40,80.60,RESTING
11:37:41.227,-3.38,68.85,16.55,-0.75,0.00,0.00,98,0,142,36.31,30.40,80.60,RESTING
11:37:41.510,-3.38,68.85,16.55,-0.75,0.00,0.00,98,0,144,36.31,30.40,80.60,RESTING
11:37:41.817,-3.38,68.85,16.55,-0.75,0.00,0.00,98,0,195,36.31,30.40,80.60,RESTING
11:37:42.125,-3.38,68.85,16.55,-0.75,0.00,0.00,98,0,189,36.31,30.40,80.60,RESTING
11:37:42.365,-3.38,68.85,16.55,-0.75,0.00,0.00,98,0,161,36.25,30.40,80.60,RESTING
11:37:42.651,-3.38,68.85,16.55,-0.75,0.00,0.00,98,0,213,36.25,30.40,80.60,RESTING
11:37:42.942,-3.38,68.85,16.55,-0.75,0.00,0.00,98,0,218,36.25,30.40,80.60,RESTING
11:37:43.249,-3.38,68.85,16.55,-0.75,0.00,0.00,98,0,154,36.31,30.40,80.60,RESTING
11:37:43.556,-3.38,68.85,16.55,-0.75,0.00,0.00,98,0,186,36.31,30.40,80.60,RESTING
11:37:43.782,-3.38,68.85,16.55,-0.75,0.00,0.00,98,0,144,36.31,30.40,80.60,RESTING
11:37:44.069,-3.38,68.85,16.55,-0.75,0.00,0.00,98,0,174,36.25,30.40,80.60,RESTING
11:37:44.376,-3.38,68.85,16.55,-0.75,0.00,0.00,98,0,150,36.25,30.40,80.60,RESTING
11:37:44.683,-3.38,68.85,16.55,-0.75,0.00,0.00,98,0,110,36.25,30.40,80.60,RESTING
11:37:44.920,-3.38,68.85,16.55,-0.75,0.00,0.00,98,0,0,36.31,30.40,80.60,RESTING
11:37:45.205,-3.38,68.85,16.55,-0.75,0.00,0.00,98,0,204,36.31,30.40,80.60,RESTING
11:37:45.502,-3.38,68.85,16.55,-0.75,0.00,0.00,98,0,147,36.31,30.40,80.60,RESTING
11:37:45.809,-3.38,68.85,16.55,-0.75,0.00,0.00,98,0,190,36.25,30.40,80.60,RESTING
11:37:46.056,-3.38,68.85,16.55,-0.75,0.00,0.00,98,0,129,36.25,30.40,80.60,RESTING
11:37:46.340,-3.38,68.85,16.55,-0.75,0.00,0.00,98,0,218,36.25,30.40,80.60,RESTING
11:37:46.628,-3.38,68.85,16.55,-0.75,0.00,0.00,98,0,208,36.25,30.40,80.60,RESTING
11:37:46.935,-3.38,68.85,16.55,-0.75,0.00,0.00,98,0,210,36.25,30.40,80.60,RESTING
11:37:47.242,-3.38,68.85,16.55,-0.75,0.00,0.00,98,0,179,36.25,30.40,80.60,RESTING
11:37:47.478,-3.38,68.85,16.55,-0.75,0.00,0.00,98,0,170,36.19,30.40,80.60,RESTING
11:37:47.762,-3.38,68.85,16.55,-0.75,0.00,0.00,98,0,176,36.19,30.40,80.60,RESTING
11:37:48.064,-3.38,68.85,16.55,-0.75,0.00,0.00,98,0,162,36.19,30.40,80.60,RESTING
11:37:48.369,-3.38,68.85,16.55,-0.75,0.00,0.00,98,0,130,36.19,30.40,80.60,RESTING
11:37:48.612,-3.38,68.85,16.55,-0.75,0.00,0.00,98,0,33,36.19,30.40,80.60,RESTING
11:37:48.897,-3.38,68.85,16.55,-0.75,0.00,0.00,98,0,197,36.19,30.40,80.60,RESTING
11:37:49.189,-3.38,68.85,16.55,-0.75,0.00,0.00,98,0,186,36.19,30.40,80.60,RESTING
11:37:49.496,-3.38,68.85,16.55,-0.75,0.00,0.00,98,0,149,36.19,30.40,80.60,RESTING
11:37:49.803,-3.38,68.85,16.55,-0.75,0.00,0.00,98,0,178,36.19,30.40,80.60,RESTING
11:37:50.035,-3.38,68.85,16.55,-0.75,0.00,0.00,98,0,144,36.19,30.40,80.60,RESTING
11:37:50.324,-3.38,68.85,16.55,-0.75,0.00,0.00,98,0,214,36.19,30.40,80.60,RESTING
11:37:50.623,-3.38,68.85,16.55,-0.75,0.00,0.00,98,0,203,36.19,30.40,80.60,RESTING
11:37:50.930,-3.38,68.85,16.55,-0.75,0.00,0.00,98,0,137,36.19,30.40,80.60,RESTING
11:37:51.169,-3.38,68.85,16.55,-0.75,0.00,0.00,98,0,163,36.19,30.40,80.60,RESTING
11:37:51.460,-3.38,68.85,16.55,-0.75,0.00,0.00,98,0,176,36.19,30.40,80.80,RESTING
11:37:51.748,-3.38,68.85,16.55,-0.75,0.00,0.00,98,0,167,36.12,30.40,80.80,RESTING
11:37:52.057,-3.38,68.85,16.55,-0.75,0.00,0.00,98,0,150,36.12,30.40,80.80,RESTING
11:37:52.363,-3.38,68.85,16.55,-0.75,0.00,0.00,98,0,57,36.12,30.40,80.80,RESTING
11:37:52.592,-3.38,68.85,16.55,-0.75,0.00,0.00,98,0,97,36.19,30.40,80.80,RESTING
11:37:52.879,-3.38,68.85,16.55,-0.75,0.00,0.00,98,0,178,36.19,30.40,80.80,RESTING
11:37:53.182,-3.38,68.85,16.55,-0.75,0.00,0.00,98,0,192,36.19,30.40,80.80,RESTING
11:37:53.489,-3.38,68.85,16.55,-0.75,0.00,0.00,98,0,179,36.12,30.40,80.80,RESTING
11:37:53.736,-3.38,68.85,16.55,-0.75,0.00,0.00,98,0,162,36.12,30.30,80.40,RESTING
11:37:54.016,-3.38,68.85,16.55,-0.75,0.00,0.00,98,0,208,36.12,30.30,80.40,RESTING
11:37:54.309,-3.38,68.85,16.55,-0.75,0.00,0.00,98,0,199,36.12,30.30,80.40,RESTING
11:37:54.617,-3.38,68.85,16.55,-0.75,0.00,0.00,98,0,192,36.12,30.30,80.40,RESTING
11:37:54.923,-3.38,68.85,16.55,-0.75,0.00,0.00,98,0,176,36.12,30.30,80.40,RESTING
11:37:55.153,-3.38,68.85,16.55,-0.75,0.00,0.00,98,0,140,36.12,30.30,80.40,RESTING
11:37:55.436,-3.38,68.85,16.55,-0.75,0.00,0.00,98,0,170,36.12,30.30,80.40,RESTING
11:37:55.744,-3.38,68.85,16.55,-0.75,0.00,0.00,98,0,142,36.12,30.30,80.40,RESTING
11:37:56.050,-3.38,68.85,16.55,-0.75,0.00,0.00,98,0,100,36.12,30.30,80.30,RESTING
11:37:56.291,-3.38,68.85,16.55,-0.75,0.00,0.00,98,0,2,36.12,30.30,80.30,RESTING
11:37:56.575,-3.38,68.85,16.55,-0.75,0.00,0.00,98,0,177,36.12,30.30,80.30,RESTING
11:37:56.868,-3.38,68.85,16.55,-0.75,0.00,0.00,98,0,176,36.12,30.30,80.30,RESTING
11:37:57.175,-3.38,68.85,16.55,-0.75,0.00,0.00,98,0,179,36.12,30.30,80.30,RESTING
11:37:57.483,-3.38,68.85,16.55,-0.75,0.00,0.00,98,0,171,36.12,30.30,80.30,RESTING
11:37:57.709,-3.38,68.85,16.55,-0.75,0.00,0.00,98,0,147,36.12,30.30,80.30,RESTING
11:37:57.994,-3.38,68.85,16.55,-0.75,0.00,0.00,98,0,195,36.12,30.30,80.30,RESTING
11:37:58.302,-3.38,68.85,16.55,-0.75,0.00,0.00,98,0,186,36.12,30.30,80.30,RESTING
11:37:58.610,-3.38,68.85,16.55,-0.75,0.00,0.00,98,0,179,36.06,30.30,80.30,RESTING
11:37:58.849,-3.38,68.85,16.55,-0.75,0.00,0.00,98,0,162,36.06,30.30,80.30,RESTING
11:37:59.132,-3.38,68.85,16.55,-0.75,0.00,0.00,98,0,173,36.06,30.30,80.30,RESTING
11:37:59.431,-3.38,68.85,16.55,-0.75,0.00,0.00,98,0,150,36.12,30.30,80.30,RESTING
11:37:59.736,-3.38,68.85,16.55,-0.75,0.00,0.00,98,0,119,36.12,30.30,80.30,RESTING
11:37:59.982,-3.38,68.85,16.55,-0.75,0.00,0.00,98,0,44,36.12,30.30,80.30,RESTING
11:38:00.268,-3.38,68.85,16.55,-0.75,0.00,0.00,98,0,173,36.12,30.30,80.30,RESTING
11:38:00.558,-3.38,68.85,16.55,-0.75,0.00,0.00,98,0,177,36.12,30.30,80.40,RESTING
11:38:00.863,0.00,68.85,16.55,-0.75,0.00,0.00,98,0,191,36.12,30.30,80.40,RESTING
11:38:01.170,-3.38,68.85,16.55,-0.75,0.00,0.00,98,0,178,36.06,30.30,80.40,RESTING
11:38:01.409,-3.38,68.85,16.55,-0.75,0.00,0.00,98,0,112,36.06,30.30,80.40,RESTING
11:38:01.693,-3.38,68.85,16.55,-0.75,0.00,0.00,98,0,193,36.06,30.30,80.40,RESTING
11:38:01.990,-3.38,68.85,16.55,-0.75,0.00,0.00,98,0,192,36.06,30.30,80.40,RESTING
11:38:02.295,-3.38,68.85,16.55,-0.75,0.00,0.00,98,0,187,36.06,30.30,80.40,RESTING
11:38:02.543,-3.38,68.85,16.55,-0.75,0.00,0.00,98,0,166,36.06,30.30,80.40,RESTING
11:38:02.831,-3.38,68.85,16.55,-0.75,0.00,0.00,98,0,169,36.06,30.30,80.40,RESTING
11:38:03.115,-3.38,68.85,16.55,-0.75,0.00,0.00,98,0,165,36.06,30.30,80.40,RESTING
11:38:03.422,-3.38,68.85,16.55,-0.75,0.00,0.00,98,0,133,36.06,30.30,80.40,RESTING
11:38:03.730,-3.38,68.85,16.55,-0.75,0.00,0.00,98,0,101,36.06,30.30,80.40,RESTING
11:38:03.967,-3.38,68.85,16.55,-0.75,0.00,0.00,98,0,0,36.06,30.30,80.40,RESTING
11:38:04.252,-3.38,68.85,16.55,-0.75,0.00,0.00,98,0,178,36.06,30.30,80.40,RESTING
11:38:04.549,-3.38,68.85,16.55,-0.75,0.00,0.00,98,0,145,36.06,30.30,80.40,RESTING
11:38:04.856,-3.38,68.85,16.55,-0.75,0.00,0.00,98,0,176,36.06,30.30,80.40,RESTING
11:38:05.163,-3.38,68.85,16.55,-0.75,0.00,0.00,98,0,161,36.06,30.30,80.50,RESTING
11:38:05.395,-3.38,68.85,16.55,-0.75,0.00,0.00,98,0,145,36.06,30.30,80.50,RESTING
11:38:05.674,-3.38,68.85,16.55,-0.75,0.00,0.00,98,0,94,36.06,30.30,80.50,RESTING
11:38:05.984,-3.38,68.85,16.55,-0.75,0.00,0.00,98,0,176,36.06,30.30,80.50,RESTING
11:38:06.290,-3.38,68.85,16.55,-0.75,0.00,0.00,98,0,160,36.06,30.30,80.50,RESTING
11:38:06.525,-3.38,68.85,16.55,-0.75,0.00,0.00,98,0,153,36.06,30.30,80.50,RESTING
11:38:06.808,-3.38,68.85,16.55,-0.75,0.00,0.00,98,0,160,36.06,30.30,80.50,RESTING
11:38:07.110,-3.38,68.85,16.55,-0.75,0.00,0.00,98,0,144,36.00,30.30,80.50,RESTING
11:38:07.416,-3.38,68.85,16.55,-0.75,0.00,0.00,98,0,94,36.00,30.30,80.70,RESTING
11:38:07.660,-3.38,68.85,16.55,-0.75,0.00,0.00,98,0,42,36.00,30.30,80.70,RESTING
11:38:07.945,-3.38,68.85,16.55,-0.75,0.00,0.00,98,0,176,36.00,30.30,80.70,RESTING
11:38:08.235,-3.38,68.85,16.55,-0.75,0.00,0.00,98,0,193,36.00,30.30,80.70,RESTING
11:38:08.543,-3.38,68.85,16.55,-0.75,0.00,0.00,98,0,171,36.00,30.30,80.70,RESTING
11:38:08.849,-3.38,68.85,16.55,-0.75,0.00,0.00,98,0,178,36.00,30.30,80.70,RESTING
11:38:09.079,-3.38,68.85,16.55,-0.75,0.00,0.00,98,0,152,36.00,30.30,80.70,RESTING
11:38:09.363,-3.38,68.85,16.55,-0.75,0.00,0.00,98,0,178,36.00,30.30,80.70,RESTING
11:38:09.670,-3.38,68.85,16.55,-0.75,0.00,0.00,98,0,171,36.00,30.30,81.00,RESTING
11:38:09.981,-3.38,68.85,16.55,-0.75,0.00,0.00,98,0,176,36.00,30.30,81.00,RESTING
11:38:10.223,-3.38,68.85,16.55,-0.75,0.00,0.00,98,0,169,36.00,30.30,81.00,RESTING
11:38:10.503,-3.38,68.85,16.55,-0.75,0.00,0.00,98,0,185,35.94,30.30,81.00,RESTING
11:38:10.797,-3.38,68.85,16.55,-0.75,0.00,0.00,98,0,150,35.94,30.30,81.00,RESTING
11:38:11.102,-3.38,68.85,16.55,-0.75,0.00,0.00,98,0,156,35.94,30.30,81.00,RESTING
11:38:11.411,-3.38,68.85,16.55,-0.75,0.00,0.00,98,0,55,35.94,30.30,81.00,RESTING
11:38:11.637,-3.38,68.85,16.55,-0.75,0.00,0.00,98,0,126,35.94,30.30,81.00,RESTING
11:38:11.928,-3.38,68.85,16.55,-0.75,0.00,0.00,98,0,192,35.94,30.30,81.20,RESTING
11:38:12.230,-3.38,68.85,16.55,-0.75,0.00,0.00,98,0,160,35.94,30.30,81.20,RESTING
11:38:12.537,-3.38,68.85,16.55,-0.75,0.00,0.00,98,0,176,35.94,30.30,81.20,RESTING
11:38:12.776,-3.38,68.85,16.55,-0.75,0.00,0.00,98,0,162,35.94,30.30,81.20,RESTING
11:38:13.060,-3.38,68.85,16.55,-0.75,0.00,0.00,98,0,217,35.94,30.30,81.20,RESTING
11:38:13.355,-3.38,68.85,16.55,-0.75,0.00,0.00,98,0,178,35.94,30.30,81.20,RESTING
11:38:13.662,-3.38,68.85,16.55,-0.75,0.00,0.00,98,0,169,35.94,30.30,81.20,RESTING
11:38:13.970,-3.38,68.85,16.55,-0.75,0.00,0.00,98,0,191,35.88,30.30,81.20,RESTING
11:38:14.200,-3.38,68.85,16.55,-0.75,0.00,0.00,98,0,128,35.88,30.30,81.20,RESTING
11:38:14.484,-3.38,68.85,16.55,-0.75,0.00,0.00,98,0,147,35.88,30.30,81.20,RESTING
11:38:14.789,-3.38,68.85,16.55,-0.75,0.00,0.00,98,0,148,35.94,30.30,81.20,RESTING
11:38:15.096,-3.38,68.85,16.55,-0.75,0.00,0.00,98,0,108,35.94,30.30,81.20,RESTING
11:38:15.336,-3.38,68.85,16.55,-0.75,0.00,0.00,98,0,0,35.94,30.30,81.20,RESTING
11:38:15.621,-3.38,68.85,16.55,-0.75,0.00,0.00,98,0,178,35.94,30.30,81.20,RESTING
11:38:15.915,-3.38,68.85,16.55,-0.75,0.00,0.00,98,0,176,35.94,30.30,81.20,RESTING
11:38:16.222,-3.38,68.85,16.55,-0.75,0.00,0.00,98,0,163,35.94,30.30,81.20,RESTING
11:38:16.530,-3.38,68.85,16.55,-0.75,0.00,0.00,98,0,119,35.94,30.30,81.30,RESTING
11:38:16.759,-3.38,68.85,16.55,-0.75,0.00,0.00,98,0,140,35.94,30.30,81.30,RESTING
11:38:17.043,-3.38,68.85,16.55,-0.75,0.00,0.00,98,0,186,35.94,30.30,81.30,RESTING
11:38:17.349,-3.38,68.85,16.55,-0.75,0.00,0.00,98,0,177,35.88,30.30,81.30,RESTING
11:38:17.656,-3.38,68.85,16.55,-0.75,0.00,0.00,98,0,158,35.88,30.30,81.30,RESTING
11:38:17.895,-3.38,68.85,16.55,-0.75,0.00,0.00,98,0,157,35.88,30.30,81.30,RESTING
11:38:18.178,-3.38,68.85,16.55,-0.75,0.00,0.00,98,0,158,35.88,30.30,81.30,RESTING
11:38:18.476,-3.38,68.85,16.55,-0.75,0.00,0.00,98,0,148,35.88,30.30,81.30,RESTING
11:38:18.782,-3.38,68.85,16.55,-0.75,0.00,0.00,98,0,109,35.88,30.30,81.30,RESTING
11:38:19.089,-3.38,68.85,16.55,-0.75,0.00,0.00,98,0,48,35.88,30.30,81.30,RESTING
11:38:19.320,-3.38,68.85,16.55,-0.75,0.00,0.00,98,0,93,35.88,30.30,81.30,RESTING
11:38:19.605,-3.38,68.85,16.55,-0.75,0.00,0.00,98,0,174,35.88,30.30,81.30,RESTING
11:38:19.909,-3.38,68.85,16.55,-0.75,0.00,0.00,98,0,149,35.88,30.30,81.30,RESTING
11:38:20.216,-3.38,68.85,16.55,-0.75,0.00,0.00,98,0,159,35.88,30.30,81.30,RESTING
11:38:20.457,-3.38,68.85,16.55,-0.75,0.00,0.00,98,0,144,35.88,30.30,81.30,RESTING
11:38:20.741,-3.38,68.85,16.55,-0.75,0.00,0.00,98,0,186,35.81,30.30,81.30,RESTING
11:38:21.035,-3.38,68.85,16.55,-0.75,0.00,0.00,98,0,192,35.81,30.30,81.30,RESTING
11:38:21.343,-3.38,68.85,16.55,-0.75,0.00,0.00,98,0,181,35.81,30.30,81.30,RESTING
11:38:21.649,-3.38,68.85,16.55,-0.75,0.00,0.00,98,0,109,35.81,30.30,81.30,RESTING
11:38:21.880,-3.38,68.85,16.55,-0.75,0.00,0.00,98,0,130,35.81,30.30,81.30,RESTING
11:38:22.164,-3.38,68.85,16.55,-0.75,0.00,0.00,98,0,146,35.81,30.30,81.30,RESTING
11:38:22.469,-3.38,68.85,16.55,-0.75,0.00,0.00,98,0,96,35.81,30.30,81.30,RESTING
11:38:22.775,-3.38,68.85,16.55,-0.75,0.00,0.00,98,0,102,35.81,30.30,81.30,RESTING
11:38:23.017,-3.38,68.85,16.55,-0.75,0.00,0.00,98,0,0,35.81,30.30,81.30,RESTING
11:38:23.307,-3.38,68.85,16.55,-0.75,0.00,0.00,98,0,176,35.81,30.30,81.20,RESTING
11:38:23.596,-3.38,68.85,16.55,-0.75,0.00,0.00,98,0,179,35.81,30.30,81.20,RESTING
11:38:23.902,-3.38,68.85,16.55,-0.75,0.00,0.00,98,0,176,35.81,30.30,81.20,RESTING
11:38:24.210,-3.38,68.85,16.55,-0.75,0.00,0.00,98,0,150,35.81,30.30,81.20,RESTING
11:38:24.442,-3.38,68.85,16.55,-0.75,0.00,0.00,98,0,132,35.81,30.30,81.20,RESTING
11:38:24.726,-3.38,68.85,16.55,-0.75,0.00,0.00,98,0,144,35.81,30.30,81.20,RESTING
11:38:25.029,-3.38,68.85,16.55,-0.75,0.00,0.00,98,0,175,35.75,30.30,81.20,RESTING
11:38:25.336,-3.38,68.85,16.55,-0.75,0.00,0.00,98,0,160,35.75,30.30,81.20,RESTING
11:38:25.582,-3.38,68.85,16.55,-0.75,0.00,0.00,98,0,131,35.75,30.30,81.20,RESTING
11:38:25.865,-3.38,68.85,16.55,-0.75,0.00,0.00,98,0,159,35.75,30.30,81.20,RESTING
11:38:26.155,-3.38,68.85,16.55,-0.75,0.00,0.00,98,0,110,35.75,30.30,81.20,RESTING
11:38:26.462,-3.38,68.85,16.55,-0.75,0.00,0.00,98,0,112,35.75,30.30,81.20,RESTING
11:38:26.770,-3.38,68.85,16.55,-0.75,0.00,0.00,98,0,66,35.75,30.30,81.20,RESTING
11:38:27.000,-3.38,68.85,16.55,-0.75,0.00,0.00,98,0,83,35.75,30.30,81.20,RESTING
11:38:27.285,-3.38,68.85,16.55,-0.75,0.00,0.00,98,0,182,35.75,30.30,81.20,RESTING
11:38:27.589,-3.38,68.85,16.55,-0.75,0.00,0.00,98,0,161,35.75,30.30,81.20,RESTING
11:38:27.896,-3.38,68.85,16.55,-0.75,0.00,0.00,98,0,160,35.75,30.30,81.20,RESTING
11:38:28.140,-3.38,68.85,16.55,-0.75,0.00,0.00,98,0,143,35.75,30.30,81.20,RESTING
11:38:28.423,-3.38,68.85,16.55,-0.75,0.00,0.00,98,0,192,35.69,30.30,81.20,RESTING
11:38:28.717,-3.38,68.85,16.55,-0.75,0.00,0.00,98,0,192,35.69,30.30,81.20,RESTING
11:38:29.022,-3.38,68.85,16.55,-0.75,0.00,0.00,98,0,179,35.69,30.30,81.20,RESTING
11:38:29.330,-3.38,68.85,16.55,-0.75,0.00,0.00,98,0,150,35.69,30.30,81.20,RESTING
11:38:29.558,-3.38,68.85,16.55,-0.75,0.00,0.00,98,0,137,35.69,30.30,81.20,RESTING
11:38:29.842,-3.38,68.85,16.55,-0.75,0.00,0.00,98,0,102,35.69,30.30,81.20,RESTING
11:38:30.150,-3.38,68.85,16.55,-0.75,0.00,0.00,98,0,128,35.69,30.30,81.30,RESTING
11:38:30.458,-3.38,68.85,16.55,-0.75,0.00,0.00,98,0,100,35.69,30.30,81.30,RESTING
11:38:30.696,-3.38,68.85,16.55,-0.75,0.00,0.00,98,0,0,35.69,30.30,81.30,AMBULATING
11:38:30.981,-3.38,68.85,16.55,-0.75,0.00,0.00,98,0,169,35.69,30.30,81.30,AMBULATING
11:38:31.275,-3.38,68.85,16.55,-0.75,0.00,0.00,98,0,162,35.69,30.30,81.30,AMBULATING
11:38:31.583,-3.38,68.85,16.55,-0.75,0.00,0.00,98,0,160,35.69,30.30,81.30,AMBULATING
11:38:31.889,-3.38,68.85,16.55,-0.75,0.00,0.00,98,0,113,35.62,30.30,81.30,AMBULATING
11:38:32.116,-3.38,68.85,16.55,-0.75,0.00,0.00,98,0,129,35.62,30.30,81.30,AMBULATING
11:38:32.405,-3.38,68.85,16.55,-0.75,0.00,0.00,98,0,118,35.62,30.30,81.60,AMBULATING
11:38:32.707,-3.38,68.85,16.55,-0.75,0.00,0.00,98,0,164,35.69,30.30,81.60,AMBULATING
11:38:33.017,-3.38,68.85,16.55,-0.75,0.00,0.00,98,0,162,35.69,30.30,81.60,AMBULATING
11:38:33.257,-3.38,68.85,16.55,-0.75,0.00,0.00,98,0,140,35.69,30.30,81.60,AMBULATING
11:38:33.539,-3.38,68.85,16.55,-0.75,0.00,0.00,98,0,159,35.69,30.30,81.60,AMBULATING
11:38:33.835,-3.38,68.85,16.55,-0.75,0.00,0.00,98,0,137,35.69,30.30,81.60,AMBULATING
11:38:34.143,-3.38,68.85,16.55,-0.75,0.00,0.00,98,0,112,35.69,30.30,81.60,AMBULATING
11:38:34.389,-3.38,68.85,16.55,-0.75,0.00,0.00,98,0,39,35.62,30.30,81.60,AMBULATING
11:38:34.680,-3.38,68.85,16.55,-0.75,0.00,0.00,98,0,180,35.62,30.30,81.80,AMBULATING
11:38:34.965,-3.38,68.85,16.55,-0.75,0.00,0.00,98,0,206,35.62,30.30,81.80,AMBULATING
11:38:35.268,-3.38,68.85,16.55,-0.75,0.00,0.00,98,0,167,35.62,30.30,81.80,AMBULATING
11:38:35.576,-3.38,68.85,16.55,-0.75,0.00,0.00,98,0,161,35.62,30.30,81.80,AMBULATING
11:38:35.816,-3.38,68.85,16.55,-0.75,0.00,0.00,98,0,156,35.62,30.30,81.80,AMBULATING
11:38:36.101,-3.38,68.85,16.55,-0.75,0.00,0.00,98,0,196,35.62,30.30,81.80,AMBULATING
11:38:36.395,-3.38,68.85,16.55,-0.75,0.00,0.00,98,0,176,35.62,30.30,81.80,AMBULATING
11:38:36.701,-3.38,68.85,16.55,-0.75,0.00,0.00,98,0,157,35.62,30.30,81.80,AMBULATING
11:38:37.010,-3.38,68.85,16.55,-0.75,0.00,0.00,98,0,144,35.62,30.30,82.20,AMBULATING
11:38:37.237,-3.38,68.85,16.55,-0.75,0.00,0.00,98,0,150,35.62,30.30,82.20,AMBULATING
11:38:37.521,-3.38,68.85,16.55,-0.75,0.00,0.00,98,0,107,35.62,30.30,82.20,AMBULATING
11:38:37.828,-3.38,68.85,16.55,-0.75,0.00,0.00,98,0,128,35.62,30.30,82.20,AMBULATING
11:38:38.140,-3.38,68.85,16.55,-0.75,0.00,0.00,98,0,82,35.62,30.30,82.20,AMBULATING
11:38:38.372,-3.38,68.85,16.55,-0.75,0.00,0.00,98,0,0,35.62,30.30,82.20,AMBULATING
11:38:38.659,-3.38,68.85,16.55,-0.75,0.00,0.00,98,0,158,35.62,30.30,82.20,AMBULATING
11:38:38.956,-3.38,68.85,16.55,-0.75,0.00,0.00,98,0,189,35.62,30.30,82.20,AMBULATING
11:38:39.262,-3.38,68.85,16.55,-0.75,0.00,0.00,98,0,165,35.62,30.30,82.20,AMBULATING
11:38:39.570,-3.38,68.85,16.55,-0.75,0.00,0.00,98,0,144,35.56,30.30,82.20,AMBULATING
11:38:39.795,-3.38,68.85,16.55,-0.75,0.00,0.00,98,0,115,35.56,30.30,82.20,AMBULATING
11:38:40.081,-3.38,68.85,16.55,-0.75,0.00,0.00,98,0,176,35.56,30.30,82.20,AMBULATING
11:38:40.390,-3.38,68.85,16.55,-0.75,0.00,0.00,98,0,177,35.56,30.30,82.20,AMBULATING
11:38:40.695,-3.38,68.85,16.55,-0.75,0.00,0.00,98,0,158,35.56,30.30,82.20,AMBULATING
11:38:40.929,-3.38,68.85,16.55,-0.75,0.00,0.00,98,0,138,35.56,30.30,82.20,AMBULATING
11:38:41.213,-3.38,68.85,16.55,-0.75,0.00,0.00,98,0,139,35.62,30.30,82.20,AMBULATING
11:38:41.515,-3.38,68.85,16.55,-0.75,0.00,0.00,98,0,140,35.62,30.30,82.20,AMBULATING
11:38:41.822,-3.38,68.85,16.55,-0.75,0.00,0.00,98,0,106,35.62,30.30,82.20,AMBULATING
11:38:42.068,-3.38,68.85,16.55,-0.75,0.00,0.00,98,0,29,35.62,30.30,82.20,AMBULATING
11:38:42.353,-3.38,68.85,16.55,-0.75,0.00,0.00,98,0,189,35.62,30.30,82.20,AMBULATING
11:38:42.641,-3.38,68.85,16.55,-0.75,0.00,0.00,98,0,171,35.62,30.30,82.20,AMBULATING
11:38:42.948,-3.38,68.85,16.55,-0.75,0.00,0.00,98,0,166,35.62,30.30,82.20,AMBULATING
11:38:43.256,-3.38,68.85,16.55,-0.75,0.00,0.00,98,0,156,35.62,30.30,82.20,AMBULATING
11:38:43.486,-3.38,68.85,16.55,-0.75,0.00,0.00,98,0,94,35.62,30.30,82.20,AMBULATING
11:38:43.776,-3.38,68.85,16.55,-0.75,0.00,0.00,98,0,158,35.62,30.30,82.20,AMBULATING
11:38:44.075,-3.38,68.85,16.55,-0.75,0.00,0.00,98,0,135,35.62,30.30,82.20,AMBULATING
11:38:44.382,-3.38,68.85,16.55,-0.75,0.00,0.00,98,0,164,35.62,30.30,82.20,AMBULATING
11:38:44.626,-3.38,68.85,16.55,-0.75,0.00,0.00,98,0,144,35.69,30.30,82.20,AMBULATING
11:38:44.910,-3.38,68.85,16.55,-0.75,0.00,0.00,98,0,161,35.69,30.30,82.20,AMBULATING
11:38:45.201,-3.38,68.85,16.55,-0.75,0.00,0.00,98,0,103,35.69,30.30,82.20,AMBULATING
11:38:45.509,-3.38,68.85,16.55,-0.75,0.00,0.00,98,0,113,35.69,30.30,82.20,AMBULATING
11:38:45.818,-3.38,68.85,16.55,-0.75,0.00,0.00,98,0,64,35.69,30.30,82.20,AMBULATING
11:38:46.050,-3.38,68.85,16.55,-0.75,0.00,0.00,98,0,112,35.69,30.30,82.20,AMBULATING
11:38:46.336,-3.38,68.85,16.55,-0.75,0.00,0.00,98,0,122,35.69,30.30,82.20,AMBULATING
11:38:46.635,-3.38,68.85,16.55,-0.75,0.00,0.00,98,0,121,35.69,30.30,82.20,AMBULATING
11:38:46.944,-3.38,68.85,16.55,-0.75,0.00,0.00,98,0,165,35.69,30.30,82.20,AMBULATING
11:38:47.185,-3.38,68.85,16.55,-0.75,0.00,0.00,98,0,111,35.75,30.30,82.20,AMBULATING
11:38:47.469,-3.38,68.85,16.55,-0.75,0.00,0.00,98,0,173,35.75,30.30,82.20,AMBULATING
11:38:47.762,-3.38,68.85,16.55,-0.75,0.00,0.00,98,0,166,35.75,30.30,82.20,AMBULATING
11:38:48.068,-3.38,68.85,16.55,-0.75,0.00,0.00,98,0,176,35.75,30.30,82.20,AMBULATING
11:38:48.376,-3.38,68.85,16.55,-0.75,0.00,0.00,98,0,145,35.75,30.30,82.10,AMBULATING
11:38:48.608,-3.38,68.85,16.55,-0.75,0.00,0.00,98,0,128,35.75,30.30,82.10,AMBULATING
11:38:48.892,-3.38,68.85,16.55,-0.75,0.00,0.00,98,0,147,35.75,30.30,82.10,AMBULATING
11:38:49.195,-3.38,68.85,16.55,-0.75,0.00,0.00,98,0,128,35.75,30.30,82.10,AMBULATING
11:38:49.503,-3.38,68.85,16.55,-0.75,0.00,0.00,98,0,90,35.75,30.30,82.10,AMBULATING
11:38:49.742,-3.38,68.85,16.55,-0.75,0.00,0.00,98,0,0,35.75,30.30,82.10,AMBULATING
11:38:50.029,-3.38,68.85,16.55,-0.75,0.00,0.00,98,0,176,35.75,30.30,82.10,AMBULATING
11:38:50.324,-3.38,68.85,16.55,-0.75,0.00,0.00,98,0,162,35.75,30.30,82.10,AMBULATING
11:38:50.629,-3.38,68.85,16.55,-0.75,0.00,0.00,98,0,144,35.75,30.30,81.90,AMBULATING
11:38:50.936,-3.38,68.85,16.55,-0.75,0.00,0.00,98,0,144,35.75,30.30,81.90,AMBULATING
11:38:51.167,-3.38,68.85,16.55,-0.75,0.00,0.00,98,0,133,35.75,30.30,81.90,AMBULATING
11:38:51.451,-3.38,68.85,16.55,-0.75,0.00,0.00,98,0,137,35.75,30.30,81.90,AMBULATING
11:38:51.755,-3.38,68.85,16.55,-0.75,0.00,0.00,98,0,153,35.75,30.30,81.90,AMBULATING
11:38:52.062,-3.38,68.85,16.55,-0.75,0.00,0.00,98,0,151,35.75,30.30,81.90,AMBULATING
11:38:52.301,-3.38,68.85,16.55,-0.75,0.00,0.00,98,0,138,35.81,30.30,81.90,AMBULATING
11:38:52.585,-3.38,68.85,16.55,-0.75,0.00,0.00,98,0,129,35.81,30.30,81.90,AMBULATING
11:38:52.883,-3.38,68.85,16.55,-0.75,0.00,0.00,98,0,131,35.81,30.30,81.90,AMBULATING
11:38:53.188,-3.38,68.85,16.55,-0.75,0.00,0.00,98,0,109,35.81,30.30,81.90,AMBULATING
11:38:53.496,-3.38,68.85,16.55,-0.75,0.00,0.00,98,0,43,35.81,30.30,81.90,AMBULATING
11:38:53.724,-3.38,68.85,16.55,-0.75,0.00,0.00,98,0,111,35.81,30.30,81.90,AMBULATING
11:38:54.009,-3.38,68.85,16.55,-0.75,0.00,0.00,98,0,146,35.81,30.30,81.90,AMBULATING
11:38:54.315,-3.38,68.85,16.55,-0.75,0.00,0.00,98,0,152,35.81,30.30,81.90,AMBULATING
11:38:54.623,-3.38,68.85,16.55,-0.75,0.00,0.00,98,0,138,35.81,30.30,81.90,AMBULATING
11:38:54.859,-3.38,68.85,16.55,-0.75,0.00,0.00,98,0,121,35.81,30.30,81.90,AMBULATING
11:38:55.148,-3.38,68.85,16.55,-0.75,0.00,0.00,98,0,160,35.81,30.30,81.80,AMBULATING
11:38:55.441,-3.38,68.85,16.55,-0.75,0.00,0.00,98,0,160,35.81,30.30,81.80,AMBULATING
11:38:55.749,-3.38,68.85,16.55,-0.75,0.00,0.00,98,0,144,35.81,30.30,81.80,AMBULATING
11:38:56.056,-3.38,68.85,16.55,-0.75,0.00,0.00,98,0,94,35.81,30.30,81.80,AMBULATING
11:38:56.282,-3.38,68.85,16.55,-0.75,0.00,0.00,98,0,108,35.81,30.30,81.80,AMBULATING
11:38:56.569,-3.38,68.85,16.55,-0.75,0.00,0.00,98,0,115,35.88,30.30,81.80,AMBULATING
11:38:56.877,-3.38,68.85,16.55,-0.75,0.00,0.00,98,0,106,35.88,30.30,81.80,AMBULATING
11:38:57.183,-3.38,68.85,16.55,-0.75,0.00,0.00,98,0,60,35.88,30.30,81.80,AMBULATING
11:38:57.420,-3.38,68.85,16.55,-0.75,0.00,0.00,98,0,0,35.88,30.30,81.70,AMBULATING
11:38:57.708,-3.38,68.85,16.55,-0.75,0.00,0.00,98,0,151,35.88,30.30,81.70,AMBULATING
11:38:58.004,-3.38,68.85,16.55,-0.75,0.00,0.00,98,0,137,35.88,30.30,81.70,AMBULATING
11:38:58.312,-3.38,68.85,16.55,-0.75,0.00,0.00,98,0,141,35.88,30.30,81.70,AMBULATING
11:38:58.555,-3.38,68.85,16.55,-0.75,0.00,0.00,98,0,128,35.88,30.30,81.70,AMBULATING
11:38:58.839,-3.38,68.85,16.55,-0.75,0.00,0.00,98,0,122,35.88,30.30,81.70,AMBULATING
11:38:59.573,-3.38,68.85,16.55,-0.75,0.00,0.00,98,0,160,35.88,30.30,81.70,AMBULATING
11:38:59.576,-3.38,68.85,16.55,-0.75,0.00,0.00,98,0,0,35.88,30.30,81.70,AMBULATING
11:38:59.746,-3.38,68.85,16.55,-0.75,0.00,0.00,98,0,0,35.88,30.30,81.80,AMBULATING
11:39:00.056,-3.38,68.85,16.55,-0.75,0.00,0.00,98,0,80,35.88,30.30,81.80,AMBULATING
11:39:00.266,-3.38,68.85,16.55,-0.75,0.00,0.00,98,0,96,35.88,30.30,81.80,AMBULATING
11:39:00.561,-3.38,68.85,16.55,-0.75,0.00,0.00,98,0,75,35.88,30.30,81.80,AMBULATING
11:39:00.869,-3.38,68.85,16.55,-0.75,0.00,0.00,98,0,80,35.88,30.30,81.80,AMBULATING
11:39:01.115,-3.38,68.85,16.55,-0.75,0.00,0.00,98,0,17,35.88,30.30,81.80,AMBULATING
11:39:01.401,-3.38,68.85,16.55,-0.75,0.00,0.00,98,0,144,35.88,30.30,81.80,AMBULATING
11:39:01.688,-3.38,68.85,16.55,-0.75,0.00,0.00,98,0,161,35.94,30.30,81.80,AMBULATING
11:39:01.996,-3.38,68.85,16.55,-0.75,0.00,0.00,98,0,159,35.94,30.30,81.70,AMBULATING
11:39:02.303,-3.38,68.85,16.55,-0.75,0.00,0.00,98,0,159,35.94,30.30,81.70,AMBULATING
11:39:02.538,-3.38,68.85,16.55,-0.75,0.00,0.00,98,0,148,36.00,30.30,81.70,AMBULATING
11:39:02.822,-3.38,68.85,16.55,-0.75,0.00,0.00,98,0,170,36.00,30.30,81.70,AMBULATING
11:39:03.121,-3.38,68.85,16.55,-0.75,0.00,0.00,98,0,163,36.00,30.30,81.70,AMBULATING
11:39:03.429,-3.38,68.85,16.55,-0.75,0.00,0.00,98,0,147,36.00,30.30,81.70,AMBULATING
11:39:03.673,-3.38,68.85,16.55,-0.75,0.00,0.00,98,0,167,36.00,30.30,81.70,AMBULATING
11:39:03.959,-3.38,68.85,16.55,-0.75,0.00,0.00,98,0,157,36.00,30.30,81.70,AMBULATING
11:39:04.247,-3.38,68.85,16.55,-0.75,0.00,0.00,98,0,135,35.94,30.30,82.00,AMBULATING
11:39:04.555,-3.38,68.85,16.55,-0.75,0.00,0.00,98,0,109,35.94,30.30,82.00,AMBULATING
11:39:04.864,-3.38,68.85,16.55,-0.75,0.00,0.00,98,0,83,35.94,30.30,82.00,AMBULATING
11:39:05.191,-3.38,68.85,16.55,-0.75,0.00,0.00,98,0,0,36.00,30.30,82.00,AMBULATING
11:39:05.380,-3.38,68.85,16.55,-0.75,0.00,0.00,98,0,59,36.00,30.30,82.00,AMBULATING
11:39:05.681,-3.38,68.85,16.55,-0.75,0.00,0.00,98,0,82,36.00,30.30,82.00,AMBULATING
11:39:05.990,-3.38,68.85,16.55,-0.75,0.00,0.00,98,0,106,36.00,30.30,82.00,AMBULATING
11:39:06.230,-3.38,68.85,16.55,-0.75,0.00,0.00,98,0,95,36.00,30.30,82.00,AMBULATING
11:39:06.519,-3.38,68.85,16.55,-0.75,0.00,0.00,98,0,144,36.00,30.30,81.90,AMBULATING
11:39:06.808,-3.38,68.85,16.55,-0.75,0.00,0.00,98,0,146,36.00,30.30,81.90,AMBULATING
11:39:07.115,-3.38,68.85,16.55,-0.75,0.00,0.00,98,0,130,36.00,30.30,81.90,AMBULATING
11:39:07.422,-3.38,68.85,16.55,-0.75,0.00,0.00,98,0,132,36.00,30.30,81.90,AMBULATING
11:39:07.654,-3.38,68.85,16.55,-0.75,0.00,0.00,98,0,96,35.94,30.30,81.90,AMBULATING
11:39:07.938,-3.38,68.85,16.55,-0.75,0.00,0.00,98,0,124,35.94,30.30,81.90,AMBULATING
11:39:08.241,-3.38,68.85,16.55,-0.75,0.00,0.00,98,0,101,35.94,30.30,81.90,AMBULATING
11:39:08.551,-3.38,68.85,16.55,-0.75,0.00,0.00,98,0,80,35.94,30.30,81.90,AMBULATING
11:39:08.795,-3.38,68.85,16.55,-0.75,0.00,0.00,98,0,0,35.94,30.30,82.00,AMBULATING
11:39:09.080,-3.38,68.85,16.55,-0.75,0.00,0.00,98,0,131,35.94,30.30,82.00,AMBULATING
11:39:09.368,-3.38,68.85,16.55,-0.75,0.00,0.00,98,0,144,35.94,30.30,82.00,AMBULATING
11:39:09.677,-3.38,68.85,16.55,-0.75,0.00,0.00,98,0,145,35.94,30.30,82.00,AMBULATING
11:39:09.982,-3.38,68.85,16.55,-0.75,0.00,0.00,98,0,95,35.94,30.30,82.00,AMBULATING
11:39:10.217,-3.38,68.85,16.55,-0.75,0.00,0.00,98,0,113,35.94,30.30,82.00,AMBULATING
11:39:10.497,-3.38,68.85,16.55,-0.75,0.00,0.00,98,0,133,35.94,30.30,82.00,AMBULATING
11:39:10.801,-3.38,68.85,16.55,-0.75,0.00,0.00,98,0,144,35.94,30.30,82.00,AMBULATING
11:39:11.109,-3.38,68.85,16.55,-0.75,0.00,0.00,98,0,123,35.94,30.30,81.90,AMBULATING
11:39:11.352,-3.38,68.85,16.55,-0.75,0.00,0.00,98,0,114,35.94,30.30,81.90,AMBULATING
11:39:11.636,-3.38,68.85,16.55,-0.75,0.00,0.00,98,0,127,35.94,30.30,81.90,AMBULATING
11:39:11.928,-3.38,68.85,16.55,-0.75,0.00,0.00,98,0,118,35.94,30.30,81.90,AMBULATING
11:39:12.236,-3.38,68.85,16.55,-0.75,0.00,0.00,98,0,87,35.94,30.30,81.90,AMBULATING
11:39:12.542,-3.38,68.85,16.55,-0.75,0.00,0.00,98,0,46,35.94,30.30,81.90,AMBULATING
11:39:12.770,-3.38,68.85,16.55,-0.75,0.00,0.00,98,0,87,35.94,30.30,81.90,AMBULATING
11:39:13.055,-3.38,68.85,16.55,-0.75,0.00,0.00,98,0,139,35.94,30.30,81.90,AMBULATING
11:39:13.362,-3.38,68.85,16.55,-0.75,0.00,0.00,98,0,96,35.94,30.30,81.90,AMBULATING
11:39:13.669,-3.38,68.85,16.55,-0.75,0.00,0.00,98,0,118,35.94,30.30,81.90,AMBULATING
11:39:13.910,-3.38,68.85,16.55,-0.75,0.00,0.00,98,0,117,35.94,30.30,81.90,AMBULATING
11:39:14.194,-3.38,68.85,16.55,-0.75,0.00,0.00,98,0,129,35.94,30.30,81.90,AMBULATING
11:39:14.489,-3.38,68.85,16.55,-0.75,0.00,0.00,98,0,144,35.94,30.30,81.90,AMBULATING
11:39:14.795,-3.38,68.85,16.55,-0.75,0.00,0.00,98,0,122,35.94,30.30,81.90,AMBULATING
11:39:15.102,-3.38,68.85,16.55,-0.75,0.00,0.00,98,0,112,35.94,30.30,81.90,AMBULATING
11:39:15.329,-3.38,68.85,16.55,-0.75,0.00,0.00,98,0,108,36.00,30.30,81.90,AMBULATING
11:39:15.616,-3.38,68.85,16.55,-0.75,0.00,0.00,98,0,112,36.00,30.30,81.80,AMBULATING
11:39:15.922,-3.38,68.85,16.55,-0.75,0.00,0.00,98,0,101,36.00,30.30,81.80,AMBULATING
11:39:16.229,-3.38,68.85,16.55,-0.75,0.00,0.00,98,0,50,36.00,30.30,81.80,AMBULATING
11:39:16.467,-3.38,68.85,16.55,-0.75,0.00,0.00,98,0,0,36.00,30.30,81.80,AMBULATING
11:39:16.752,-3.38,68.85,16.55,-0.75,0.00,0.00,98,0,129,36.00,30.30,81.80,AMBULATING
11:39:17.048,-3.38,68.85,16.55,-0.75,0.00,0.00,98,0,130,36.00,30.30,81.80,AMBULATING
11:39:17.355,-3.38,68.85,16.55,-0.75,0.00,0.00,98,0,117,36.00,30.30,81.80,AMBULATING
11:39:17.603,-3.38,68.85,16.55,-0.75,0.00,0.00,98,0,100,36.00,30.30,81.80,AMBULATING
11:39:17.892,-3.38,68.85,16.55,-0.75,0.00,0.00,98,0,131,36.00,30.20,81.90,AMBULATING
11:39:18.176,-3.38,68.85,16.55,-0.75,0.00,0.00,98,0,164,36.00,30.20,81.90,AMBULATING
11:39:18.484,-3.38,68.85,16.55,-0.75,0.00,0.00,98,0,145,36.00,30.20,81.90,AMBULATING
11:39:18.790,-3.38,68.85,16.55,-0.75,0.00,0.00,98,0,27,36.00,30.20,81.90,AMBULATING
11:39:19.028,-3.38,68.85,16.55,-0.75,0.00,0.00,98,0,103,36.00,30.20,81.90,AMBULATING
11:39:19.313,-3.38,68.85,16.55,-0.75,0.00,0.00,98,0,119,36.00,30.20,81.90,AMBULATING
11:39:19.611,-3.38,68.85,16.55,-0.75,0.00,0.00,98,0,112,36.00,30.20,81.90,AMBULATING
11:39:19.915,-3.38,68.85,16.55,-0.75,0.00,0.00,98,0,35,36.00,30.20,81.90,AMBULATING
11:39:20.223,-3.38,68.85,16.55,-0.75,0.00,0.00,98,0,16,36.00,30.20,82.00,AMBULATING
11:39:20.530,-3.38,68.85,16.55,-0.75,0.00,0.00,98,0,80,36.00,30.20,82.00,AMBULATING
11:39:20.733,-3.38,68.85,16.55,-0.75,0.00,0.00,98,0,50,36.00,30.20,82.00,AMBULATING
11:39:21.041,-3.38,68.85,16.55,-0.75,0.00,0.00,98,0,77,36.00,30.20,82.00,AMBULATING
11:39:21.349,-3.38,68.85,16.55,-0.75,0.00,0.00,98,0,112,36.06,30.20,82.00,AMBULATING
11:39:21.586,-3.38,68.85,16.55,-0.75,0.00,0.00,98,0,94,36.06,30.20,82.00,AMBULATING
11:39:21.867,-3.38,68.85,16.55,-0.75,0.00,0.00,98,0,124,36.06,30.20,82.00,AMBULATING
11:39:22.168,-3.38,68.85,16.55,-0.75,0.00,0.00,98,0,141,36.06,30.20,82.00,AMBULATING
11:39:22.475,-3.38,68.85,16.55,-0.75,0.00,0.00,98,0,90,36.06,30.20,82.20,AMBULATING
11:39:22.723,-3.38,68.85,16.55,-0.75,0.00,0.00,98,0,74,36.06,30.20,82.20,AMBULATING
11:39:23.030,-3.38,68.85,16.55,-0.75,0.00,0.00,98,0,86,36.06,30.20,82.20,AMBULATING
11:39:23.294,-3.38,68.85,16.55,-0.75,0.00,0.00,98,0,107,36.06,30.20,82.20,AMBULATING
11:39:23.601,-3.38,68.85,16.55,-0.75,0.00,0.00,98,0,97,36.06,30.20,82.20,AMBULATING
11:39:23.910,-3.38,68.85,16.55,-0.75,0.00,0.00,98,0,56,36.06,30.20,82.20,AMBULATING
11:39:24.143,-3.38,68.85,16.55,-0.75,0.00,0.00,98,0,0,36.06,30.20,82.20,AMBULATING
11:39:24.427,-3.38,68.85,16.55,-0.75,0.00,0.00,98,0,104,36.06,30.20,82.20,AMBULATING
11:39:24.728,-3.38,68.85,16.55,-0.75,0.00,0.00,98,0,125,36.06,30.30,82.50,AMBULATING
11:39:25.035,-3.38,68.85,16.55,-0.75,0.00,0.00,98,0,87,36.06,30.30,82.50,AMBULATING
11:39:25.283,-3.38,68.85,16.55,-0.75,0.00,0.00,98,0,112,36.06,30.30,82.50,AMBULATING
11:39:25.569,-3.38,68.85,16.55,-0.75,0.00,0.00,98,0,119,36.06,30.30,82.50,AMBULATING
11:39:25.854,-3.38,68.85,16.55,-0.75,0.00,0.00,98,0,96,36.06,30.30,82.50,AMBULATING
11:39:26.161,-3.38,68.85,16.55,-0.75,0.00,0.00,98,0,155,36.06,30.30,82.50,AMBULATING
11:39:26.469,-3.38,68.85,16.55,-0.75,0.00,0.00,98,0,97,36.00,30.30,82.50,AMBULATING
11:39:26.700,-3.38,68.85,16.55,-0.75,0.00,0.00,98,0,67,36.00,30.30,82.50,AMBULATING
11:39:26.989,-3.38,68.85,16.55,-0.75,0.00,0.00,98,0,118,36.00,30.30,82.60,AMBULATING
11:39:27.288,-3.38,68.85,16.55,-0.75,0.00,0.00,98,0,106,36.00,30.30,82.60,AMBULATING
11:39:27.596,-3.38,68.85,16.55,-0.75,0.00,0.00,98,0,80,36.00,30.30,82.60,AMBULATING
11:39:27.840,-3.38,68.85,16.55,-0.75,0.00,0.00,98,0,0,36.00,30.30,82.60,AMBULATING
11:39:28.125,-3.38,68.85,16.55,-0.75,0.00,0.00,98,0,95,35.94,30.30,82.60,AMBULATING
11:39:28.417,-3.38,68.85,16.55,-0.75,0.00,0.00,98,0,90,35.94,30.30,82.60,AMBULATING
11:39:28.721,-3.38,68.85,16.55,-0.75,0.00,0.00,98,0,116,35.94,30.30,82.60,AMBULATING
11:39:29.029,-3.38,68.85,16.55,-0.75,0.00,0.00,98,0,126,35.88,30.30,82.60,AMBULATING
11:39:29.264,-3.38,68.85,16.55,-0.75,0.00,0.00,98,0,104,35.88,30.20,82.60,AMBULATING
11:39:29.550,-3.38,68.85,16.55,-0.75,0.00,0.00,98,0,119,35.88,30.20,82.60,AMBULATING
11:39:29.848,-3.38,68.85,16.55,-0.75,0.00,0.00,98,0,149,35.88,30.20,82.60,AMBULATING
11:39:30.155,-3.38,68.85,16.55,-0.75,0.00,0.00,98,0,126,35.88,30.20,82.60,AMBULATING
11:39:30.400,-3.38,68.85,16.55,-0.75,0.00,0.00,98,0,98,35.88,30.20,82.60,AMBULATING
11:39:30.684,-3.38,68.85,16.55,-0.75,0.00,0.00,98,0,96,35.81,30.20,82.60,AMBULATING
11:39:30.974,-3.38,68.85,16.55,-0.75,0.00,0.00,98,0,89,35.81,30.20,82.60,AMBULATING
11:39:31.282,-3.38,68.85,16.55,-0.75,0.00,0.00,98,0,80,35.81,30.20,82.60,AMBULATING
11:39:31.589,-3.38,68.85,16.55,-0.75,0.00,0.00,98,0,54,35.81,30.30,82.60,AMBULATING
11:39:31.825,-3.38,68.85,16.55,-0.75,0.00,0.00,98,0,0,35.81,30.30,82.60,AMBULATING
11:39:32.108,-3.38,68.85,16.55,-0.75,0.00,0.00,98,0,140,35.81,30.30,82.60,AMBULATING
11:39:32.408,-3.38,68.85,16.55,-0.75,0.00,0.00,98,0,97,35.75,30.30,82.60,AMBULATING
11:39:32.716,-3.38,68.85,16.55,-0.75,0.00,0.00,98,0,102,35.75,30.30,82.60,AMBULATING
11:39:32.958,-3.38,68.85,16.55,-0.75,0.00,0.00,98,0,110,35.75,30.30,82.60,AMBULATING
11:39:33.242,-3.38,68.85,16.55,-0.75,0.00,0.00,98,0,156,35.75,30.30,82.60,AMBULATING
11:39:33.534,-3.38,68.85,16.55,-0.75,0.00,0.00,98,0,109,35.75,30.30,82.60,AMBULATING
11:39:33.841,-3.38,68.85,16.55,-0.75,0.00,0.00,98,0,100,35.75,30.30,82.70,AMBULATING
11:39:34.147,-3.38,68.85,16.55,-0.75,0.00,0.00,98,0,90,35.69,30.30,82.70,AMBULATING
11:39:34.381,-3.38,68.85,16.55,-0.75,0.00,0.00,98,0,112,35.69,30.30,82.70,AMBULATING
11:39:34.665,-3.38,68.85,16.55,-0.75,0.00,0.00,98,0,123,35.69,30.30,82.70,AMBULATING
11:39:34.967,-3.38,68.85,16.55,-0.75,0.00,0.00,98,0,64,35.62,30.30,82.70,AMBULATING
11:39:35.276,-3.38,68.85,16.55,-0.75,0.00,0.00,98,0,46,35.62,30.30,82.70,AMBULATING
11:39:35.518,-3.38,68.85,16.55,-0.75,0.00,0.00,98,0,0,35.62,30.30,82.70,AMBULATING
11:39:35.801,-3.38,68.85,16.55,-0.75,0.00,0.00,98,0,107,35.56,30.30,82.70,AMBULATING
11:39:36.094,-3.38,68.85,16.55,-0.75,0.00,0.00,98,0,98,35.56,30.30,82.70,AMBULATING
11:39:36.405,-3.38,68.85,16.55,-0.75,0.00,0.00,98,0,128,35.56,30.30,82.70,AMBULATING
11:39:36.713,-3.38,68.85,16.55,-0.75,0.00,0.00,98,0,84,35.50,30.30,82.70,AMBULATING
11:39:37.016,-3.38,68.85,16.55,-0.75,0.00,0.00,98,0,71,35.50,30.30,82.70,AMBULATING
11:39:37.225,-3.38,68.85,16.55,-0.75,0.00,0.00,98,0,58,35.50,30.30,82.70,AMBULATING
11:39:37.528,-3.38,68.85,16.55,-0.75,0.00,0.00,98,0,85,35.44,30.30,82.70,GRAZING
11:39:37.836,-3.38,68.85,16.55,-0.75,0.00,0.00,98,0,111,35.44,30.30,82.70,GRAZING
11:39:38.075,-3.38,68.85,16.55,-0.75,0.00,0.00,98,0,102,35.44,30.30,82.70,GRAZING
11:39:38.364,-3.38,68.85,16.55,-0.75,0.00,0.00,98,0,89,35.38,30.30,82.70,AMBULATING
11:39:38.654,-3.38,68.85,16.55,-0.75,0.00,0.00,98,0,75,35.38,30.30,82.70,AMBULATING
11:39:38.961,-3.38,68.85,16.55,-0.75,0.00,0.00,98,0,64,35.38,30.30,82.70,AMBULATING
11:39:39.293,-3.38,68.85,16.55,-0.75,0.00,0.00,98,0,35,35.31,30.30,82.70,ANOMALY
11:39:39.500,-3.38,68.85,16.55,-0.75,0.00,0.00,98,0,47,35.31,30.30,82.70,ANOMALY
11:39:39.783,-3.38,68.85,16.55,-0.75,0.00,0.00,98,0,123,35.31,30.30,82.70,ANOMALY
11:39:40.088,-3.38,68.85,16.55,-0.75,0.00,0.00,98,0,126,35.31,30.30,82.70,ANOMALY
11:39:40.395,-3.38,68.85,16.55,-0.75,0.00,0.00,98,0,77,35.31,30.30,82.70,ANOMALY
11:39:40.637,-3.38,68.85,16.55,-0.75,0.00,0.00,98,0,63,35.31,30.30,82.70,ANOMALY
11:39:40.921,-3.38,68.85,16.55,-0.75,0.00,0.00,98,0,134,35.31,30.30,82.70,ANOMALY
11:39:41.214,-3.38,68.85,16.55,-0.75,0.00,0.00,98,0,101,35.31,30.30,82.70,ANOMALY
11:39:41.521,-3.38,68.85,16.55,-0.75,0.00,0.00,98,0,128,35.31,30.30,82.70,ANOMALY
11:39:41.834,-3.38,68.85,16.55,-0.75,0.00,0.00,98,0,114,35.31,30.30,82.70,ANOMALY
11:39:42.061,-3.38,68.85,16.55,-0.75,0.00,0.00,98,0,98,35.31,30.30,82.70,ANOMALY
11:39:42.340,-3.38,68.85,16.55,-0.75,0.00,0.00,98,0,102,35.31,30.30,82.70,ANOMALY
11:39:42.667,-3.38,68.85,16.55,-0.75,0.00,0.00,98,0,93,35.25,30.30,82.70,ANOMALY
11:39:42.955,-3.38,68.85,16.55,-0.75,0.00,0.00,98,0,25,35.25,30.30,82.90,ANOMALY
11:39:43.198,-3.38,68.85,16.55,-0.75,0.00,0.00,98,0,0,35.25,30.30,82.90,ANOMALY
11:39:43.482,-3.38,68.85,16.55,-0.75,0.00,0.00,98,0,103,35.25,30.30,82.90,ANOMALY
11:39:43.774,-3.38,68.85,16.55,-0.75,0.00,0.00,98,0,95,35.25,30.30,82.90,ANOMALY
11:39:44.081,-3.38,68.85,16.55,-0.75,0.00,0.00,98,0,121,35.25,30.30,82.90,ANOMALY
11:39:44.389,-3.38,68.85,16.55,-0.75,0.00,0.00,98,0,114,35.25,30.30,82.90,ANOMALY
11:39:44.614,-3.38,68.85,16.55,-0.75,0.00,0.00,98,0,80,35.25,30.30,82.90,ANOMALY
11:39:44.899,-3.38,68.85,16.55,-0.75,0.00,0.00,98,0,102,35.25,30.30,82.90,ANOMALY
11:39:45.208,-3.38,68.85,16.55,-0.75,0.00,0.00,98,0,82,35.31,30.30,83.00,ANOMALY
11:39:45.515,-3.38,68.85,16.55,-0.75,0.00,0.00,98,0,112,35.31,30.30,83.00,ANOMALY
11:39:45.752,-3.38,68.85,16.55,-0.75,0.00,0.00,98,0,98,35.31,30.30,83.00,ANOMALY
11:39:46.036,-3.38,68.85,16.55,-0.75,0.00,0.00,98,0,105,35.31,30.30,83.00,ANOMALY
11:39:46.334,-3.38,68.85,16.55,-0.75,0.00,0.00,98,0,85,35.31,30.30,83.00,ANOMALY
11:39:46.642,-3.38,68.85,16.55,-0.75,0.00,0.00,98,0,57,35.31,30.30,83.00,ANOMALY
11:39:46.888,-3.38,68.85,16.55,-0.75,0.00,0.00,98,0,10,35.31,30.30,83.00,ANOMALY
11:39:47.172,-3.38,68.85,16.55,-0.75,0.00,0.00,98,0,87,35.31,30.30,83.00,ANOMALY
11:39:47.463,-3.38,68.85,16.55,-0.75,0.00,0.00,98,0,92,35.31,30.30,83.20,ANOMALY
11:39:47.768,-3.38,68.85,16.55,-0.75,0.00,0.00,98,0,90,35.31,30.30,83.20,ANOMALY
11:39:48.075,-3.38,68.85,16.55,-0.75,0.00,0.00,98,0,76,35.31,30.30,83.20,ANOMALY
11:39:48.316,-3.38,68.85,16.55,-0.75,0.00,0.00,98,0,61,35.31,30.30,83.20,ANOMALY
11:39:48.600,-3.38,68.85,16.55,-0.75,0.00,0.00,98,0,139,35.31,30.30,83.20,ANOMALY
11:39:48.896,-3.38,68.85,16.55,-0.75,0.00,0.00,98,0,96,35.31,30.30,83.20,ANOMALY
11:39:49.201,-3.38,68.85,16.55,-0.75,0.00,0.00,98,0,86,35.31,30.30,83.20,ANOMALY
11:39:49.447,-3.38,68.85,16.55,-0.75,0.00,0.00,98,0,86,35.31,30.30,83.20,ANOMALY
11:39:49.736,-3.38,68.85,16.55,-0.75,0.00,0.00,98,0,80,35.31,30.30,83.30,ANOMALY
11:39:50.020,-3.38,68.85,16.55,-0.75,0.00,0.00,98,0,94,35.31,30.30,83.30,ANOMALY
11:39:50.328,-3.38,68.85,16.55,-0.75,0.00,0.00,98,0,74,35.31,30.30,83.30,ANOMALY
11:39:50.641,-3.38,68.85,16.55,-0.75,0.00,0.00,98,0,63,35.31,30.30,83.30,ANOMALY
11:39:50.874,-3.38,68.85,16.55,-0.75,0.00,0.00,98,0,0,35.31,30.30,83.30,ANOMALY
11:39:51.261,-3.38,68.85,16.55,-0.75,0.00,0.00,98,0,226,35.31,30.30,83.30,ANOMALY
11:39:51.567,-3.38,68.85,16.55,-0.75,0.00,0.00,98,0,67,35.31,30.30,83.30,ANOMALY
11:39:51.761,-3.38,68.85,16.55,-0.75,0.00,0.00,98,0,0,35.31,30.30,83.30,ANOMALY
11:39:52.009,-3.38,68.85,16.55,-0.75,0.00,0.00,98,0,118,35.31,30.30,83.50,ANOMALY
11:39:52.306,-3.38,68.85,16.55,-0.75,0.00,0.00,98,0,144,35.31,30.30,83.50,ANOMALY
11:39:52.580,-3.38,68.85,16.55,-0.75,0.00,0.00,98,0,121,35.31,30.30,83.50,ANOMALY
11:39:52.888,-3.38,68.85,16.55,-0.75,0.00,0.00,98,0,107,35.31,30.30,83.50,ANOMALY
11:39:53.195,-3.38,68.85,16.55,-0.75,0.00,0.00,98,0,96,35.31,30.30,83.50,ANOMALY
11:39:53.426,-3.38,68.85,16.55,-0.75,0.00,0.00,98,0,63,35.31,30.30,83.50,ANOMALY
11:39:53.710,-3.38,68.85,16.55,-0.75,0.00,0.00,98,0,64,35.38,30.30,83.50,ANOMALY
11:39:54.014,-3.38,68.85,16.55,-0.75,0.00,0.00,98,0,93,35.38,30.30,83.50,ANOMALY
11:39:54.321,-3.38,68.85,16.55,-0.75,0.00,0.00,98,0,80,35.38,30.30,83.70,ANOMALY
11:39:54.565,-3.38,68.85,16.55,-0.75,0.00,0.00,98,0,0,35.38,30.30,83.70,ANOMALY
11:39:54.850,-3.38,68.85,16.55,-0.75,0.00,0.00,98,0,126,35.38,30.30,83.70,ANOMALY
11:39:55.143,-3.38,68.85,16.55,-0.75,0.00,0.00,98,0,97,35.38,30.30,83.70,ANOMALY
11:39:55.450,-3.38,68.85,16.55,-0.75,0.00,0.00,98,0,130,35.31,30.30,83.70,ANOMALY
11:39:55.755,-3.38,68.85,16.55,-0.75,0.00,0.00,98,0,115,35.31,30.30,83.70,ANOMALY
11:39:55.984,-3.38,68.85,16.55,-0.75,0.00,0.00,98,0,80,35.31,30.30,83.70,ANOMALY
11:39:56.271,-3.38,68.85,16.55,-0.75,0.00,0.00,98,0,101,35.25,30.30,83.70,ANOMALY
11:39:56.574,-3.38,68.85,16.55,-0.75,0.00,0.00,98,0,87,35.25,30.30,83.60,ANOMALY
11:39:56.892,-3.38,68.85,16.55,-0.75,0.00,0.00,98,0,124,35.25,30.30,83.60,ANOMALY
11:39:57.123,-3.38,68.85,16.55,-0.75,0.00,0.00,98,0,75,35.19,30.30,83.60,ANOMALY
11:39:57.407,-3.38,68.85,16.55,-0.75,0.00,0.00,98,0,101,35.19,30.30,83.60,ANOMALY
11:39:57.701,-3.38,68.85,16.55,-0.75,0.00,0.00,98,0,112,35.19,30.30,83.60,ANOMALY
11:39:58.008,-3.38,68.85,16.55,-0.75,0.00,0.00,98,0,59,35.19,30.30,83.60,ANOMALY
11:39:58.317,-3.38,68.85,16.55,-0.75,0.00,0.00,98,0,13,35.19,30.30,83.60,ANOMALY
11:39:58.544,-3.38,68.85,16.55,-0.75,0.00,0.00,98,0,46,35.19,30.30,83.60,ANOMALY
11:39:58.834,-3.38,68.85,16.55,-0.75,0.00,0.00,98,0,112,35.19,30.30,83.20,ANOMALY
11:39:59.136,-3.38,68.85,16.55,-0.75,0.00,0.00,98,0,123,35.19,30.30,83.20,ANOMALY
11:39:59.441,-3.38,68.85,16.55,-0.75,0.00,0.00,98,0,112,35.19,30.30,83.20,ANOMALY
11:39:59.681,-3.38,68.85,16.55,-0.75,0.00,0.00,98,0,106,35.19,30.30,83.20,ANOMALY
11:39:59.965,-3.38,68.85,16.55,-0.75,0.00,0.00,98,0,108,35.19,30.30,83.20,ANOMALY
11:40:00.262,-3.38,68.85,16.55,-0.75,0.00,0.00,98,0,139,35.19,30.30,83.20,ANOMALY
11:40:00.568,-3.38,68.85,16.55,-0.75,0.00,0.00,98,0,98,35.12,30.30,83.20,ANOMALY
11:40:00.816,-3.38,68.85,16.55,-0.75,0.00,0.00,98,0,107,35.12,30.30,83.20,ANOMALY
11:40:01.105,-3.38,68.85,16.55,-0.75,0.00,0.00,98,0,124,35.12,30.30,82.90,ANOMALY
11:40:01.389,-3.38,68.85,16.55,-0.75,0.00,0.00,98,0,85,35.12,30.30,82.90,ANOMALY
11:40:01.694,-3.38,68.85,16.55,-0.75,0.00,0.00,98,0,85,35.12,30.30,82.90,ANOMALY
11:40:02.003,-3.38,68.85,16.55,-0.75,0.00,0.00,98,0,43,35.12,30.30,82.90,ANOMALY
11:40:02.239,-3.38,68.85,16.55,-0.75,0.00,0.00,98,0,0,35.06,30.30,82.90,ANOMALY
11:40:02.525,-3.38,68.85,16.55,-0.75,0.00,0.00,98,0,128,35.06,30.30,82.90,ANOMALY
11:40:02.820,-3.38,68.85,16.55,-0.75,0.00,0.00,98,0,96,35.06,30.30,82.90,ANOMALY
11:40:03.129,-3.38,68.85,16.55,-0.75,0.00,0.00,98,0,128,35.00,30.30,82.90,ANOMALY
11:40:03.435,-3.38,68.85,16.55,-0.75,0.00,0.00,98,0,77,35.00,30.30,82.80,ANOMALY
11:40:03.664,-3.38,68.85,16.55,-0.75,0.00,0.00,98,0,70,35.00,30.30,82.80,ANOMALY
11:40:03.947,-3.38,68.85,16.55,-0.75,0.00,0.00,98,0,101,35.00,30.30,82.80,ANOMALY
11:40:04.269,-3.38,68.85,16.55,-0.75,0.00,0.00,98,0,118,35.00,30.30,82.80,ANOMALY
11:40:04.566,-3.38,68.85,16.55,-0.75,0.00,0.00,98,0,114,35.00,30.30,82.80,ANOMALY
11:40:04.868,-3.38,68.85,16.55,-0.75,0.00,0.00,98,0,110,34.94,30.30,82.80,ANOMALY
11:40:05.190,-3.38,68.85,16.55,-0.75,0.00,0.00,98,0,69,34.94,30.30,82.80,ANOMALY
11:40:05.382,-3.38,68.85,16.55,-0.75,0.00,0.00,98,0,0,34.94,30.30,82.80,ANOMALY
11:40:05.689,-3.38,68.85,16.55,-0.75,0.00,0.00,98,0,51,34.94,30.30,82.60,ANOMALY
11:40:05.995,-3.38,68.85,16.55,-0.75,0.00,0.00,98,0,27,34.94,30.30,82.60,ANOMALY
11:40:06.303,-3.38,68.85,16.55,-0.75,0.00,0.00,98,0,41,34.94,30.30,82.60,ANOMALY
11:40:06.616,-3.38,68.85,16.55,-0.75,0.00,0.00,98,0,27,34.88,30.30,82.60,ANOMALY
11:40:06.815,-3.38,68.85,16.55,-0.75,0.00,0.00,98,0,27,34.88,30.30,82.60,ANOMALY
11:40:07.123,-3.38,68.85,16.55,-0.75,0.00,0.00,98,0,80,34.88,30.30,82.60,ANOMALY
11:40:07.357,-3.38,68.85,16.55,-0.75,0.00,0.00,98,0,79,34.81,30.30,82.60,ANOMALY
11:40:07.641,-3.38,68.85,16.55,-0.75,0.00,0.00,98,0,80,34.81,30.30,82.60,ANOMALY
11:40:07.940,-3.38,68.85,16.55,-0.75,0.00,0.00,98,0,81,34.81,30.30,82.60,ANOMALY
11:40:08.248,-3.38,68.85,16.55,-0.75,0.00,0.00,98,0,80,34.75,30.30,82.60,ANOMALY
11:40:08.555,-3.38,68.85,16.55,-0.75,0.00,0.00,98,0,92,34.75,30.30,82.60,ANOMALY
11:40:09.024,-3.38,68.85,16.55,-0.75,0.00,0.00,98,0,80,34.75,30.30,82.60,ANOMALY
11:40:09.067,-3.38,68.85,16.55,-0.75,0.00,0.00,98,0,96,34.69,30.30,82.60,ANOMALY
11:40:09.375,-3.38,68.85,16.55,-0.75,0.00,0.00,98,0,51,34.69,30.30,82.60,ANOMALY
11:40:09.681,-3.38,68.85,16.55,-0.75,0.00,0.00,98,0,43,34.69,30.30,82.60,ANOMALY
11:40:09.915,-3.38,68.85,16.55,-0.75,0.00,0.00,98,0,0,34.69,30.30,82.60,ANOMALY
11:40:10.205,-3.38,68.85,16.55,-0.75,0.00,0.00,98,0,80,34.69,30.30,82.50,ANOMALY
11:40:10.500,-3.38,68.85,16.55,-0.75,0.00,0.00,98,0,80,34.69,30.30,82.50,ANOMALY
11:40:10.808,-3.38,68.85,16.55,-0.75,0.00,0.00,98,0,77,34.62,30.30,82.50,ANOMALY
11:40:11.080,-3.38,68.85,16.55,-0.75,0.00,0.00,98,0,67,34.62,30.30,82.50,ANOMALY
11:40:11.339,-3.38,68.85,16.55,-0.75,0.00,0.00,98,0,125,34.62,30.30,82.50,ANOMALY
11:40:11.627,-3.38,68.85,16.55,-0.75,0.00,0.00,98,0,103,34.62,30.30,82.50,ANOMALY
11:40:11.934,-3.38,68.85,16.55,-0.75,0.00,0.00,98,0,85,34.62,30.30,82.50,ANOMALY
11:40:12.241,-3.38,68.85,16.55,-0.75,0.00,0.00,98,0,79,34.62,30.30,82.50,ANOMALY
11:40:12.478,-3.38,68.85,16.55,-0.75,0.00,0.00,98,0,61,34.56,30.30,82.40,ANOMALY
11:40:12.762,-3.38,68.85,16.55,-0.75,0.00,0.00,98,0,75,34.56,30.30,82.40,ANOMALY
11:40:13.061,-3.38,68.85,16.55,-0.75,0.00,0.00,98,0,85,34.56,30.30,82.40,ANOMALY
11:40:13.369,-3.38,68.85,16.55,-0.75,0.00,0.00,98,0,64,34.50,30.30,82.40,ANOMALY
11:40:13.613,-3.38,68.85,16.55,-0.75,0.00,0.00,98,0,0,34.50,30.30,82.40,ANOMALY
11:40:13.900,-3.38,68.85,16.55,-0.75,0.00,0.00,98,0,84,34.50,30.30,82.40,ANOMALY
11:40:14.188,-3.38,68.85,16.55,-0.75,0.00,0.00,98,0,109,34.44,30.30,82.40,ANOMALY
11:40:14.494,-3.38,68.85,16.55,-0.75,0.00,0.00,98,0,112,34.44,30.30,82.40,ANOMALY
11:40:14.804,-3.38,68.85,16.55,-0.75,0.00,0.00,98,0,99,34.44,30.30,82.20,ANOMALY
11:40:15.038,-3.38,68.85,16.55,-0.75,0.00,0.00,98,0,58,34.38,30.30,82.20,ANOMALY
11:40:15.322,-3.38,68.85,16.55,-0.75,0.00,0.00,98,0,90,34.38,30.30,82.20,ANOMALY
11:40:15.620,-3.38,68.85,16.55,-0.75,0.00,0.00,98,0,106,34.38,30.30,82.20,ANOMALY
11:40:15.928,-3.38,68.85,16.55,-0.75,0.00,0.00,98,0,105,34.31,30.30,82.20,ANOMALY
11:40:16.172,-3.38,68.85,16.55,-0.75,0.00,0.00,98,0,86,34.31,30.30,82.20,ANOMALY
11:40:16.456,-3.38,68.85,16.55,-0.75,0.00,0.00,98,0,72,34.31,30.30,82.20,ANOMALY
11:40:16.749,-3.38,68.85,16.55,-0.75,0.00,0.00,98,0,58,34.25,30.30,82.20,ANOMALY
11:40:17.054,-3.38,68.85,16.55,-0.75,0.00,0.00,98,0,42,34.25,30.30,82.10,ANOMALY
11:40:17.362,-3.38,68.85,16.55,-0.75,0.00,0.00,98,0,45,34.25,30.30,82.10,ANOMALY
11:40:17.596,-3.38,68.85,16.55,-0.75,0.00,0.00,98,0,0,34.25,30.30,82.10,ANOMALY
11:40:17.881,-3.38,68.85,16.55,-0.75,0.00,0.00,98,0,83,34.25,30.30,82.10,ANOMALY
11:40:18.181,-3.38,68.85,16.55,-0.75,0.00,0.00,98,0,113,34.25,30.30,82.10,ANOMALY
11:40:18.488,-3.38,68.85,16.55,-0.75,0.00,0.00,98,0,109,34.19,30.30,82.10,ANOMALY
11:40:18.732,-3.38,68.85,16.55,-0.75,0.00,0.00,98,0,59,34.19,30.30,82.10,ANOMALY
11:40:19.016,-3.38,68.85,16.55,-0.75,0.00,0.00,98,0,124,34.19,30.30,82.10,ANOMALY
11:40:19.306,-3.38,68.85,16.55,-0.75,0.00,0.00,98,0,129,34.19,30.30,82.10,ANOMALY
11:40:19.614,-3.38,68.85,16.55,-0.75,0.00,0.00,98,0,86,34.19,30.30,82.10,ANOMALY
11:40:19.921,-3.38,68.85,16.55,-0.75,0.00,0.00,98,0,75,34.19,30.30,82.10,ANOMALY
11:40:20.155,-3.38,68.85,16.55,-0.75,0.00,0.00,98,0,60,34.19,30.30,82.10,ANOMALY
11:40:20.439,-3.38,68.85,16.55,-0.75,0.00,0.00,98,0,105,34.19,30.30,82.10,ANOMALY
11:40:20.741,-3.38,68.85,16.55,-0.75,0.00,0.00,98,0,64,34.19,30.30,82.10,ANOMALY
11:40:21.048,-3.38,68.85,16.55,-0.75,0.00,0.00,98,0,32,34.19,30.30,82.10,ANOMALY
11:40:21.290,-3.38,68.85,16.55,-0.75,0.00,0.00,98,0,0,34.19,30.30,82.10,ANOMALY
11:40:21.582,-3.38,68.85,16.55,-0.75,0.00,0.00,98,0,90,34.19,30.30,82.20,ANOMALY
11:40:21.867,-3.38,68.85,16.55,-0.75,0.00,0.00,98,0,118,34.19,30.30,82.20,ANOMALY
11:40:22.174,-3.38,68.85,16.55,-0.75,0.00,0.00,98,0,80,34.19,30.30,82.20,ANOMALY
11:40:22.482,-3.38,68.85,16.55,-0.75,0.00,0.00,98,0,106,34.19,30.30,82.20,ANOMALY
11:40:22.715,-3.38,68.85,16.55,-0.75,0.00,0.00,98,0,85,34.19,30.30,82.20,ANOMALY
11:40:22.999,-3.38,68.85,16.55,-0.75,0.00,0.00,98,0,80,34.19,30.30,82.20,ANOMALY
11:40:23.300,-3.38,68.85,16.55,-0.75,0.00,0.00,98,0,123,34.19,30.30,82.20,ANOMALY
11:40:23.608,-3.38,68.85,16.55,-0.75,0.00,0.00,98,0,75,34.19,30.30,82.20,ANOMALY
11:40:23.855,-3.38,68.85,16.55,-0.75,0.00,0.00,98,0,58,34.19,30.30,82.10,ANOMALY
11:40:24.138,-3.38,68.85,16.55,-0.75,0.00,0.00,98,0,74,34.19,30.30,82.10,RESTING
11:40:24.426,-3.38,68.85,16.55,-0.75,0.00,0.00,98,0,58,34.19,30.30,82.10,RESTING
11:40:24.734,-3.38,68.85,16.55,-0.75,0.00,0.00,98,0,79,34.19,30.30,82.10,RESTING
11:40:25.041,-3.38,68.85,16.55,-0.75,0.00,0.00,98,0,10,34.19,30.30,82.10,RESTING
11:40:25.272,-3.38,68.85,16.55,-0.75,0.00,0.00,98,0,0,34.19,30.30,82.10,RESTING
11:40:25.557,-3.38,68.85,16.55,-0.75,0.00,0.00,98,0,83,34.19,30.30,82.10,RESTING
11:40:25.860,-3.38,68.85,16.55,-0.75,0.00,0.00,98,0,99,34.19,30.30,82.10,RESTING
11:40:26.167,-3.38,68.85,16.55,-0.75,0.00,0.00,98,0,59,34.25,30.30,82.20,RESTING
11:40:26.412,-3.38,68.85,16.55,-0.75,0.00,0.00,98,0,71,34.25,30.30,82.20,RESTING
11:40:26.696,-3.38,68.85,16.55,-0.75,0.00,0.00,98,0,116,34.25,30.30,82.20,RESTING
11:40:26.987,-3.38,68.85,16.55,-0.75,0.00,0.00,98,0,121,34.25,30.30,82.20,RESTING
11:40:27.294,-3.38,68.85,16.55,-0.75,0.00,0.00,98,0,82,34.25,30.30,82.20,RESTING
11:40:27.601,-3.38,68.85,16.55,-0.75,0.00,0.00,98,0,90,34.25,30.30,82.20,RESTING
11:40:27.830,-3.38,68.85,16.55,-0.75,0.00,0.00,98,0,85,34.25,30.30,82.20,RESTING
11:40:28.119,-3.38,68.85,16.55,-0.75,0.00,0.00,98,0,68,34.25,30.30,82.20,RESTING
11:40:28.425,-3.38,68.85,16.55,-0.75,0.00,0.00,98,0,85,34.25,30.30,82.40,RESTING
11:40:28.830,-3.38,68.85,16.55,-0.75,0.00,0.00,98,0,64,34.25,30.30,82.40,RESTING
11:40:29.057,-3.38,68.85,16.55,-0.75,0.00,0.00,98,0,0,34.25,30.30,82.40,RESTING
11:40:29.345,-3.38,68.85,16.55,-0.75,0.00,0.00,98,0,77,34.25,30.30,82.40,RESTING
11:40:29.652,-3.38,68.85,16.55,-0.75,0.00,0.00,98,0,50,34.25,30.30,82.40,RESTING
11:40:29.873,-3.38,68.85,16.55,-0.75,0.00,0.00,98,0,0,34.25,30.30,82.40,RESTING
11:40:30.161,-3.38,68.85,16.55,-0.75,0.00,0.00,98,0,84,34.25,30.30,82.40,RESTING
11:40:30.483,-3.38,68.85,16.55,-0.75,0.00,0.00,98,0,47,34.19,30.30,82.40,RESTING
11:40:30.789,-3.38,68.85,16.55,-0.75,0.00,0.00,98,0,51,34.19,30.30,82.40,RESTING
11:40:30.982,-3.38,68.85,16.55,-0.75,0.00,0.00,98,0,45,34.19,30.30,82.40,RESTING
11:40:31.288,-3.38,68.85,16.55,-0.75,0.00,0.00,98,0,95,34.19,30.30,82.40,RESTING
11:40:31.529,-3.38,68.85,16.55,-0.75,0.00,0.00,98,0,0,34.19,30.30,82.40,RESTING
11:40:31.815,-3.38,68.85,16.55,-0.75,0.00,0.00,98,0,94,34.19,30.30,82.40,RESTING
11:40:32.219,-3.38,68.85,16.55,-0.75,0.00,0.00,98,0,96,34.19,30.30,82.40,RESTING
11:40:32.415,-3.38,68.85,16.55,-0.75,0.00,0.00,98,0,19,34.19,30.30,82.40,RESTING
11:40:32.728,-3.38,68.85,16.55,-0.75,0.00,0.00,98,0,13,34.19,30.30,82.40,RESTING
11:40:32.953,-3.38,68.85,16.55,-0.75,0.00,0.00,98,0,43,34.19,30.30,82.50,RESTING
11:40:33.239,-3.38,68.85,16.55,-0.75,0.00,0.00,98,0,66,34.19,30.30,82.50,RESTING
11:40:33.540,-3.38,68.85,16.55,-0.75,0.00,0.00,98,0,67,34.19,30.30,82.50,RESTING
11:40:33.848,-3.38,68.85,16.55,-0.75,0.00,0.00,98,0,64,34.12,30.30,82.50,RESTING
11:40:34.090,-3.38,68.85,16.55,-0.75,0.00,0.00,98,0,78,34.12,30.30,82.50,RESTING
11:40:34.374,-3.38,68.85,16.55,-0.75,0.00,0.00,98,0,102,34.12,30.30,82.50,RESTING
11:40:34.667,-3.38,68.85,16.55,-0.75,0.00,0.00,98,0,76,34.06,30.30,82.50,RESTING
11:40:35.083,-3.38,68.85,16.55,-0.75,0.00,0.00,98,0,99,34.06,30.30,82.50,RESTING
11:40:35.283,-3.38,68.85,16.55,-0.75,0.00,0.00,98,0,0,34.06,30.30,82.20,RESTING
11:40:35.511,-3.38,68.85,16.55,-0.75,0.00,0.00,98,0,48,34.00,30.30,82.20,RESTING
11:40:35.796,-3.38,68.85,16.55,-0.75,0.00,0.00,98,0,66,34.00,30.30,82.20,RESTING
11:40:36.101,-3.38,68.85,16.55,-0.75,0.00,0.00,98,0,61,34.00,30.30,82.20,RESTING
11:40:36.408,-3.38,68.85,16.55,-0.75,0.00,0.00,98,0,41,34.00,30.30,82.20,RESTING
11:40:36.646,-3.38,68.85,16.55,-0.75,0.00,0.00,98,0,0,34.00,30.30,82.20,RESTING
11:40:36.931,-3.38,68.85,16.55,-0.75,0.00,0.00,98,0,95,34.00,30.30,82.20,RESTING
11:40:37.227,-3.38,68.85,16.55,-0.75,0.00,0.00,98,0,54,33.88,30.30,82.20,RESTING
11:40:37.534,-3.38,68.85,16.55,-0.75,0.00,0.00,98,0,84,33.88,30.20,81.90,RESTING
11:40:37.842,-3.38,68.85,16.55,-0.75,0.00,0.00,98,0,64,33.88,30.20,81.90,RESTING
11:40:38.070,-3.38,68.85,16.55,-0.75,0.00,0.00,98,0,64,33.88,30.20,81.90,RESTING
11:40:38.353,-3.38,68.85,16.55,-0.75,0.00,0.00,98,0,17,33.88,30.20,81.90,RESTING
11:40:38.663,-3.38,68.85,16.55,-0.75,0.00,0.00,98,0,84,33.88,30.20,81.90,RESTING
11:40:38.968,-3.38,68.85,16.55,-0.75,0.00,0.00,98,0,51,33.81,30.20,81.90,RESTING
11:40:39.205,-3.38,68.85,16.55,-0.75,0.00,0.00,98,0,47,33.81,30.20,81.90,RESTING
11:40:39.488,-3.38,68.85,16.55,-0.75,0.00,0.00,98,0,48,33.81,30.20,81.90,RESTING
11:40:39.790,-3.38,68.85,16.55,-0.75,0.00,0.00,98,0,70,33.81,30.20,81.90,RESTING
11:40:40.094,-3.38,68.85,16.55,-0.75,0.00,0.00,98,0,46,33.81,30.20,81.90,RESTING
11:40:40.401,-3.38,68.85,16.55,-0.75,0.00,0.00,98,0,9,33.81,30.20,81.90,RESTING
11:40:40.628,-3.38,68.85,16.55,-0.75,0.00,0.00,98,0,54,33.75,30.20,81.90,RESTING
11:40:40.913,-3.38,68.85,16.55,-0.75,0.00,0.00,98,0,58,33.75,30.20,81.90,RESTING
11:40:41.221,-3.38,68.85,16.55,-0.75,0.00,0.00,98,0,82,33.75,30.20,81.90,RESTING
11:40:41.528,-3.38,68.85,16.55,-0.75,0.00,0.00,98,0,80,33.75,30.20,81.90,RESTING
11:40:41.762,-3.38,68.85,16.55,-0.75,0.00,0.00,98,0,67,33.75,30.20,81.90,RESTING
11:40:42.050,-3.38,68.85,16.55,-0.75,0.00,0.00,98,0,103,33.75,30.20,82.30,RESTING
11:40:42.347,-3.38,68.85,16.55,-0.75,0.00,0.00,98,0,98,33.75,30.20,82.30,RESTING
11:40:42.655,-3.38,68.85,16.55,-0.75,0.00,0.00,98,0,99,33.75,30.20,82.30,RESTING
11:40:42.901,-3.38,68.85,16.55,-0.75,0.00,0.00,98,0,79,33.75,30.20,82.30,RESTING
11:40:43.184,-3.38,68.85,16.55,-0.75,0.00,0.00,98,0,97,33.81,30.20,82.30,RESTING
11:40:43.473,-3.38,68.85,16.55,-0.75,0.00,0.00,98,0,77,33.81,30.20,82.30,RESTING
11:40:43.783,-3.38,68.85,16.55,-0.75,0.00,0.00,98,0,62,33.81,30.20,82.30,RESTING
11:40:44.087,-3.38,68.85,16.55,-0.75,0.00,0.00,98,0,16,33.81,30.20,82.30,RESTING
11:40:44.327,-3.38,68.85,16.55,-0.75,0.00,0.00,98,0,10,33.81,30.20,82.50,RESTING
11:40:44.611,-3.38,68.85,16.55,-0.75,0.00,0.00,98,0,96,33.81,30.20,82.50,RESTING
11:40:44.909,-3.38,68.85,16.55,-0.75,0.00,0.00,98,0,99,33.81,30.20,82.50,RESTING
11:40:45.214,-3.38,68.85,16.55,-0.75,0.00,0.00,98,0,53,33.81,30.20,82.50,RESTING
11:40:45.459,-3.38,68.85,16.55,-0.75,0.00,0.00,98,0,42,33.81,30.20,82.50,RESTING
11:40:45.743,-3.38,68.85,16.55,-0.75,0.00,0.00,98,0,102,33.81,30.20,82.50,RESTING
11:40:46.034,-3.38,68.85,16.55,-0.75,0.00,0.00,98,0,94,33.81,30.20,82.50,RESTING
11:40:46.341,-3.38,68.85,16.55,-0.75,0.00,0.00,98,0,64,33.81,30.20,82.50,RESTING
11:40:46.648,-3.38,68.85,16.55,-0.75,0.00,0.00,98,0,77,33.81,30.20,82.60,RESTING
11:40:46.882,-3.38,68.85,16.55,-0.75,0.00,0.00,98,0,64,33.81,30.20,82.60,RESTING
11:40:47.166,-3.38,68.85,16.55,-0.75,0.00,0.00,98,0,48,33.81,30.20,82.60,RESTING
11:40:47.467,-3.38,68.85,16.55,-0.75,0.00,0.00,98,0,73,33.88,30.20,82.60,RESTING
11:40:47.775,-3.38,68.85,16.55,-0.75,0.00,0.00,98,0,50,33.88,30.20,82.60,RESTING
11:40:48.018,-3.38,68.85,16.55,-0.75,0.00,0.00,98,0,0,33.88,30.20,82.60,RESTING
11:40:48.301,-3.38,68.85,16.55,-0.75,0.00,0.00,98,0,95,33.81,30.20,82.60,RESTING
11:40:48.593,-3.38,68.85,16.55,-0.75,0.00,0.00,98,0,91,33.81,30.20,82.60,RESTING
11:40:48.900,-3.38,68.85,16.55,-0.75,0.00,0.00,98,0,70,33.81,30.20,82.10,RESTING
11:40:49.208,-3.38,68.85,16.55,-0.75,0.00,0.00,98,0,50,33.81,30.20,82.10,RESTING
11:40:49.439,-3.38,68.85,16.55,-0.75,0.00,0.00,98,0,64,33.81,30.20,82.10,RESTING
11:40:49.724,-3.38,68.85,16.55,-0.75,0.00,0.00,98,0,85,33.81,30.20,82.10,RESTING
11:40:50.027,-3.38,68.85,16.55,-0.75,0.00,0.00,98,0,90,33.81,30.20,82.10,RESTING
11:40:50.334,-3.38,68.85,16.55,-0.75,0.00,0.00,98,0,47,33.81,30.20,82.10,RESTING
11:40:50.573,-3.38,68.85,16.55,-0.75,0.00,0.00,98,0,57,33.81,30.20,82.10,RESTING
11:40:50.858,-3.38,68.85,16.55,-0.75,0.00,0.00,98,0,47,33.75,30.20,82.10,RESTING
11:40:51.154,-3.38,68.85,16.55,-0.75,0.00,0.00,98,0,55,33.75,30.20,81.80,RESTING
11:40:51.461,-3.38,68.85,16.55,-0.75,0.00,0.00,98,0,38,33.75,30.20,81.80,RESTING
11:40:51.769,-3.38,68.85,16.55,-0.75,0.00,0.00,98,0,10,33.75,30.20,81.80,RESTING
11:40:51.998,-3.38,68.85,16.55,-0.75,0.00,0.00,98,0,34,33.75,30.20,81.80,RESTING
11:40:52.283,-3.38,68.85,16.55,-0.75,0.00,0.00,98,0,73,33.75,30.20,81.80,RESTING
11:40:52.591,-3.38,68.85,16.55,-0.75,0.00,0.00,98,0,59,33.69,30.20,81.80,RESTING
11:40:52.894,-3.38,68.85,16.55,-0.75,0.00,0.00,98,0,61,33.69,30.20,81.80,RESTING
11:40:53.135,-3.38,68.85,16.55,-0.75,0.00,0.00,98,0,55,33.69,30.20,81.80,RESTING
11:40:53.422,-3.38,68.85,16.55,-0.75,0.00,0.00,98,0,83,33.69,30.10,81.40,RESTING
11:40:53.715,-3.38,68.85,16.55,-0.75,0.00,0.00,98,0,70,33.69,30.10,81.40,RESTING
11:40:54.022,-3.38,68.85,16.55,-0.75,0.00,0.00,98,0,61,33.69,30.10,81.40,RESTING
11:40:54.328,-3.38,68.85,16.55,-0.75,0.00,0.00,98,0,48,33.69,30.10,81.40,RESTING
11:40:54.557,-3.38,68.85,16.55,-0.75,0.00,0.00,98,0,37,33.69,30.10,81.40,RESTING
11:40:54.842,-3.38,68.85,16.55,-0.75,0.00,0.00,98,0,53,33.69,30.10,81.40,RESTING
11:40:55.147,-3.38,68.85,16.55,-0.75,0.00,0.00,98,0,20,33.69,30.10,81.40,RESTING
11:40:55.455,-3.38,68.85,16.55,-0.75,0.00,0.00,98,0,11,33.69,30.10,81.40,RESTING
11:40:55.694,-3.38,68.85,16.55,-0.75,0.00,0.00,98,0,0,33.69,30.10,81.10,RESTING
11:40:55.977,-3.38,68.85,16.55,-0.75,0.00,0.00,98,0,39,33.75,30.10,81.10,RESTING
11:40:56.275,-3.38,68.85,16.55,-0.75,0.00,0.00,98,0,34,33.75,30.10,81.10,RESTING
11:40:56.581,-3.38,68.85,16.55,-0.75,0.00,0.00,98,0,66,33.75,30.10,81.10,RESTING
11:40:56.827,-3.38,68.85,16.55,-0.75,0.00,0.00,98,0,50,33.75,30.10,81.10,RESTING
11:40:57.111,-3.38,68.85,16.55,-0.75,0.00,0.00,98,0,74,33.75,30.10,81.10,RESTING
11:40:57.400,-3.38,68.85,16.55,-0.75,0.00,0.00,98,0,78,33.75,30.10,81.10,RESTING
11:40:57.707,-3.38,68.85,16.55,-0.75,0.00,0.00,98,0,71,33.81,30.10,81.10,RESTING
11:40:58.014,-3.38,68.85,16.55,-0.75,0.00,0.00,98,0,48,33.81,30.10,81.40,RESTING
11:40:58.250,-3.38,68.85,16.55,-0.75,0.00,0.00,98,0,48,33.81,30.10,81.40,RESTING
11:40:58.534,-3.38,68.85,16.55,-0.75,0.00,0.00,98,0,59,33.88,30.10,81.40,RESTING
11:40:58.834,-3.38,68.85,16.55,-0.75,0.00,0.00,98,0,17,33.88,30.10,81.40,RESTING
11:40:59.150,-3.38,68.85,16.55,-0.75,0.00,0.00,98,0,16,33.88,30.10,81.40,RESTING
11:40:59.387,-3.38,68.85,16.55,-0.75,0.00,0.00,98,0,0,33.88,30.10,81.40,RESTING
11:40:59.758,-3.38,68.85,16.55,-0.75,0.00,0.00,98,0,64,33.88,30.10,81.40,RESTING
11:40:59.961,-3.38,68.85,16.55,-0.75,0.00,0.00,98,0,7,33.88,30.10,81.40,RESTING
11:41:00.269,-3.38,68.85,16.55,-0.75,0.00,0.00,98,0,19,33.94,30.10,81.50,RESTING
11:41:00.574,-3.38,68.85,16.55,-0.75,0.00,0.00,98,0,16,33.94,30.10,81.50,RESTING
11:41:00.812,-3.38,68.85,16.55,-0.75,0.00,0.00,98,0,12,33.94,30.10,81.50,RESTING
11:41:01.094,-3.38,68.85,16.55,-0.75,0.00,0.00,98,0,64,33.94,30.10,81.50,RESTING
11:41:01.394,-3.38,68.85,16.55,-0.75,0.00,0.00,98,0,58,33.94,30.10,81.50,RESTING
11:41:01.702,-3.38,68.85,16.55,-0.75,0.00,0.00,98,0,51,33.94,30.10,81.50,RESTING
11:41:01.943,-3.38,68.85,16.55,-0.75,0.00,0.00,98,0,18,33.94,30.10,81.50,RESTING
11:41:02.227,-3.38,68.85,16.55,-0.75,0.00,0.00,98,0,25,33.94,30.10,81.50,RESTING
11:41:02.530,-3.38,68.85,16.55,-0.75,0.00,0.00,98,0,45,33.94,30.20,81.40,RESTING
11:41:02.827,-3.38,68.85,16.55,-0.75,0.00,0.00,98,0,23,34.00,30.20,81.40,RESTING
11:41:03.135,-3.38,68.85,16.55,-0.75,0.00,0.00,98,0,0,34.00,30.20,81.40,RESTING
11:41:03.366,-3.38,68.85,16.55,-0.75,0.00,0.00,98,0,32,34.00,30.20,81.40,RESTING
11:41:03.759,-3.38,68.85,16.55,-0.75,0.00,0.00,98,0,55,34.06,30.20,81.40,RESTING
11:41:04.070,-3.38,68.85,16.55,-0.75,0.00,0.00,98,0,0,34.06,30.20,81.40,RESTING
11:41:04.265,-3.38,68.85,16.55,-0.75,0.00,0.00,98,0,0,34.06,30.20,81.40,RESTING
11:41:04.569,-3.38,68.85,16.55,-0.75,0.00,0.00,98,0,16,34.06,30.20,81.40,RESTING
11:41:04.876,-3.38,68.85,16.55,-0.75,0.00,0.00,98,0,0,34.06,30.20,81.50,RESTING
11:41:05.080,-3.38,68.85,16.55,-0.75,0.00,0.00,98,0,0,34.06,30.20,81.50,RESTING
11:41:05.388,-3.38,68.85,16.55,-0.75,0.00,0.00,98,0,9,34.12,30.20,81.50,RESTING
11:41:05.694,-3.38,68.85,16.55,-0.75,0.00,0.00,98,0,7,34.12,30.20,81.50,RESTING
11:41:05.920,-3.38,68.85,16.55,-0.75,0.00,0.00,98,0,6,34.12,30.20,81.50,RESTING
11:41:06.206,-3.38,68.85,16.55,-0.75,0.00,0.00,98,0,32,34.12,30.20,81.50,RESTING
11:41:06.513,-3.38,68.85,16.55,-0.75,0.00,0.00,98,0,25,34.12,30.20,81.50,RESTING
11:41:06.820,-3.38,68.85,16.55,-0.75,0.00,0.00,98,0,0,34.12,30.20,81.50,RESTING
11:41:07.059,-3.38,68.85,16.55,-0.75,0.00,0.00,98,0,0,34.12,30.20,81.60,RESTING
11:41:07.344,-3.38,68.85,16.55,-0.75,0.00,0.00,98,0,27,34.12,30.20,81.60,RESTING
11:41:07.640,-3.38,68.85,16.55,-0.75,0.00,0.00,98,0,22,34.12,30.20,81.60,RESTING
11:41:07.947,-3.38,68.85,16.55,-0.75,0.00,0.00,98,0,23,34.19,30.20,81.60,RESTING
11:41:08.255,-3.38,68.85,16.55,-0.75,0.00,0.00,98,0,38,34.19,30.20,81.60,RESTING
11:41:08.481,-3.38,68.85,16.55,-0.75,0.00,0.00,98,0,28,34.19,30.20,81.60,RESTING
11:41:08.770,-3.38,68.85,16.55,-0.75,0.00,0.00,98,0,25,34.25,30.20,81.60,RESTING
11:41:09.077,-3.38,68.85,16.55,-0.75,0.00,0.00,98,0,27,34.25,30.20,81.60,RESTING
11:41:09.384,-3.38,68.85,16.55,-0.75,0.00,0.00,98,0,0,34.25,30.20,81.60,RESTING
11:41:09.620,-3.38,68.85,16.55,-0.75,0.00,0.00,98,0,32,34.25,30.20,81.60,RESTING
11:41:09.901,-3.38,68.85,16.55,-0.75,0.00,0.00,98,0,14,34.25,30.20,81.60,RESTING
11:41:10.204,-3.38,68.85,16.55,-0.75,0.00,0.00,98,0,30,34.25,30.20,81.60,RESTING
11:41:10.625,-3.38,68.85,16.55,-0.75,0.00,0.00,98,0,10,34.25,30.20,81.60,RESTING
11:41:10.830,-3.38,68.85,16.55,-0.75,0.00,0.00,98,0,0,34.25,30.20,81.60,RESTING
11:41:11.041,-3.38,68.85,16.55,-0.75,0.00,0.00,98,0,16,34.25,30.20,81.60,RESTING
11:41:11.431,-3.38,68.85,16.55,-0.75,0.00,0.00,98,0,16,34.25,30.20,81.60,RESTING
11:41:11.738,-3.38,68.85,16.55,-0.75,0.00,0.00,98,0,0,34.25,30.20,81.70,RESTING
11:41:11.941,-3.38,68.85,16.55,-0.75,0.00,0.00,98,0,0,34.25,30.20,81.70,RESTING
11:41:12.176,-3.38,68.85,16.55,-0.75,0.00,0.00,98,0,23,34.25,30.20,81.70,RESTING
11:41:12.460,-3.38,68.85,16.55,-0.75,0.00,0.00,98,0,24,34.25,30.20,81.70,RESTING
11:41:12.761,-3.38,68.85,16.55,-0.75,0.00,0.00,98,0,37,34.25,30.20,81.70,RESTING
11:41:13.068,-3.38,68.85,16.55,-0.75,0.00,0.00,98,0,10,34.25,30.20,81.70,RESTING
11:41:13.310,-3.38,68.85,16.55,-0.75,0.00,0.00,98,0,4,34.25,30.20,81.70,RESTING
11:41:13.698,-3.38,68.85,16.55,-0.75,0.00,0.00,98,0,7,34.25,30.20,81.70,RESTING
11:41:13.993,-3.38,68.85,16.55,-0.75,0.00,0.00,98,0,2,34.25,30.20,81.60,RESTING
11:41:14.311,-3.38,68.85,16.55,-0.75,0.00,0.00,98,0,0,34.25,30.20,81.60,RESTING
11:41:14.607,-3.38,68.85,16.55,-0.75,0.00,0.00,98,0,0,34.25,30.20,81.60,RESTING
11:41:14.824,-3.38,68.85,16.55,-0.75,0.00,0.00,98,0,0,34.25,30.20,81.60,RESTING
11:41:15.128,-3.38,68.85,16.55,-0.75,0.00,0.00,98,0,0,34.25,30.20,81.60,RESTING
11:41:15.319,-3.38,68.85,16.55,-0.75,0.00,0.00,98,0,0,34.25,30.20,81.60,RESTING
11:41:15.657,-3.38,68.85,16.55,-0.75,0.00,0.00,98,0,0,34.25,30.20,81.60,RESTING
11:41:15.866,-3.38,68.85,16.55,-0.75,0.00,0.00,98,0,0,34.25,30.20,81.60,RESTING
11:41:16.155,-3.38,68.85,16.55,-0.75,0.00,0.00,98,0,16,34.25,30.20,81.60,RESTING
11:41:16.448,-3.38,68.85,16.55,-0.75,0.00,0.00,98,0,33,34.31,30.20,81.60,RESTING
11:41:16.753,-3.38,68.85,16.55,-0.75,0.00,0.00,98,0,29,34.31,30.20,81.60,RESTING
11:41:17.061,-3.38,68.85,16.55,-0.75,0.00,0.00,98,0,4,34.31,30.20,81.60,RESTING
11:41:17.287,-3.38,68.85,16.55,-0.75,0.00,0.00,98,0,0,34.31,30.20,81.60,RESTING
11:41:17.572,-3.38,68.85,16.55,-0.75,0.00,0.00,98,0,0,34.31,30.20,81.60,RESTING
11:41:17.880,-3.38,68.85,16.55,-0.75,0.00,0.00,98,0,13,34.31,30.20,81.60,RESTING
11:41:18.187,-3.38,68.85,16.55,-0.75,0.00,0.00,98,0,0,34.25,30.20,81.60,RESTING
11:41:18.426,-3.38,68.85,16.55,-0.75,0.00,0.00,98,0,0,34.25,30.20,81.70,RESTING
11:41:18.711,-3.38,68.85,16.55,-0.75,0.00,0.00,98,0,18,34.25,30.20,81.70,RESTING
11:41:19.008,-3.38,68.85,16.55,-0.75,0.00,0.00,98,0,16,34.31,30.20,81.70,RESTING
11:41:19.314,-3.38,68.85,16.55,-0.75,0.00,0.00,98,0,42,34.31,30.20,81.70,RESTING
11:41:19.621,-3.38,68.85,16.55,-0.75,0.00,0.00,98,0,0,34.31,30.20,81.70,RESTING
11:41:19.844,-3.38,68.85,16.55,-0.75,0.00,0.00,98,0,17,34.31,30.20,81.70,RESTING
11:41:20.133,-3.38,68.85,16.55,-0.75,0.00,0.00,98,0,16,34.31,30.20,81.70,RESTING
11:41:20.440,-3.38,68.85,16.55,-0.75,0.00,0.00,98,0,11,34.31,30.20,81.70,RESTING
11:41:20.749,-3.38,68.85,16.55,-0.75,0.00,0.00,98,0,35,34.38,30.30,81.70,RESTING
11:41:20.983,-3.38,68.85,16.55,-0.75,0.00,0.00,98,0,0,34.38,30.30,81.70,RESTING
11:41:21.267,-3.38,68.85,16.55,-0.75,0.00,0.00,98,0,38,34.38,30.30,81.70,RESTING
11:41:21.566,-3.38,68.85,16.55,-0.75,0.00,0.00,98,0,0,34.38,30.30,81.70,RESTING
11:41:21.876,-3.38,68.85,16.55,-0.75,0.00,0.00,98,0,16,34.38,30.30,81.70,RESTING
11:41:22.117,-3.38,68.85,16.55,-0.75,0.00,0.00,98,0,0,34.38,30.30,81.70,RESTING
11:41:22.402,-3.38,68.85,16.55,-0.75,0.00,0.00,98,0,48,34.38,30.30,81.70,RESTING
11:41:22.693,-3.38,68.85,16.55,-0.75,0.00,0.00,98,0,19,34.38,30.30,81.70,RESTING
11:41:23.002,-3.38,68.85,16.55,-0.75,0.00,0.00,98,0,47,34.38,30.30,81.70,RESTING
11:41:23.307,-3.38,68.85,16.55,-0.75,0.00,0.00,98,0,23,34.38,30.30,81.70,RESTING
11:41:23.541,-3.38,68.85,16.55,-0.75,0.00,0.00,98,0,13,34.38,30.30,81.70,RESTING
11:41:23.825,-3.38,68.85,16.55,-0.75,0.00,0.00,98,0,50,34.38,30.30,81.70,RESTING
11:41:24.127,-3.38,68.85,16.55,-0.75,0.00,0.00,98,0,48,34.38,30.30,81.70,RESTING
11:41:24.433,-3.38,68.85,16.55,-0.75,0.00,0.00,98,0,16,34.38,30.30,81.70,RESTING
11:41:24.675,-3.38,68.85,16.55,-0.75,0.00,0.00,98,0,28,34.38,30.30,81.70,RESTING
11:41:24.959,-3.38,68.85,16.55,-0.75,0.00,0.00,98,0,13,34.38,30.30,81.70,RESTING
11:41:25.254,-3.38,68.85,16.55,-0.75,0.00,0.00,98,0,6,34.38,30.30,81.80,RESTING
11:41:25.562,-3.38,68.85,16.55,-0.75,0.00,0.00,98,0,0,34.38,30.30,81.80,RESTING
11:41:25.868,-3.38,68.85,16.55,-0.75,0.00,0.00,98,0,0,34.38,30.30,81.80,RESTING
11:41:26.098,-3.38,68.85,16.55,-0.75,0.00,0.00,98,0,0,34.38,30.30,81.80,RESTING
11:41:26.382,-3.38,68.85,16.55,-0.75,0.00,0.00,98,0,46,34.38,30.30,81.80,RESTING
11:41:26.687,-3.38,68.85,16.55,-0.75,0.00,0.00,98,0,42,34.38,30.30,81.80,RESTING
11:41:26.993,-3.38,68.85,16.55,-0.75,0.00,0.00,98,0,32,34.38,30.30,81.80,RESTING
11:41:27.233,-3.38,68.85,16.55,-0.75,0.00,0.00,98,0,30,34.38,30.30,81.80,RESTING
11:41:27.524,-3.38,68.85,16.55,-0.75,0.00,0.00,98,0,27,34.38,30.30,81.90,RESTING
11:41:27.813,-3.38,68.85,16.55,-0.75,0.00,0.00,98,0,24,34.38,30.30,81.90,RESTING
11:41:28.122,-3.38,68.85,16.55,-0.75,0.00,0.00,98,0,48,34.38,30.30,81.90,RESTING
11:41:28.427,-3.38,68.85,16.55,-0.75,0.00,0.00,98,0,16,34.38,30.30,81.90,RESTING
11:41:28.657,-3.38,68.85,16.55,-0.75,0.00,0.00,98,0,3,34.38,30.30,81.90,RESTING
11:41:28.941,-3.38,68.85,16.55,-0.75,0.00,0.00,98,0,5,34.38,30.30,81.90,RESTING
11:41:29.248,-3.38,68.85,16.55,-0.75,0.00,0.00,98,0,2,34.38,30.30,81.90,RESTING
11:41:29.553,-3.38,68.85,16.55,-0.75,0.00,0.00,98,0,7,34.38,30.30,81.90,RESTING
11:41:29.798,-3.38,68.85,16.55,-0.75,0.00,0.00,98,0,0,34.38,30.40,81.90,RESTING
11:41:30.083,-3.38,68.85,16.55,-0.75,0.00,0.00,98,0,23,34.31,30.40,81.90,RESTING
11:41:30.373,-3.38,68.85,16.55,-0.75,0.00,0.00,98,0,49,34.31,30.40,81.90,RESTING
11:41:30.680,-3.38,68.85,16.55,-0.75,0.00,0.00,98,0,17,34.31,30.40,81.90,RESTING
11:41:30.988,-3.38,68.85,16.55,-0.75,0.00,0.00,98,0,11,34.31,30.40,81.90,RESTING
11:41:31.217,-3.38,68.85,16.55,-0.75,0.00,0.00,98,0,5,34.31,30.40,81.90,RESTING
11:41:31.501,-3.38,68.85,16.55,-0.75,0.00,0.00,98,0,52,34.31,30.40,81.90,RESTING
11:41:31.806,-3.38,68.85,16.55,-0.75,0.00,0.00,98,0,26,34.31,30.40,81.90,RESTING
11:41:32.113,-3.38,68.85,16.55,-0.75,0.00,0.00,98,0,35,34.31,30.40,82.10,RESTING
11:41:32.356,-3.38,68.85,16.55,-0.75,0.00,0.00,98,0,10,34.31,30.40,82.10,RESTING
11:41:32.641,-3.38,68.85,16.55,-0.75,0.00,0.00,98,0,48,34.31,30.40,82.10,RESTING
11:41:32.933,-3.38,68.85,16.55,-0.75,0.00,0.00,98,0,43,34.31,30.40,82.10,RESTING
11:41:33.239,-3.38,68.85,16.55,-0.75,0.00,0.00,98,0,16,34.31,30.40,82.10,RESTING
11:41:33.547,-3.38,68.85,16.55,-0.75,0.00,0.00,98,0,0,34.31,30.40,82.10,RESTING
11:41:33.774,-3.38,68.85,16.55,-0.75,0.00,0.00,98,0,16,34.31,30.40,82.10,RESTING
11:41:34.059,-3.38,68.85,16.55,-0.75,0.00,0.00,98,0,16,34.31,30.40,82.10,RESTING
11:41:34.366,-3.38,68.85,16.55,-0.75,0.00,0.00,98,0,53,34.31,30.40,82.20,RESTING
11:41:34.674,-3.38,68.85,16.55,-0.75,0.00,0.00,98,0,48,34.31,30.40,82.20,RESTING
11:41:34.914,-3.38,68.85,16.55,-0.75,0.00,0.00,98,0,31,34.31,30.40,82.20,RESTING
11:41:35.200,-3.38,68.85,16.55,-0.75,0.00,0.00,98,0,59,34.25,30.40,82.20,RESTING
11:41:35.495,-3.38,68.85,16.55,-0.75,0.00,0.00,98,0,48,34.25,30.40,82.20,RESTING
11:41:35.799,-3.38,68.85,16.55,-0.75,0.00,0.00,98,0,46,34.25,30.40,82.20,RESTING
11:41:36.107,-3.38,68.85,16.55,-0.75,0.00,0.00,98,0,30,34.31,30.40,82.20,RESTING
11:41:36.332,-3.38,68.85,16.55,-0.75,0.00,0.00,98,0,16,34.31,30.40,82.20,RESTING
11:41:36.620,-3.38,68.85,16.55,-0.75,0.00,0.00,98,0,12,34.31,30.50,82.30,RESTING
11:41:36.927,-3.38,68.85,16.55,-0.75,0.00,0.00,98,0,6,34.31,30.50,82.30,RESTING
11:41:37.234,-3.38,68.85,16.55,-0.75,0.00,0.00,98,0,11,34.31,30.50,82.30,RESTING
11:41:37.471,-3.38,68.85,16.55,-0.75,0.00,0.00,98,0,0,34.31,30.50,82.30,RESTING
11:41:37.856,-3.38,68.85,16.55,-0.75,0.00,0.00,98,0,62,34.31,30.50,82.30,RESTING
11:41:38.172,-3.38,68.85,16.55,-0.75,0.00,0.00,98,0,6,34.31,30.50,82.30,RESTING
11:41:38.361,-3.38,68.85,16.55,-0.75,0.00,0.00,98,0,0,34.31,30.50,82.30,RESTING
11:41:38.607,-3.38,68.85,16.55,-0.75,0.00,0.00,98,0,32,34.31,30.50,82.30,RESTING
11:41:38.896,-3.38,68.85,16.55,-0.75,0.00,0.00,98,0,76,34.31,30.50,82.40,RESTING
11:41:39.180,-3.38,68.85,16.55,-0.75,0.00,0.00,98,0,25,34.31,30.50,82.40,RESTING
11:41:39.488,-3.38,68.85,16.55,-0.75,0.00,0.00,98,0,48,34.25,30.50,82.40,RESTING
11:41:39.794,-3.38,68.85,16.55,-0.75,0.00,0.00,98,0,18,34.25,30.50,82.40,RESTING
11:41:40.031,-3.38,68.85,16.55,-0.75,0.00,0.00,98,0,25,34.25,30.50,82.40,RESTING
11:41:40.315,-3.38,68.85,16.55,-0.75,0.00,0.00,98,0,52,34.25,30.50,82.40,RESTING
11:41:40.613,-3.38,68.85,16.55,-0.75,0.00,0.00,98,0,16,34.25,30.50,82.40,RESTING
11:41:40.921,-3.38,68.85,16.55,-0.75,0.00,0.00,98,0,0,34.25,30.50,82.40,RESTING
11:41:41.227,-3.38,68.85,16.55,-0.75,0.00,0.00,98,0,0,34.19,30.50,82.20,RESTING
11:41:41.455,-3.38,68.85,16.55,-0.75,0.00,0.00,98,0,26,34.19,30.50,82.20,RESTING
11:41:41.740,-3.38,68.85,16.55,-0.75,0.00,0.00,98,0,53,34.19,30.50,82.20,RESTING
11:41:42.048,-3.38,68.85,16.55,-0.75,0.00,0.00,98,0,45,34.12,30.50,82.20,RESTING
11:41:42.354,-3.38,68.85,16.55,-0.75,0.00,0.00,98,0,16,34.12,30.50,82.20,RESTING
11:41:42.590,-3.38,68.85,16.55,-0.75,0.00,0.00,98,0,3,34.12,30.50,82.20,RESTING
11:41:42.874,-3.38,68.85,16.55,-0.75,0.00,0.00,98,0,53,34.12,30.50,82.20,RESTING
11:41:43.174,-3.38,68.85,16.55,-0.75,0.00,0.00,98,0,10,34.12,30.50,82.20,RESTING
11:41:43.481,-3.38,68.85,16.55,-0.75,0.00,0.00,98,0,10,34.12,30.50,81.90,RESTING
11:41:43.787,-3.38,68.85,16.55,-0.75,0.00,0.00,98,0,7,34.12,30.50,81.90,RESTING
11:41:44.012,-3.38,68.85,16.55,-0.75,0.00,0.00,98,0,0,34.12,30.50,81.90,RESTING
11:41:44.298,-3.38,68.85,16.55,-0.75,0.00,0.00,98,0,2,34.12,30.50,81.90,RESTING
11:41:44.606,-3.38,68.85,16.55,-0.75,0.00,0.00,98,0,0,34.06,30.50,81.90,RESTING
11:41:44.913,-3.38,68.85,16.55,-0.75,0.00,0.00,98,0,0,34.06,30.50,81.90,RESTING
11:41:45.146,-3.38,68.85,16.55,-0.75,0.00,0.00,98,0,0,34.06,30.50,81.90,RESTING
11:41:45.432,-3.38,68.85,16.55,-0.75,0.00,0.00,98,0,38,34.06,30.50,81.90,RESTING
11:41:45.734,-3.38,68.85,16.55,-0.75,0.00,0.00,98,0,16,34.06,30.40,81.50,RESTING
11:41:46.045,-3.38,68.85,16.55,-0.75,0.00,0.00,98,0,36,34.06,30.40,81.50,RESTING
11:41:46.287,-3.38,68.85,16.55,-0.75,0.00,0.00,98,0,17,34.00,30.40,81.50,RESTING
11:41:46.573,-3.38,68.85,16.55,-0.75,0.00,0.00,98,0,49,34.00,30.40,81.50,RESTING
11:41:46.859,-3.38,68.85,16.55,-0.75,0.00,0.00,98,0,32,34.00,30.40,81.50,RESTING
11:41:47.166,-3.38,68.85,16.55,-0.75,0.00,0.00,98,0,23,34.00,30.40,81.50,RESTING
11:41:47.475,-3.38,68.85,16.55,-0.75,0.00,0.00,98,0,43,34.00,30.40,81.50,RESTING
11:41:47.705,-3.38,68.85,16.55,-0.75,0.00,0.00,98,0,19,34.00,30.40,81.50,RESTING
11:41:47.993,-3.38,68.85,16.55,-0.75,0.00,0.00,98,0,31,34.00,30.40,81.60,RESTING
11:41:48.295,0.00,68.85,16.55,-0.75,0.00,0.00,98,0,5,34.00,30.40,81.60,RESTING
11:41:48.601,-3.38,68.85,16.55,-0.75,0.00,0.00,98,0,12,34.00,30.40,81.60,RESTING
11:41:48.843,-3.38,68.85,16.55,-0.75,0.00,0.00,98,0,0,34.00,30.40,81.60,RESTING
11:41:49.128,-3.38,68.85,16.55,-0.75,0.00,0.00,98,0,22,34.00,30.40,81.60,RESTING
11:41:49.419,-3.38,68.85,16.55,-0.75,0.00,0.00,98,0,46,34.00,30.40,81.60,RESTING
11:41:49.727,-3.38,68.85,16.55,-0.75,0.00,0.00,98,0,46,34.00,30.40,81.60,RESTING
11:41:50.034,-3.38,68.85,16.55,-0.75,0.00,0.00,98,0,12,34.00,30.40,81.60,RESTING
11:41:50.269,-3.38,68.85,16.55,-0.75,0.00,0.00,98,0,0,34.00,30.40,81.50,RESTING
11:41:50.553,-3.38,68.85,16.55,-0.75,0.00,0.00,98,0,36,34.00,30.40,81.50,RESTING
11:41:50.853,-3.38,68.85,16.55,-0.75,0.00,0.00,98,0,17,34.00,30.40,81.50,RESTING
11:41:51.160,-3.38,68.85,16.55,-0.75,0.00,0.00,98,0,0,34.00,30.40,81.50,RESTING
11:41:51.404,-3.38,68.85,16.55,-0.75,0.00,0.00,98,0,0,34.00,30.40,81.50,RESTING
11:41:51.688,-3.38,68.85,16.55,-0.75,0.00,0.00,98,0,15,34.00,30.40,81.50,RESTING
11:41:51.980,-3.38,68.85,16.55,-0.75,0.00,0.00,98,0,30,34.00,30.40,81.50,RESTING
11:41:52.286,-3.38,68.85,16.55,-0.75,0.00,0.00,98,0,16,34.00,30.40,81.50,RESTING
11:41:52.594,-3.38,68.85,16.55,-0.75,0.00,0.00,98,0,0,34.00,30.40,81.30,RESTING
11:41:52.828,-3.38,68.85,16.55,-0.75,0.00,0.00,98,0,0,34.00,30.40,81.30,RESTING
11:41:53.112,-3.38,68.85,16.55,-0.75,0.00,0.00,98,0,47,34.00,30.40,81.30,RESTING
11:41:53.413,-3.38,68.85,16.55,-0.75,0.00,0.00,98,0,31,34.00,30.40,81.30,RESTING
11:41:53.721,-3.38,68.85,16.55,-0.75,0.00,0.00,98,0,10,34.00,30.40,81.30,RESTING
11:41:53.962,-3.38,68.85,16.55,-0.75,0.00,0.00,98,0,19,33.94,30.40,81.30,RESTING
11:41:54.246,-3.38,68.85,16.55,-0.75,0.00,0.00,98,0,46,33.94,30.40,81.30,RESTING
11:41:54.539,-3.38,68.85,16.55,-0.75,0.00,0.00,98,0,16,33.94,30.40,81.30,RESTING
11:41:54.846,-3.38,68.85,16.55,-0.75,0.00,0.00,98,0,16,33.94,30.40,81.40,RESTING
11:41:55.155,-3.38,68.85,16.55,-0.75,0.00,0.00,98,0,37,33.94,30.40,81.40,RESTING
11:41:55.387,-3.38,68.85,16.55,-0.75,0.00,0.00,98,0,0,33.94,30.40,81.40,RESTING
11:41:55.668,-3.38,68.85,16.55,-0.75,0.00,0.00,98,0,14,33.94,30.40,81.40,RESTING
11:41:55.973,-3.38,68.85,16.55,-0.75,0.00,0.00,98,0,23,33.94,30.40,81.40,RESTING
11:41:56.281,-3.38,68.85,16.55,-0.75,0.00,0.00,98,0,0,33.94,30.40,81.40,RESTING
11:41:56.520,-3.38,68.85,16.55,-0.75,0.00,0.00,98,0,0,33.94,30.40,81.40,RESTING
11:41:56.807,-3.38,68.85,16.55,-0.75,0.00,0.00,98,0,45,33.94,30.40,81.40,RESTING
11:41:57.101,-3.38,68.85,16.55,-0.75,0.00,0.00,98,0,16,33.94,30.40,81.30,RESTING
11:41:57.406,-3.38,68.85,16.55,-0.75,0.00,0.00,98,0,10,34.00,30.40,81.30,RESTING
11:41:57.715,-3.38,68.85,16.55,-0.75,0.00,0.00,98,0,10,34.00,30.40,81.30,RESTING
11:41:57.945,-3.38,68.85,16.55,-0.75,0.00,0.00,98,0,0,34.00,30.40,81.30,RESTING
11:41:58.229,-3.38,68.85,16.55,-0.75,0.00,0.00,98,0,14,34.00,30.40,81.30,RESTING
11:41:58.533,-3.38,68.85,16.55,-0.75,0.00,0.00,98,0,37,34.00,30.40,81.30,RESTING
11:41:58.841,-3.38,68.85,16.55,-0.75,0.00,0.00,98,0,11,34.00,30.40,81.30,RESTING
11:41:59.079,-3.38,68.85,16.55,-0.75,0.00,0.00,98,0,13,34.00,30.40,81.30,RESTING
11:41:59.368,-3.38,68.85,16.55,-0.75,0.00,0.00,98,0,24,34.00,30.40,81.20,RESTING
11:41:59.660,10.11,68.85,16.55,-0.75,0.00,0.00,98,0,0,34.00,30.40,81.20,RESTING
11:41:59.968,-3.38,68.85,16.55,-0.75,0.00,0.00,98,0,16,34.00,30.40,81.20,RESTING
11:42:00.274,-3.38,68.85,16.55,-0.75,0.00,0.00,98,0,0,34.00,30.40,81.20,RESTING
11:42:00.502,-3.38,68.85,16.55,-0.75,0.00,0.00,98,0,10,34.00,30.40,81.20,RESTING
11:42:00.787,-3.38,68.85,16.55,-0.75,0.00,0.00,98,0,8,34.00,30.40,81.20,RESTING
11:42:01.095,-3.38,68.85,16.55,-0.75,0.00,0.00,98,0,9,34.00,30.40,81.20,RESTING
11:42:01.400,-3.38,68.85,16.55,-0.75,0.00,0.00,98,0,6,34.00,30.40,81.20,RESTING
11:42:01.644,-3.38,68.85,16.55,-0.75,0.00,0.00,98,0,0,34.00,30.50,81.30,RESTING
11:42:01.925,-3.38,68.85,16.55,-0.75,0.00,0.00,98,0,47,34.00,30.50,81.30,RESTING
11:42:02.219,-3.38,68.85,16.55,-0.75,0.00,0.00,98,0,46,34.00,30.50,81.30,RESTING
11:42:02.526,-3.38,68.85,16.55,-0.75,0.00,0.00,98,0,39,34.00,30.50,81.30,RESTING
11:42:02.833,-3.38,68.85,16.55,-0.75,0.00,0.00,98,0,6,34.00,30.50,81.30,RESTING
11:42:03.059,-3.38,68.85,16.55,-0.75,0.00,0.00,98,0,0,34.00,30.50,81.30,RESTING
11:42:03.345,-3.38,68.85,16.55,-0.75,0.00,0.00,98,0,5,34.00,30.50,81.30,RESTING
11:42:03.655,-3.38,68.85,16.55,-0.75,0.00,0.00,98,0,16,34.00,30.50,81.30,RESTING
11:42:03.960,-3.38,68.85,16.55,-0.75,0.00,0.00,98,0,0,34.00,30.50,81.50,RESTING
11:42:04.198,-3.38,68.85,16.55,-0.75,0.00,0.00,98,0,0,34.00,30.50,81.50,RESTING
11:42:04.484,-3.38,68.85,16.55,-0.75,0.00,0.00,98,0,15,34.00,30.50,81.50,RESTING
11:42:04.780,-3.38,68.85,16.55,-0.75,0.00,0.00,98,0,15,34.00,30.50,81.50,RESTING
11:42:05.087,-3.38,68.85,16.55,-0.75,0.00,0.00,98,0,13,33.94,30.50,81.50,RESTING
11:42:05.333,-3.38,68.85,16.55,-0.75,0.00,0.00,98,0,2,33.94,30.50,81.50,RESTING
11:42:05.617,-3.38,68.85,16.55,-0.75,0.00,0.00,98,0,16,33.94,30.50,81.50,RESTING
11:42:05.906,-3.38,68.85,16.55,-0.75,0.00,0.00,98,0,48,33.94,30.50,81.50,RESTING
11:42:06.213,-3.38,68.85,16.55,-0.75,0.00,0.00,98,0,14,33.94,30.50,81.60,RESTING
11:42:06.520,-3.38,68.85,16.55,-0.75,0.00,0.00,98,0,1,33.94,30.50,81.60,RESTING
11:42:06.756,-3.38,68.85,16.55,-0.75,0.00,0.00,98,0,27,33.88,30.50,81.60,RESTING
11:42:07.040,-3.38,68.85,16.55,-0.75,0.00,0.00,98,0,6,33.88,30.50,81.60,RESTING
11:42:07.340,-3.38,68.85,16.55,-0.75,0.00,0.00,98,0,1,33.88,30.50,81.60,RESTING
11:42:07.648,-3.38,68.85,16.55,-0.75,0.00,0.00,98,0,6,33.88,30.50,81.60,RESTING
11:42:07.892,-3.38,68.85,16.55,-0.75,0.00,0.00,98,0,0,33.88,30.50,81.60,RESTING
11:42:08.176,-3.38,68.85,16.55,-0.75,0.00,0.00,98,0,42,33.88,30.50,81.60,RESTING
11:42:08.466,-3.38,68.85,16.55,-0.75,0.00,0.00,98,0,32,33.88,30.50,81.70,RESTING
11:42:08.773,-3.38,68.85,16.55,-0.75,0.00,0.00,98,0,17,33.88,30.50,81.70,RESTING
11:42:09.080,-3.38,68.85,16.55,-0.75,0.00,0.00,98,0,9,33.88,30.50,81.70,RESTING
11:42:09.314,-3.38,68.85,16.55,-0.75,0.00,0.00,98,0,27,33.88,30.50,81.70,RESTING
11:42:09.598,-3.38,68.85,16.55,-0.75,0.00,0.00,98,0,43,33.88,30.50,81.70,RESTING
11:42:09.899,-3.38,68.85,16.55,-0.75,0.00,0.00,98,0,49,33.88,30.50,81.70,RESTING
11:42:10.206,-3.38,68.85,16.55,-0.75,0.00,0.00,98,0,9,33.88,30.50,81.70,RESTING
11:42:10.448,-3.38,68.85,16.55,-0.75,0.00,0.00,98,0,0,33.88,30.50,81.70,RESTING
11:42:10.738,-3.38,68.85,16.55,-0.75,0.00,0.00,98,0,27,33.88,30.50,81.50,RESTING
11:42:11.025,-3.38,68.85,16.55,-0.75,0.00,0.00,98,0,6,33.88,30.50,81.50,RESTING
11:42:11.333,-3.38,68.85,16.55,-0.75,0.00,0.00,98,0,0,33.88,30.50,81.50,RESTING
11:42:11.640,-3.38,68.85,16.55,-0.75,0.00,0.00,98,0,0,33.88,30.50,81.50,RESTING
11:42:11.871,-3.38,68.85,16.55,-0.75,0.00,0.00,98,0,0,33.88,30.50,81.50,RESTING
11:42:12.156,-3.38,68.85,16.55,-0.75,0.00,0.00,98,0,15,33.88,30.50,81.50,RESTING
11:42:12.459,-3.38,68.85,16.55,-0.75,0.00,0.00,98,0,27,33.88,30.50,81.50,RESTING
11:42:12.771,-3.38,68.85,16.55,-0.75,0.00,0.00,98,0,25,33.88,30.50,81.50,RESTING
11:42:13.011,-3.38,68.85,16.55,-0.75,0.00,0.00,98,0,16,33.88,30.50,81.30,RESTING
11:42:13.294,-3.38,68.85,16.55,-0.75,0.00,0.00,98,0,16,33.88,30.50,81.30,RESTING
11:42:13.585,-3.38,68.85,16.55,-0.75,0.00,0.00,98,0,17,33.88,30.50,81.30,RESTING
11:42:13.896,-3.38,68.85,16.55,-0.75,0.00,0.00,98,0,13,33.88,30.50,81.30,RESTING
11:42:14.201,-3.38,68.85,16.55,-0.75,0.00,0.00,98,0,0,33.88,30.50,81.30,RESTING
11:42:14.429,-3.38,68.85,16.55,-0.75,0.00,0.00,98,0,10,33.94,30.50,81.30,RESTING
11:42:14.716,-3.38,68.85,16.55,-0.75,0.00,0.00,98,0,29,33.94,30.50,81.30,RESTING
11:42:15.022,-3.38,68.85,16.55,-0.75,0.00,0.00,98,0,16,33.94,30.50,81.30,RESTING
11:42:15.328,-3.38,68.85,16.55,-0.75,0.00,0.00,98,0,6,33.88,30.50,81.60,RESTING
11:42:15.642,-3.38,68.85,16.55,-0.75,0.00,0.00,98,0,0,33.88,30.50,81.60,RESTING
11:42:15.859,-3.38,68.85,16.55,-0.75,0.00,0.00,98,0,0,33.88,30.50,81.60,RESTING
11:42:16.258,-3.38,68.85,16.55,-0.75,0.00,0.00,98,0,22,33.94,30.50,81.60,RESTING
11:42:16.561,-3.38,68.85,16.55,-0.75,0.00,0.00,98,0,0,33.94,30.50,81.60,RESTING
11:42:16.762,-3.38,68.85,16.55,-0.75,0.00,0.00,98,0,0,33.94,30.50,81.60,RESTING
11:42:16.989,-3.38,68.85,16.55,-0.75,0.00,0.00,98,0,0,33.88,30.50,81.60,RESTING
11:42:17.273,-3.38,68.85,16.55,-0.75,0.00,0.00,98,0,0,33.88,30.50,81.60,RESTING
11:42:17.580,-3.38,68.85,16.55,-0.75,0.00,0.00,98,0,2,33.88,30.50,81.50,RESTING
11:42:17.887,-3.38,68.85,16.55,-0.75,0.00,0.00,98,0,16,33.88,30.50,81.50,RESTING
11:42:18.128,-3.38,68.85,16.55,-0.75,0.00,0.00,98,0,3,33.88,30.50,81.50,RESTING
11:42:18.412,-3.38,68.85,16.55,-0.75,0.00,0.00,98,0,4,33.88,30.50,81.50,RESTING
11:42:18.706,-3.38,68.85,16.55,-0.75,0.00,0.00,98,0,0,33.81,30.50,81.50,RESTING
11:42:19.052,-3.38,68.85,16.55,-0.75,0.00,0.00,98,0,0,33.81,30.50,81.50,RESTING
11:42:19.323,-3.38,68.85,16.55,-0.75,0.00,0.00,98,0,0,33.81,30.50,81.50,RESTING
11:42:19.628,-3.38,68.85,16.55,-0.75,0.00,0.00,98,0,0,33.75,30.50,81.50,RESTING
11:42:19.837,-3.38,68.85,16.55,-0.75,0.00,0.00,98,0,0,33.75,30.50,81.10,RESTING
11:42:20.139,-3.38,68.85,16.55,-0.75,0.00,0.00,98,0,0,33.75,30.50,81.10,RESTING
11:42:20.448,-3.38,68.85,16.55,-0.75,0.00,0.00,98,0,0,33.75,30.50,81.10,RESTING
11:42:20.687,-3.38,68.85,16.55,-0.75,0.00,0.00,98,0,6,33.75,30.50,81.10,RESTING
11:42:20.971,-3.38,68.85,16.55,-0.75,0.00,0.00,98,0,27,33.75,30.50,81.10,RESTING
11:42:21.363,-3.38,68.85,16.55,-0.75,0.00,0.00,98,0,6,33.69,30.50,81.10,RESTING
11:42:21.574,-3.38,68.85,16.55,-0.75,0.00,0.00,98,0,0,33.69,30.50,81.10,RESTING
11:42:21.822,-3.38,68.85,16.55,-0.75,0.00,0.00,98,0,13,33.69,30.50,81.10,RESTING
11:42:22.110,-3.38,68.85,16.55,-0.75,0.00,0.00,98,0,1,33.69,30.50,81.30,RESTING
11:42:22.394,-3.38,68.85,16.55,-0.75,0.00,0.00,98,0,18,33.69,30.50,81.30,RESTING
11:42:22.699,-3.38,68.85,16.55,-0.75,0.00,0.00,98,0,0,33.69,30.50,81.30,RESTING
11:42:23.006,-3.38,68.85,16.55,-0.75,0.00,0.00,98,0,0,33.69,30.50,81.30,RESTING
11:42:23.246,-3.38,68.85,16.55,-0.75,0.00,0.00,98,0,0,33.69,30.50,81.30,RESTING
11:42:23.530,-3.38,68.85,16.55,-0.75,0.00,0.00,98,0,28,33.69,30.50,81.30,RESTING
11:42:23.828,-3.38,68.85,16.55,-0.75,0.00,0.00,98,0,23,33.69,30.50,81.30,RESTING
11:42:24.136,-3.38,68.85,16.55,-0.75,0.00,0.00,98,0,16,33.69,30.50,81.30,AMBULATING
11:42:24.482,-3.38,68.85,16.55,-0.75,0.00,0.00,98,0,0,33.69,30.40,81.30,AMBULATING
11:42:24.668,-3.38,68.85,16.55,-0.75,0.00,0.00,98,0,0,33.69,30.40,81.30,AMBULATING
11:42:24.952,-3.38,68.85,16.55,-0.75,0.00,0.00,98,0,0,33.69,30.40,81.30,AMBULATING
11:42:25.259,-3.38,68.85,16.55,-0.75,0.00,0.00,98,0,5,33.69,30.40,81.30,AMBULATING
11:42:25.566,-3.38,68.85,16.55,-0.75,0.00,0.00,98,0,0,33.75,30.40,81.30,AMBULATING
11:42:25.802,-3.38,68.85,16.55,-0.75,0.00,0.00,98,0,10,33.75,30.40,81.30,AMBULATING
11:42:26.086,-3.38,68.85,16.55,-0.75,0.00,0.00,98,0,16,33.75,30.40,81.30,AMBULATING
11:42:26.386,-3.38,68.85,16.55,-0.75,0.00,0.00,98,0,10,33.75,30.40,81.30,AMBULATING
11:42:26.693,-3.38,68.85,16.55,-0.75,0.00,0.00,98,0,0,33.75,30.50,81.50,AMBULATING
11:42:26.942,-3.38,68.85,16.55,-0.75,0.00,0.00,98,0,0,33.75,30.50,81.50,AMBULATING
11:42:27.227,-3.38,68.85,16.55,-0.75,0.00,0.00,98,0,38,33.81,30.50,81.50,AMBULATING
11:42:27.512,-3.38,68.85,16.55,-0.75,0.00,0.00,98,0,4,33.81,30.50,81.50,AMBULATING
11:42:27.819,-3.38,68.85,16.55,-0.75,0.00,0.00,98,0,3,33.81,30.50,81.50,AMBULATING
11:42:28.126,-3.38,68.85,16.55,-0.75,0.00,0.00,98,0,0,33.81,30.50,81.50,AMBULATING
11:42:28.361,-3.38,68.85,16.55,-0.75,0.00,0.00,98,0,15,33.81,30.50,81.50,AMBULATING
11:42:28.645,-3.38,68.85,16.55,-0.75,0.00,0.00,98,0,0,33.81,30.50,81.50,AMBULATING
11:42:28.946,-3.38,68.85,16.55,-0.75,0.00,0.00,98,0,2,33.75,30.40,81.30,AMBULATING
11:42:29.253,-3.38,68.85,16.55,-0.75,0.00,0.00,98,0,31,33.75,30.40,81.30,AMBULATING
11:42:29.500,-3.38,68.85,16.55,-0.75,0.00,0.00,98,0,0,33.75,30.40,81.30,AMBULATING
11:42:29.784,-3.38,68.85,16.55,-0.75,0.00,0.00,98,0,23,33.75,30.40,81.30,AMBULATING
11:42:30.072,-3.38,68.85,16.55,-0.75,0.00,0.00,98,0,33,33.75,30.40,81.30,AMBULATING
11:42:30.379,-3.38,68.85,16.55,-0.75,0.00,0.00,98,0,10,33.75,30.40,81.30,AMBULATING
11:42:30.687,-3.38,68.85,16.55,-0.75,0.00,0.00,98,0,0,33.75,30.40,81.30,AMBULATING
11:42:30.920,-3.38,68.85,16.55,-0.75,0.00,0.00,98,0,0,33.75,30.40,81.30,AMBULATING
11:42:31.210,-3.38,68.85,16.55,-0.75,0.00,0.00,98,0,30,33.75,30.50,81.10,AMBULATING
11:42:31.507,-3.38,68.85,16.55,-0.75,0.00,0.00,98,0,0,33.75,30.50,81.10,AMBULATING
11:42:31.813,-3.38,68.85,16.55,-0.75,0.00,0.00,98,0,4,33.75,30.50,81.10,AMBULATING
11:42:32.058,-3.38,68.85,16.55,-0.75,0.00,0.00,98,0,0,33.75,30.50,81.10,AMBULATING
11:42:32.342,-3.38,68.85,16.55,-0.75,0.00,0.00,98,0,10,33.75,30.50,81.10,AMBULATING
11:42:32.632,-3.38,68.85,16.55,-0.75,0.00,0.00,98,0,22,33.75,30.50,81.10,AMBULATING
11:42:32.939,-3.38,68.85,16.55,-0.75,0.00,0.00,98,0,31,33.75,30.50,81.10,AMBULATING
11:42:33.247,-3.38,68.85,16.55,-0.75,0.00,0.00,98,0,16,33.81,30.50,81.10,AMBULATING
11:42:33.482,-3.38,68.85,16.55,-0.75,0.00,0.00,98,0,6,33.81,30.50,81.00,AMBULATING
11:42:33.765,-3.38,68.85,16.55,-0.75,0.00,0.00,98,0,0,33.81,30.50,81.00,AMBULATING
11:42:34.067,-3.38,68.85,16.55,-0.75,0.00,0.00,98,0,12,33.88,30.50,81.00,AMBULATING
11:42:34.373,-3.38,68.85,16.55,-0.75,0.00,0.00,98,0,0,33.88,30.50,81.00,AMBULATING
11:42:34.615,-3.38,68.85,16.55,-0.75,0.00,0.00,98,0,0,33.88,30.50,81.00,AMBULATING
11:42:34.900,-3.38,68.85,16.55,-0.75,0.00,0.00,98,0,23,33.81,30.50,81.00,AMBULATING
11:42:35.192,-3.38,68.85,16.55,-0.75,0.00,0.00,98,0,0,33.81,30.50,81.00,AMBULATING
11:42:35.499,-3.38,68.85,16.55,-0.75,0.00,0.00,98,0,16,33.81,30.50,81.00,AMBULATING
11:42:35.807,-3.38,68.85,16.55,-0.75,0.00,0.00,98,0,0,33.81,30.60,81.10,AMBULATING
11:42:36.038,-3.38,68.85,16.55,-0.75,0.00,0.00,98,0,0,33.81,30.60,81.10,AMBULATING
11:42:36.321,-3.38,68.85,16.55,-0.75,0.00,0.00,98,0,0,33.81,30.60,81.10,AMBULATING
11:42:36.625,-3.38,68.85,16.55,-0.75,0.00,0.00,98,0,15,33.81,30.60,81.10,AMBULATING
11:42:36.933,-3.38,68.85,16.55,-0.75,0.00,0.00,98,0,7,33.81,30.60,81.10,AMBULATING
11:42:37.173,-3.38,68.85,16.55,-0.75,0.00,0.00,98,0,6,33.81,30.60,81.10,AMBULATING
11:42:37.457,-3.38,68.85,16.55,-0.75,0.00,0.00,98,0,0,33.81,30.60,81.10,AMBULATING
11:42:37.753,-3.38,68.85,16.55,-0.75,0.00,0.00,98,0,23,33.81,30.60,81.10,AMBULATING
11:42:38.060,-3.38,68.85,16.55,-0.75,0.00,0.00,98,0,0,33.81,30.60,81.00,AMBULATING
11:42:38.469,-3.38,68.85,16.55,-0.75,0.00,0.00,98,0,0,33.81,30.60,81.00,AMBULATING
11:42:38.596,-3.38,68.85,16.55,-0.75,0.00,0.00,98,0,0,33.81,30.60,81.00,AMBULATING
11:42:38.882,-3.38,68.85,16.55,-0.75,0.00,0.00,98,0,0,33.81,30.60,81.00,AMBULATING
11:42:39.186,-3.38,68.85,16.55,-0.75,0.00,0.00,98,0,4,33.81,30.60,81.00,AMBULATING
11:42:39.493,-3.38,68.85,16.55,-0.75,0.00,0.00,98,0,8,33.81,30.60,81.00,AMBULATING
11:42:39.732,-3.38,68.85,16.55,-0.75,0.00,0.00,98,0,0,33.81,30.60,81.00,AMBULATING
11:42:40.016,-3.38,68.85,16.55,-0.75,0.00,0.00,98,0,22,33.81,30.60,81.00,AMBULATING
11:42:40.312,-3.38,68.85,16.55,-0.75,0.00,0.00,98,0,16,33.81,30.60,80.80,AMBULATING
11:42:40.619,-3.38,68.85,16.55,-0.75,0.00,0.00,98,0,16,33.81,30.60,80.80,AMBULATING
11:42:40.927,-3.38,68.85,16.55,-0.75,0.00,0.00,98,0,0,33.75,30.60,80.80,AMBULATING
11:42:41.162,-3.38,68.85,16.55,-0.75,0.00,0.00,98,0,0,33.75,30.60,80.80,AMBULATING
11:42:41.546,-3.38,68.85,16.55,-0.75,0.00,0.00,98,0,2,33.75,30.60,80.80,AMBULATING
11:42:41.749,-3.38,68.85,16.55,-0.75,0.00,0.00,98,0,0,33.75,30.60,80.80,AMBULATING
11:42:42.055,-3.38,68.85,16.55,-0.75,0.00,0.00,98,0,0,33.75,30.60,80.80,AMBULATING
11:42:42.293,-3.38,68.85,16.55,-0.75,0.00,0.00,98,0,0,33.75,30.60,80.80,AMBULATING
11:42:42.581,-3.38,68.85,16.55,-0.75,0.00,0.00,98,0,11,33.75,30.70,80.90,AMBULATING
11:42:42.873,-3.38,68.85,16.55,-0.75,0.00,0.00,98,0,10,33.75,30.70,80.90,AMBULATING
11:42:43.179,-3.38,68.85,16.55,-0.75,0.00,0.00,98,0,0,33.75,30.70,80.90,AMBULATING
11:42:43.486,-3.38,68.85,16.55,-0.75,0.00,0.00,98,0,0,33.75,30.70,80.90,AMBULATING
11:42:43.714,-3.38,68.85,16.55,-0.75,0.00,0.00,98,0,0,33.75,30.70,80.90,AMBULATING
11:42:43.998,-3.38,68.85,16.55,-0.75,0.00,0.00,98,0,0,33.75,30.70,80.90,AMBULATING
11:42:44.305,-3.38,68.85,16.55,-0.75,0.00,0.00,98,0,7,33.75,30.70,80.90,AMBULATING
11:42:44.614,-3.38,68.85,16.55,-0.75,0.00,0.00,98,0,0,33.75,30.70,80.90,AMBULATING
11:42:44.853,-3.38,68.85,16.55,-0.75,0.00,0.00,98,0,0,33.75,30.70,81.10,AMBULATING
11:42:45.137,-3.38,68.85,16.55,-0.75,0.00,0.00,98,0,0,33.75,30.70,81.10,AMBULATING
11:42:45.432,-3.38,68.85,16.55,-0.75,0.00,0.00,98,0,6,33.75,30.70,81.10,AMBULATING
11:42:45.739,-3.38,68.85,16.55,-0.75,0.00,0.00,98,0,0,33.75,30.70,81.10,AMBULATING
11:42:45.987,-3.38,68.85,16.55,-0.75,0.00,0.00,98,0,0,33.75,30.70,81.10,AMBULATING
11:42:46.274,-3.38,68.85,16.55,-0.75,0.00,0.00,98,0,18,33.75,30.70,81.10,AMBULATING
11:42:46.558,-3.38,68.85,16.55,-0.75,0.00,0.00,98,0,0,33.75,30.70,81.10,AMBULATING
11:42:46.866,-3.38,68.85,16.55,-0.75,0.00,0.00,98,0,0,33.75,30.70,81.10,AMBULATING
11:42:47.176,-3.38,68.85,16.55,-0.75,0.00,0.00,98,0,0,33.75,30.70,81.10,AMBULATING
11:42:47.409,-3.38,68.85,16.55,-0.75,0.00,0.00,98,0,0,33.75,30.70,81.10,AMBULATING
11:42:47.693,-3.38,68.85,16.55,-0.75,0.00,0.00,98,0,18,33.75,30.70,81.10,AMBULATING
11:42:47.992,-3.38,68.85,16.55,-0.75,0.00,0.00,98,0,16,33.75,30.70,81.10,AMBULATING
11:42:48.299,-3.38,68.85,16.55,-0.75,0.00,0.00,98,0,0,33.75,30.70,81.10,AMBULATING
11:42:48.545,-3.38,68.85,16.55,-0.75,0.00,0.00,98,0,0,33.69,30.70,81.10,AMBULATING
11:42:48.829,-3.38,68.85,16.55,-0.75,0.00,0.00,98,0,1,33.69,30.70,81.10,AMBULATING
11:42:49.118,-3.38,68.85,16.55,-0.75,0.00,0.00,98,0,2,33.69,30.70,81.10,AMBULATING
11:42:49.426,-3.38,68.85,16.55,-0.75,0.00,0.00,98,0,0,33.69,30.70,80.90,AMBULATING
11:42:49.733,-3.38,68.85,16.55,-0.75,0.00,0.00,98,0,0,33.69,30.70,80.90,AMBULATING
11:42:49.968,-3.38,68.85,16.55,-0.75,0.00,0.00,98,0,0,33.69,30.70,80.90,AMBULATING
11:42:50.253,-3.38,68.85,16.55,-0.75,0.00,0.00,98,0,16,33.69,30.70,80.90,AMBULATING
11:42:50.553,-3.38,68.85,16.55,-0.75,0.00,0.00,98,0,0,33.69,30.70,80.90,AMBULATING
11:42:50.862,-3.38,68.85,16.55,-0.75,0.00,0.00,98,0,4,33.69,30.70,80.90,AMBULATING
11:42:51.104,-3.38,68.85,16.55,-0.75,0.00,0.00,98,0,0,33.62,30.70,80.90,AMBULATING
11:42:51.387,-3.38,68.85,16.55,-0.75,0.00,0.00,98,0,0,33.62,30.70,80.90,AMBULATING
11:42:51.678,-3.38,68.85,16.55,-0.75,0.00,0.00,98,0,16,33.62,30.80,80.90,AMBULATING
11:42:51.985,-3.38,68.85,16.55,-0.75,0.00,0.00,98,0,31,33.62,30.80,80.90,AMBULATING
11:42:52.293,-3.38,68.85,16.55,-0.75,0.00,0.00,98,0,0,33.62,30.80,80.90,AMBULATING
11:42:52.525,-3.38,68.85,16.55,-0.75,0.00,0.00,98,0,7,33.62,30.80,80.90,AMBULATING
11:42:52.809,-3.38,68.85,16.55,-0.75,0.00,0.00,98,0,0,33.62,30.80,80.90,AMBULATING
11:42:53.114,-3.38,68.85,16.55,-0.75,0.00,0.00,98,0,9,33.62,30.80,80.90,AMBULATING
11:42:53.420,-3.38,68.85,16.55,-0.75,0.00,0.00,98,0,0,33.62,30.80,80.90,AMBULATING
11:42:53.659,-3.38,68.85,16.55,-0.75,0.00,0.00,98,0,0,33.62,30.80,80.90,AMBULATING
11:42:53.950,-3.38,68.85,16.55,-0.75,0.00,0.00,98,0,14,33.62,30.80,80.90,AMBULATING
11:42:54.240,-3.38,68.85,16.55,-0.75,0.00,0.00,98,0,0,33.62,30.80,80.90,AMBULATING
11:42:54.546,-3.38,68.85,16.55,-0.75,0.00,0.00,98,0,20,33.69,30.80,80.90,AMBULATING
11:42:54.854,-3.38,68.85,16.55,-0.75,0.00,0.00,98,0,16,33.69,30.80,80.90,AMBULATING
11:42:55.084,-3.38,68.85,16.55,-0.75,0.00,0.00,98,0,0,33.69,30.80,80.90,AMBULATING
11:42:55.369,-3.38,68.85,16.55,-0.75,0.00,0.00,98,0,19,33.69,30.80,80.90,AMBULATING
11:42:55.672,-3.38,68.85,16.55,-0.75,0.00,0.00,98,0,0,33.69,30.80,80.90,AMBULATING
11:42:55.979,-3.38,68.85,16.55,-0.75,0.00,0.00,98,0,8,33.69,30.80,80.90,AMBULATING
11:42:56.223,-3.38,68.85,16.55,-0.75,0.00,0.00,98,0,3,33.69,30.80,81.00,AMBULATING
11:42:56.506,-3.38,68.85,16.55,-0.75,0.00,0.00,98,0,24,33.69,30.80,81.00,AMBULATING
11:42:56.798,-3.38,68.85,16.55,-0.75,0.00,0.00,98,0,0,33.69,30.80,81.00,AMBULATING
11:42:57.106,-3.38,68.85,16.55,-0.75,0.00,0.00,98,0,0,33.75,30.80,81.00,AMBULATING
11:42:57.413,-3.38,68.85,16.55,-0.75,0.00,0.00,98,0,0,33.75,30.80,81.00,AMBULATING
11:42:57.640,-3.38,68.85,16.55,-0.75,0.00,0.00,98,0,0,33.75,30.80,81.00,AMBULATING
11:42:57.925,-3.38,68.85,16.55,-0.75,0.00,0.00,98,0,21,33.69,30.80,81.00,AMBULATING
11:42:58.232,-3.38,68.85,16.55,-0.75,0.00,0.00,98,0,0,33.69,30.80,81.00,AMBULATING
11:42:58.541,-3.38,68.85,16.55,-0.75,0.00,0.00,98,0,14,33.69,30.80,81.30,AMBULATING
11:42:58.780,-3.38,68.85,16.55,-0.75,0.00,0.00,98,0,0,33.75,30.80,81.30,AMBULATING
11:42:59.065,-3.38,68.85,16.55,-0.75,0.00,0.00,98,0,19,33.75,30.80,81.30,AMBULATING
11:42:59.361,-3.38,68.85,16.55,-0.75,0.00,0.00,98,0,20,33.75,30.80,81.30,AMBULATING
11:42:59.669,-3.38,68.85,16.55,-0.75,0.00,0.00,98,0,16,33.81,30.80,81.30,AMBULATING
11:42:59.973,-3.38,68.85,16.55,-0.75,0.00,0.00,98,0,10,33.81,30.80,81.30,AMBULATING
11:43:00.199,-3.38,68.85,16.55,-0.75,0.00,0.00,98,0,0,33.81,30.80,81.30,AMBULATING
11:43:00.484,-3.38,68.85,16.55,-0.75,0.00,0.00,98,0,6,33.81,30.80,81.30,AMBULATING
11:43:00.792,-3.38,68.85,16.55,-0.75,0.00,0.00,98,0,0,33.81,30.80,81.30,AMBULATING
11:43:01.104,-3.38,68.85,16.55,-0.75,0.00,0.00,98,0,0,33.81,30.80,81.30,AMBULATING
11:43:01.338,-3.38,68.85,16.55,-0.75,0.00,0.00,98,0,0,33.81,30.80,81.30,AMBULATING
11:43:01.622,-3.38,68.85,16.55,-0.75,0.00,0.00,98,0,0,33.81,30.80,81.30,AMBULATING
11:43:01.958,-3.38,68.85,16.55,-0.75,0.00,0.00,98,0,17,33.81,30.80,81.30,AMBULATING
11:43:02.226,-3.38,68.85,16.55,-0.75,0.00,0.00,98,0,16,33.88,30.80,81.30,AMBULATING
11:43:02.474,-3.38,68.85,16.55,-0.75,0.00,0.00,98,0,3,33.88,30.80,81.30,AMBULATING
11:43:02.756,-3.38,68.85,16.55,-0.75,0.00,0.00,98,0,16,33.88,30.80,81.30,AMBULATING
11:43:03.046,-3.38,68.85,16.55,-0.75,0.00,0.00,98,0,16,33.88,30.80,81.10,AMBULATING
11:43:03.352,-3.38,68.85,16.55,-0.75,0.00,0.00,98,0,3,33.88,30.80,81.10,AMBULATING
11:43:03.659,-3.38,68.85,16.55,-0.75,0.00,0.00,98,0,13,33.88,30.80,81.10,AMBULATING
11:43:03.896,-3.38,68.85,16.55,-0.75,0.00,0.00,98,0,0,33.94,30.80,81.10,AMBULATING
11:43:04.180,-3.38,68.85,16.55,-0.75,0.00,0.00,98,0,16,33.94,30.80,81.10,AMBULATING
11:43:04.479,-3.38,68.85,16.55,-0.75,0.00,0.00,98,0,1,33.94,30.80,81.10,AMBULATING
11:43:04.786,-3.38,68.85,16.55,-0.75,0.00,0.00,98,0,0,33.94,30.80,81.10,AMBULATING
11:43:05.031,-3.38,68.85,16.55,-0.75,0.00,0.00,98,0,0,33.94,30.80,81.10,AMBULATING
11:43:05.321,-3.38,68.85,16.55,-0.75,0.00,0.00,98,0,16,33.94,30.70,81.20,AMBULATING
11:43:05.606,-3.38,68.85,16.55,-0.75,0.00,0.00,98,0,18,34.00,30.70,81.20,AMBULATING
11:43:05.913,-3.38,68.85,16.55,-0.75,0.00,0.00,98,0,14,34.00,30.70,81.20,AMBULATING
11:43:06.219,-3.38,68.85,16.55,-0.75,0.00,0.00,98,0,14,34.00,30.70,81.20,AMBULATING
11:43:06.458,-3.38,68.85,16.55,-0.75,0.00,0.00,98,0,0,34.00,30.70,81.20,AMBULATING
11:43:06.771,-3.38,68.85,16.55,-0.75,0.00,0.00,98,0,19,34.00,30.70,81.20,AMBULATING
11:43:07.141,-3.38,68.85,16.55,-0.75,0.00,0.00,98,0,16,34.00,30.70,81.20,AMBULATING
11:43:07.350,-3.38,68.85,16.55,-0.75,0.00,0.00,98,0,0,34.00,30.70,81.20,AMBULATING
11:43:07.696,-3.38,68.85,16.55,-0.75,0.00,0.00,98,0,0,34.00,30.80,81.10,AMBULATING
11:43:07.993,-3.38,68.85,16.55,-0.75,0.00,0.00,98,0,0,34.00,30.80,81.10,AMBULATING
11:43:08.278,-3.38,68.85,16.55,-0.75,0.00,0.00,98,0,0,34.00,30.80,81.10,AMBULATING
11:43:08.574,-3.38,68.85,16.55,-0.75,0.00,0.00,98,0,0,34.00,30.80,81.10,AMBULATING
11:43:08.892,-3.38,68.85,16.55,-0.75,0.00,0.00,98,0,0,34.00,30.80,81.10,AMBULATING
11:43:09.108,-3.38,68.85,16.55,-0.75,0.00,0.00,98,0,0,34.06,30.80,81.10,AMBULATING
11:43:09.394,-3.38,68.85,16.55,-0.75,0.00,0.00,98,0,0,34.06,30.80,81.10,AMBULATING
11:43:09.598,-3.38,68.85,16.55,-0.75,0.00,0.00,98,0,0,34.06,30.80,81.10,AMBULATING
11:43:09.905,-3.38,68.85,16.55,-0.75,0.00,0.00,98,0,0,34.06,30.80,81.40,AMBULATING
11:43:10.153,-3.38,68.85,16.55,-0.75,0.00,0.00,98,0,0,34.06,30.80,81.40,AMBULATING
11:43:10.436,-3.38,68.85,16.55,-0.75,0.00,0.00,98,0,0,34.06,30.80,81.40,AMBULATING
11:43:10.725,-3.38,68.85,16.55,-0.75,0.00,0.00,98,0,0,34.06,30.80,81.40,AMBULATING
11:43:11.035,-3.38,68.85,16.55,-0.75,0.00,0.00,98,0,0,34.06,30.80,81.40,AMBULATING
11:43:11.340,-3.38,68.85,16.55,-0.75,0.00,0.00,98,0,0,34.06,30.80,81.40,AMBULATING
11:43:11.570,-3.38,68.85,16.55,-0.75,0.00,0.00,98,0,0,34.12,30.80,81.40,AMBULATING
11:43:11.854,-3.38,68.85,16.55,-0.75,0.00,0.00,98,0,0,34.12,30.80,81.40,AMBULATING
11:43:12.160,-3.38,68.85,16.55,-0.75,0.00,0.00,98,0,0,34.12,30.80,81.30,AMBULATING
11:43:12.466,-3.38,68.85,16.55,-0.75,0.00,0.00,98,0,0,34.12,30.80,81.30,AMBULATING
11:43:12.709,-3.38,68.85,16.55,-0.75,0.00,0.00,98,0,0,34.12,30.80,81.30,AMBULATING
11:43:12.995,-3.38,68.85,16.55,-0.75,0.00,0.00,98,0,1,34.12,30.80,81.30,AMBULATING
11:43:13.394,-3.38,68.85,16.55,-0.75,0.00,0.00,98,0,4,34.12,30.80,81.30,AMBULATING
11:43:13.594,-3.38,68.85,16.55,-0.75,0.00,0.00,98,0,0,34.12,30.80,81.30,AMBULATING
11:43:13.900,-3.38,68.85,16.55,-0.75,0.00,0.00,98,0,0,34.12,30.80,81.30,AMBULATING
11:43:14.128,-3.38,68.85,16.55,-0.75,0.00,0.00,98,0,0,34.19,30.80,81.30,AMBULATING
11:43:14.417,-3.38,68.85,16.55,-0.75,0.00,0.00,98,0,0,34.19,30.80,81.20,AMBULATING
11:43:14.720,-3.38,68.85,16.55,-0.75,0.00,0.00,98,0,0,34.19,30.80,81.20,AMBULATING
11:43:15.026,-3.38,68.85,16.55,-0.75,0.00,0.00,98,0,0,34.19,30.80,81.20,AMBULATING
11:43:15.339,-3.38,68.85,16.55,-0.75,0.00,0.00,98,0,0,34.19,30.80,81.20,AMBULATING
11:43:15.551,-3.38,68.85,16.55,-0.75,0.00,0.00,98,0,0,34.19,30.80,81.20,AMBULATING
11:43:15.845,-3.38,68.85,16.55,-0.75,0.00,0.00,98,0,0,34.19,30.80,81.20,AMBULATING
11:43:16.152,-3.38,68.85,16.55,-0.75,0.00,0.00,98,0,0,34.19,30.80,81.20,AMBULATING
11:43:16.470,-3.38,68.85,16.55,-0.75,0.00,0.00,98,0,0,34.19,30.80,81.20,AMBULATING
11:43:16.691,-3.38,68.85,16.55,-0.75,0.00,0.00,98,0,0,34.25,30.80,81.30,AMBULATING
11:43:16.975,-3.38,68.85,16.55,-0.75,0.00,0.00,98,0,0,34.25,30.80,81.30,AMBULATING
11:43:17.279,-3.38,68.85,16.55,-0.75,0.00,0.00,98,0,0,34.25,30.80,81.30,AMBULATING
11:43:17.586,-3.38,68.85,16.55,-0.75,0.00,0.00,98,0,0,34.25,30.80,81.30,AMBULATING
11:43:17.827,-3.38,68.85,16.55,-0.75,0.00,0.00,98,0,0,34.25,30.80,81.30,AMBULATING
11:43:18.111,-3.38,68.85,16.55,-0.75,0.00,0.00,98,0,16,34.25,30.80,81.30,AMBULATING
11:43:18.405,-3.38,68.85,16.55,-0.75,0.00,0.00,98,0,16,34.25,30.80,81.30,AMBULATING
11:43:18.713,-3.38,68.85,16.55,-0.75,0.00,0.00,98,0,0,34.25,30.80,81.30,AMBULATING
11:43:19.019,-3.38,68.85,16.55,-0.75,0.00,0.00,98,0,0,34.25,30.80,81.80,AMBULATING
11:43:19.250,-3.38,68.85,16.55,-0.75,0.00,0.00,98,0,0,34.25,30.80,81.80,AMBULATING
11:43:19.534,-3.38,68.85,16.55,-0.75,0.00,0.00,98,0,0,34.25,30.80,81.80,AMBULATING
11:43:19.838,-3.38,68.85,16.55,-0.75,0.00,0.00,98,0,0,34.25,30.80,81.80,AMBULATING
11:43:20.149,-3.38,68.85,16.55,-0.75,0.00,0.00,98,0,0,34.25,30.80,81.80,AMBULATING
11:43:20.384,-3.38,68.85,16.55,-0.75,0.00,0.00,98,0,0,34.25,30.80,81.80,AMBULATING
11:43:20.669,-3.38,68.85,16.55,-0.75,0.00,0.00,98,0,10,34.25,30.80,81.80,AMBULATING
11:43:20.965,-3.38,68.85,16.55,-0.75,0.00,0.00,98,0,0,34.31,30.80,81.80,AMBULATING
11:43:21.274,-3.38,68.85,16.55,-0.75,0.00,0.00,98,0,5,34.31,30.80,82.20,AMBULATING
11:43:21.579,-3.38,68.85,16.55,-0.75,0.00,0.00,98,0,0,34.31,30.80,82.20,AMBULATING
11:43:21.807,-3.38,68.85,16.55,-0.75,0.00,0.00,98,0,0,34.31,30.80,82.20,AMBULATING
11:43:22.091,-3.38,68.85,16.55,-0.75,0.00,0.00,98,0,6,34.31,30.80,82.20,AMBULATING
11:43:22.400,-3.38,68.85,16.55,-0.75,0.00,0.00,98,0,0,34.31,30.80,82.20,AMBULATING
11:43:22.707,-3.38,68.85,16.55,-0.75,0.00,0.00,98,0,0,34.31,30.80,82.20,AMBULATING
11:43:22.941,-3.38,68.85,16.55,-0.75,0.00,0.00,98,0,1,34.31,30.80,82.20,AMBULATING
11:43:23.225,-3.38,68.85,16.55,-0.75,0.00,0.00,98,0,6,34.31,30.80,82.20,AMBULATING
11:43:23.524,-3.38,68.85,16.55,-0.75,0.00,0.00,98,0,0,34.31,30.80,82.10,AMBULATING
11:43:23.832,-3.38,68.85,16.55,-0.75,0.00,0.00,98,0,0,34.31,30.80,82.10,AMBULATING
11:43:24.140,-3.38,68.85,16.55,-0.75,0.00,0.00,98,0,0,34.31,30.80,82.10,AMBULATING
11:43:24.367,-3.38,68.85,16.55,-0.75,0.00,0.00,98,0,0,34.31,30.80,82.10,AMBULATING
11:43:24.651,-3.38,68.85,16.55,-0.75,0.00,0.00,98,0,27,34.31,30.80,82.10,AMBULATING
11:43:24.959,-3.38,68.85,16.55,-0.75,0.00,0.00,98,0,14,34.31,30.80,82.10,AMBULATING
11:43:25.374,-3.38,68.85,16.55,-0.75,0.00,0.00,98,0,17,34.38,30.80,82.10,AMBULATING
11:43:25.499,-3.38,68.85,16.55,-0.75,0.00,0.00,98,0,0,34.38,30.80,82.10,AMBULATING
11:43:25.788,-3.38,68.85,16.55,-0.75,0.00,0.00,98,0,0,34.38,30.80,82.20,AMBULATING
11:43:26.084,-3.38,68.85,16.55,-0.75,0.00,0.00,98,0,0,34.38,30.80,82.20,AMBULATING
11:43:26.392,-3.38,68.85,16.55,-0.75,0.00,0.00,98,0,0,34.38,30.80,82.20,AMBULATING
11:43:26.639,-3.38,68.85,16.55,-0.75,0.00,0.00,98,0,0,34.38,30.80,82.20,AMBULATING
11:43:26.923,-3.38,68.85,16.55,-0.75,0.00,0.00,98,0,18,34.38,30.80,82.20,AMBULATING
11:43:27.211,-3.38,68.85,16.55,-0.75,0.00,0.00,98,0,3,34.38,30.80,82.20,AMBULATING
11:43:27.519,-3.38,68.85,16.55,-0.75,0.00,0.00,98,0,0,34.38,30.80,82.20,AMBULATING
11:43:27.826,-3.38,68.85,16.55,-0.75,0.00,0.00,98,0,0,34.38,30.80,82.20,AMBULATING
11:43:28.063,-3.38,68.85,16.55,-0.75,0.00,0.00,98,0,0,34.38,30.80,82.20,AMBULATING
11:43:28.348,-3.38,68.85,16.55,-0.75,0.00,0.00,98,0,24,34.38,30.80,82.20,AMBULATING
11:43:28.645,-3.38,68.85,16.55,-0.75,0.00,0.00,98,0,22,34.38,30.80,82.20,AMBULATING
11:43:28.952,-3.38,68.85,16.55,-0.75,0.00,0.00,98,0,23,34.38,30.80,82.20,AMBULATING
11:43:29.199,-3.38,68.85,16.55,-0.75,0.00,0.00,98,0,0,34.38,30.80,82.20,AMBULATING
11:43:29.487,-3.38,68.85,16.55,-0.75,0.00,0.00,98,0,0,34.31,30.80,82.20,AMBULATING
11:43:29.771,-3.38,68.85,16.55,-0.75,0.00,0.00,98,0,0,34.31,30.80,82.20,AMBULATING
11:43:30.081,-3.38,68.85,16.55,-0.75,0.00,0.00,98,0,0,34.31,30.80,82.20,AMBULATING
11:43:30.385,-3.38,68.85,16.55,-0.75,0.00,0.00,98,0,0,34.31,30.80,81.90,AMBULATING
11:43:30.621,-3.38,68.85,16.55,-0.75,0.00,0.00,98,0,0,34.31,30.80,81.90,AMBULATING
11:43:30.905,-3.38,68.85,16.55,-0.75,0.00,0.00,98,0,4,34.31,30.80,81.90,AMBULATING
11:43:31.206,-3.38,68.85,16.55,-0.75,0.00,0.00,98,0,0,34.31,30.80,81.90,AMBULATING
11:43:31.513,-3.38,68.85,16.55,-0.75,0.00,0.00,98,0,0,34.31,30.80,81.90,AMBULATING
11:43:31.756,-3.38,68.85,16.55,-0.75,0.00,0.00,98,0,0,34.31,30.80,81.90,AMBULATING
11:43:32.042,-3.38,68.85,16.55,-0.75,0.00,0.00,98,0,16,34.31,30.80,81.90,AMBULATING
11:43:32.332,-3.38,68.85,16.55,-0.75,0.00,0.00,98,0,12,34.31,30.80,81.90,AMBULATING
11:43:32.638,-3.38,68.85,16.55,-0.75,0.00,0.00,98,0,7,34.31,30.80,81.60,AMBULATING
11:43:32.946,-3.38,68.85,16.55,-0.75,0.00,0.00,98,0,10,34.31,30.80,81.60,AMBULATING
11:43:33.180,-3.38,68.85,16.55,-0.75,0.00,0.00,98,0,0,34.31,30.80,81.60,AMBULATING
11:43:33.464,-3.38,68.85,16.55,-0.75,0.00,0.00,98,0,0,34.31,30.80,81.60,AMBULATING
11:43:33.767,-3.38,68.85,16.55,-0.75,0.00,0.00,98,0,18,34.31,30.80,81.60,AMBULATING
11:43:34.072,-3.38,68.85,16.55,-0.75,0.00,0.00,98,0,2,34.31,30.80,81.60,AMBULATING
11:43:34.314,-3.38,68.85,16.55,-0.75,0.00,0.00,98,0,0,34.31,30.80,81.60,AMBULATING
11:43:34.601,-3.38,68.85,16.55,-0.75,0.00,0.00,98,0,0,34.31,30.80,81.60,AMBULATING
11:43:34.892,-3.38,68.85,16.55,-0.75,0.00,0.00,98,0,0,34.31,30.80,81.50,AMBULATING
11:43:35.199,-3.38,68.85,16.55,-0.75,0.00,0.00,98,0,0,34.31,30.80,81.50,AMBULATING
11:43:35.506,-3.38,68.85,16.55,-0.75,0.00,0.00,98,0,0,34.31,30.80,81.50,AMBULATING
11:43:35.737,-3.38,68.85,16.55,-0.75,0.00,0.00,98,0,0,34.31,30.80,81.50,AMBULATING
11:43:36.022,-3.38,68.85,16.55,-0.75,0.00,0.00,98,0,1,34.31,30.80,81.50,AMBULATING
11:43:36.427,-3.38,68.85,16.55,-0.75,0.00,0.00,98,0,10,34.31,30.80,81.50,AMBULATING
11:43:36.632,-3.38,68.85,16.55,-0.75,0.00,0.00,98,0,0,34.31,30.80,81.50,AMBULATING
11:43:36.872,-3.38,68.85,16.55,-0.75,0.00,0.00,98,0,0,34.31,30.80,81.50,AMBULATING
11:43:37.161,-3.38,68.85,16.55,-0.75,0.00,0.00,98,0,1,34.38,30.80,81.40,AMBULATING
11:43:37.452,-3.38,68.85,16.55,-0.75,0.00,0.00,98,0,14,34.38,30.80,81.40,AMBULATING
11:43:37.760,-3.38,68.85,16.55,-0.75,0.00,0.00,98,0,11,34.38,30.80,81.40,AMBULATING
11:43:38.066,-3.38,68.85,16.55,-0.75,0.00,0.00,98,0,0,34.38,30.80,81.40,AMBULATING
11:43:38.373,-3.38,68.85,16.55,-0.75,0.00,0.00,98,0,0,34.38,30.80,81.40,AMBULATING
11:43:38.578,-3.38,68.85,16.55,-0.75,0.00,0.00,98,0,0,34.38,30.80,81.40,AMBULATING
11:43:38.886,-3.38,68.85,16.55,-0.75,0.00,0.00,98,0,0,34.31,30.80,81.40,AMBULATING
11:43:39.192,-3.38,68.85,16.55,-0.75,0.00,0.00,98,0,0,34.31,30.80,81.40,AMBULATING
11:43:39.434,-3.38,68.85,16.55,-0.75,0.00,0.00,98,0,0,34.31,30.80,81.40,AMBULATING
11:43:39.719,-3.38,68.85,16.55,-0.75,0.00,0.00,98,0,7,34.31,30.80,81.40,AMBULATING
11:43:40.013,-3.38,68.85,16.55,-0.75,0.00,0.00,98,0,13,34.31,30.80,81.40,AMBULATING
11:43:40.319,-3.38,68.85,16.55,-0.75,0.00,0.00,98,0,0,34.31,30.80,81.40,AMBULATING
11:43:40.628,-3.38,68.85,16.55,-0.75,0.00,0.00,98,0,0,34.31,30.80,81.40,AMBULATING
11:43:40.853,-3.38,68.85,16.55,-0.75,0.00,0.00,98,0,0,34.31,30.80,81.40,AMBULATING
11:43:41.137,-3.38,68.85,16.55,-0.75,0.00,0.00,98,0,0,34.31,30.80,81.40,AMBULATING
11:43:41.446,-3.38,68.85,16.55,-0.75,0.00,0.00,98,0,10,34.31,30.80,81.40,AMBULATING
11:43:41.753,-3.38,68.85,16.55,-0.75,0.00,0.00,98,0,0,34.31,30.90,81.60,AMBULATING
11:43:41.992,-3.38,68.85,16.55,-0.75,0.00,0.00,98,0,0,34.31,30.90,81.60,AMBULATING
11:43:42.277,-3.38,68.85,16.55,-0.75,0.00,0.00,98,0,0,34.31,30.90,81.60,AMBULATING
11:43:42.709,-3.38,68.85,16.55,-0.75,0.00,0.00,98,0,0,34.31,30.90,81.60,AMBULATING
11:43:42.879,-3.38,68.85,16.55,-0.75,0.00,0.00,98,0,0,34.31,30.90,81.60,AMBULATING
11:43:43.186,-3.38,68.85,16.55,-0.75,0.00,0.00,98,0,0,34.38,30.90,81.60,AMBULATING
11:43:43.412,-3.38,68.85,16.55,-0.75,0.00,0.00,98,0,0,34.38,30.90,81.60,AMBULATING
11:43:43.699,-3.38,68.85,16.55,-0.75,0.00,0.00,98,0,0,34.38,30.90,81.60,AMBULATING
11:43:44.122,-3.38,68.85,16.55,-0.75,0.00,0.00,98,0,0,34.38,30.90,81.10,AMBULATING
11:43:44.426,-3.38,68.85,16.55,-0.75,0.00,0.00,98,0,0,34.38,30.90,81.10,AMBULATING
11:43:44.621,-3.38,68.85,16.55,-0.75,0.00,0.00,98,0,0,34.38,30.90,81.10,AMBULATING
11:43:44.837,-3.38,68.85,16.55,-0.75,0.00,0.00,98,0,0,34.31,30.90,81.10,AMBULATING
11:43:45.132,-3.38,68.85,16.55,-0.75,0.00,0.00,98,0,0,34.31,30.90,81.10,AMBULATING
11:43:45.439,-3.38,68.85,16.55,-0.75,0.00,0.00,98,0,5,34.31,30.90,81.10,AMBULATING
11:43:45.747,-3.38,68.85,16.55,-0.75,0.00,0.00,98,0,0,34.31,30.90,81.10,AMBULATING
11:43:45.972,-3.38,68.85,16.55,-0.75,0.00,0.00,98,0,0,34.31,30.90,81.10,AMBULATING
11:43:46.261,-3.38,68.85,16.55,-0.75,0.00,0.00,98,0,0,34.31,30.90,80.90,AMBULATING
11:43:46.565,-3.38,68.85,16.55,-0.75,0.00,0.00,98,0,0,34.31,30.90,80.90,AMBULATING
11:43:46.983,-3.38,68.85,16.55,-0.75,0.00,0.00,98,0,0,34.31,30.90,80.90,AMBULATING
11:43:47.179,-3.38,68.85,16.55,-0.75,0.00,0.00,98,0,0,34.31,30.90,80.90,AMBULATING
11:43:47.396,0.00,68.85,16.55,-0.75,0.00,0.00,98,0,0,34.31,30.90,80.90,AMBULATING
11:43:47.692,-3.38,68.85,16.55,-0.75,0.00,0.00,98,0,0,34.31,30.90,80.90,AMBULATING
11:43:47.999,-3.38,68.85,16.55,-0.75,0.00,0.00,98,0,0,34.31,30.90,80.90,AMBULATING
11:43:48.313,-3.38,68.85,16.55,-0.75,0.00,0.00,98,0,0,34.31,30.90,80.90,AMBULATING
11:43:48.533,-3.38,68.85,16.55,-0.75,0.00,0.00,98,0,0,34.31,30.90,80.80,AMBULATING
11:43:48.817,-3.38,68.85,16.55,-0.75,0.00,0.00,98,0,0,34.31,30.90,80.80,AMBULATING
11:43:49.134,-3.38,68.85,16.55,-0.75,0.00,0.00,98,0,0,34.31,30.90,80.80,AMBULATING
11:43:49.541,-3.38,68.85,16.55,-0.75,0.00,0.00,98,0,0,34.31,30.90,80.80,AMBULATING
11:43:49.671,-3.38,68.85,16.55,-0.75,0.00,0.00,98,0,0,34.31,30.90,80.80,AMBULATING
11:43:49.951,-3.38,68.85,16.55,-0.75,0.00,0.00,98,0,0,34.31,30.90,80.80,AMBULATING
11:43:50.354,-3.38,68.85,16.55,-0.75,0.00,0.00,98,0,0,34.31,30.90,80.80,AMBULATING
11:43:50.560,-3.38,68.85,16.55,-0.75,0.00,0.00,98,0,0,34.31,30.90,80.80,AMBULATING
11:43:50.807,-3.38,68.85,16.55,-0.75,0.00,0.00,98,0,0,34.38,30.90,80.70,AMBULATING
11:43:51.093,-3.38,68.85,16.55,-0.75,0.00,0.00,98,0,0,34.38,30.90,80.70,AMBULATING
11:43:51.378,-3.38,68.85,16.55,-0.75,0.00,0.00,98,0,0,34.38,30.90,80.70,AMBULATING
11:43:51.696,-3.38,68.85,16.55,-0.75,0.00,0.00,98,0,0,34.31,30.90,80.70,AMBULATING
11:43:51.994,-3.38,68.85,16.55,-0.75,0.00,0.00,98,0,0,34.31,30.90,80.70,AMBULATING
11:43:52.228,-3.38,68.85,16.55,-0.75,0.00,0.00,98,0,0,34.31,30.90,80.70,AMBULATING
11:43:52.512,-3.38,68.85,16.55,-0.75,0.00,0.00,98,0,0,34.38,30.90,80.70,AMBULATING
11:43:52.924,-3.38,68.85,16.55,-0.75,0.00,0.00,98,0,0,34.38,30.90,80.70,AMBULATING
11:43:53.118,-3.38,68.85,16.55,-0.75,0.00,0.00,98,0,0,34.38,30.90,80.50,AMBULATING
11:43:53.433,-3.38,68.85,16.55,-0.75,0.00,0.00,98,0,0,34.38,30.90,80.50,AMBULATING
11:43:53.654,-3.38,68.85,16.55,-0.75,0.00,0.00,98,0,0,34.38,30.90,80.50,AMBULATING
11:43:53.938,-3.38,68.85,16.55,-0.75,0.00,0.00,98,0,0,34.38,30.90,80.50,AMBULATING
11:43:54.255,-3.38,68.85,16.55,-0.75,0.00,0.00,98,0,0,34.38,30.90,80.50,AMBULATING
11:43:54.554,-3.38,68.85,16.55,-0.75,0.00,0.00,98,0,0,34.38,30.90,80.50,AMBULATING
11:43:54.789,-3.38,68.85,16.55,-0.75,0.00,0.00,98,0,0,34.38,30.90,80.50,AMBULATING
11:43:55.072,-3.38,68.85,16.55,-0.75,0.00,0.00,98,0,0,34.38,30.90,80.50,AMBULATING
11:43:55.379,-3.38,68.85,16.55,-0.75,0.00,0.00,98,0,0,34.38,30.90,80.80,AMBULATING
11:43:55.680,-3.38,68.85,16.55,-0.75,0.00,0.00,98,0,0,34.38,30.90,80.80,AMBULATING
11:43:55.928,-3.38,68.85,16.55,-0.75,0.00,0.00,98,0,0,34.38,30.90,80.80,AMBULATING
11:43:56.213,-3.38,68.85,16.55,-0.75,0.00,0.00,98,0,0,34.38,30.90,80.80,AMBULATING
11:43:56.498,-3.38,68.85,16.55,-0.75,0.00,0.00,98,0,0,34.38,30.90,80.80,AMBULATING
11:43:56.812,-3.38,68.85,16.55,-0.75,0.00,0.00,98,0,0,34.38,30.90,80.80,AMBULATING
11:43:57.113,-3.38,68.85,16.55,-0.75,0.00,0.00,98,0,0,34.38,30.90,80.80,AMBULATING
11:43:57.345,-3.38,68.85,16.55,-0.75,0.00,0.00,98,0,0,34.38,30.90,80.80,AMBULATING
11:43:57.633,-3.38,68.85,16.55,-0.75,0.00,0.00,98,0,0,34.44,31.00,81.10,AMBULATING
11:43:57.932,-3.38,68.85,16.55,-0.75,0.00,0.00,98,0,0,34.44,31.00,81.10,AMBULATING
11:43:58.239,-3.38,68.85,16.55,-0.75,0.00,0.00,98,0,0,34.44,31.00,81.10,AMBULATING
11:43:58.484,-3.38,68.85,16.55,-0.75,0.00,0.00,98,0,0,34.38,31.00,81.10,AMBULATING
11:43:58.768,-3.38,68.85,16.55,-0.75,0.00,0.00,98,0,0,34.38,31.00,81.10,AMBULATING
11:43:59.058,-3.38,68.85,16.55,-0.75,0.00,0.00,98,0,0,34.38,31.00,81.10,AMBULATING
11:43:59.366,14.71,68.85,16.55,-0.75,0.00,0.00,98,0,0,34.44,31.00,81.10,AMBULATING
11:43:59.672,-3.38,68.85,16.55,-0.75,0.00,0.00,98,0,0,34.44,31.00,81.10,AMBULATING
11:43:59.908,-3.38,68.85,16.55,-0.75,0.00,0.00,98,0,0,34.44,31.00,81.40,AMBULATING
11:44:00.191,-3.38,68.85,16.55,-0.75,0.00,0.00,98,0,0,34.44,31.00,81.40,AMBULATING
11:44:00.492,-3.38,68.85,16.55,-0.75,0.00,0.00,98,0,0,34.44,31.00,81.40,AMBULATING
11:44:00.799,-3.38,68.85,16.55,-0.75,0.00,0.00,98,0,0,34.44,31.00,81.40,AMBULATING
11:44:01.040,-3.38,68.85,16.55,-0.75,0.00,0.00,98,0,0,34.44,31.00,81.40,AMBULATING
11:44:01.324,-3.38,68.85,16.55,-0.75,0.00,0.00,98,0,0,34.44,31.00,81.40,AMBULATING
11:44:01.619,-3.38,68.85,16.55,-0.75,0.00,0.00,98,0,0,34.44,31.00,81.40,AMBULATING
11:44:01.925,-3.38,68.85,16.55,-0.75,0.00,0.00,98,0,0,34.44,31.00,81.40,AMBULATING
11:44:02.233,-3.38,68.85,16.55,-0.75,0.00,0.00,98,0,0,34.44,31.00,81.70,AMBULATING
11:44:02.463,-3.38,68.85,16.55,-0.75,0.00,0.00,98,0,0,34.44,31.00,81.70,AMBULATING
11:44:02.748,-3.38,68.85,16.55,-0.75,0.00,0.00,98,0,0,34.50,31.00,81.70,AMBULATING
11:44:03.052,-3.38,68.85,16.55,-0.75,0.00,0.00,98,0,0,34.50,31.00,81.70,AMBULATING
11:44:03.360,-3.38,68.85,16.55,-0.75,0.00,0.00,98,0,0,34.50,31.00,81.70,AMBULATING
11:44:03.597,-3.38,68.85,16.55,-0.75,0.00,0.00,98,0,0,34.44,31.00,81.70,AMBULATING
11:44:03.881,-3.38,68.85,16.55,-0.75,0.00,0.00,98,0,0,34.44,31.00,81.70,AMBULATING
11:44:04.178,-3.38,68.85,16.55,-0.75,0.00,0.00,98,0,0,34.44,31.00,81.70,AMBULATING
11:44:04.485,-3.38,68.85,16.55,-0.75,0.00,0.00,98,0,0,34.44,31.00,81.70,AMBULATING
11:44:04.792,-3.38,68.85,16.55,-0.75,0.00,0.00,98,0,0,34.44,31.00,81.70,AMBULATING
11:44:05.018,-3.38,68.85,16.55,-0.75,0.00,0.00,98,0,0,34.44,31.00,81.70,AMBULATING
11:44:05.304,-3.38,68.85,16.55,-0.75,0.00,0.00,98,0,0,34.50,31.00,81.70,AMBULATING
11:44:05.612,-3.38,68.85,16.55,-0.75,0.00,0.00,98,0,0,34.50,31.00,81.70,AMBULATING
11:44:05.918,-3.38,68.85,16.55,-0.75,0.00,0.00,98,0,0,34.50,31.00,81.70,AMBULATING
11:44:06.152,-3.38,68.85,16.55,-0.75,0.00,0.00,98,0,0,34.50,31.00,81.70,AMBULATING
11:44:06.436,-3.38,68.85,16.55,-0.75,0.00,0.00,98,0,0,34.50,31.00,81.70,AMBULATING
11:44:06.739,-3.38,68.85,16.55,-0.75,0.00,0.00,98,0,0,34.50,31.00,81.70,AMBULATING
11:44:07.046,-3.38,68.85,16.55,-0.75,0.00,0.00,98,0,0,34.50,31.00,81.70,AMBULATING
11:44:07.293,-3.38,68.85,16.55,-0.75,0.00,0.00,98,0,0,34.50,31.00,81.70,AMBULATING
11:44:07.575,-3.38,68.85,16.55,-0.75,0.00,0.00,98,0,2,34.50,31.00,81.70,AMBULATING
11:44:07.864,-3.38,68.85,16.55,-0.75,0.00,0.00,98,0,0,34.44,31.00,81.70,AMBULATING
11:44:08.172,-3.38,68.85,16.55,-0.75,0.00,0.00,98,0,0,34.44,31.00,81.70,AMBULATING
11:44:08.478,-3.38,68.85,16.55,-0.75,0.00,0.00,98,0,0,34.44,31.00,81.70,AMBULATING
11:44:08.708,-3.38,68.85,16.55,-0.75,0.00,0.00,98,0,0,34.44,31.00,81.70,AMBULATING
11:44:08.996,-3.38,68.85,16.55,-0.75,0.00,0.00,98,0,0,34.44,30.90,81.60,AMBULATING
11:44:09.299,-3.38,68.85,16.55,-0.75,0.00,0.00,98,0,0,34.44,30.90,81.60,AMBULATING
11:44:09.605,-3.38,68.85,16.55,-0.75,0.00,0.00,98,0,0,34.50,30.90,81.60,AMBULATING
11:44:09.848,-3.38,68.85,16.55,-0.75,0.00,0.00,98,0,0,34.50,30.90,81.60,AMBULATING
11:44:10.133,-3.38,68.85,16.55,-0.75,0.00,0.00,98,0,0,34.50,30.90,81.60,AMBULATING
11:44:10.424,-3.38,68.85,16.55,-0.75,0.00,0.00,98,0,0,34.44,30.90,81.60,AMBULATING
11:44:10.732,-3.38,68.85,16.55,-0.75,0.00,0.00,98,0,0,34.44,30.90,81.60,AMBULATING
11:44:11.039,-3.38,68.85,16.55,-0.75,0.00,0.00,98,0,0,34.44,30.90,81.60,AMBULATING
11:44:11.271,-3.38,68.85,16.55,-0.75,0.00,0.00,98,0,0,34.44,30.90,81.60,AMBULATING
11:44:11.554,-3.38,68.85,16.55,-0.75,0.00,0.00,98,0,0,34.44,30.90,81.60,AMBULATING
11:44:11.858,-3.38,68.85,16.55,-0.75,0.00,0.00,98,0,0,34.44,30.90,81.60,AMBULATING
11:44:12.165,-3.38,68.85,16.55,-0.75,0.00,0.00,98,0,0,34.44,30.90,81.60,AMBULATING
11:44:12.404,-3.38,68.85,16.55,-0.75,0.00,0.00,98,0,0,34.44,30.90,81.60,AMBULATING
11:44:12.687,-3.38,68.85,16.55,-0.75,0.00,0.00,98,0,0,34.44,30.90,81.60,AMBULATING
11:44:12.985,-3.38,68.85,16.55,-0.75,0.00,0.00,98,0,0,34.44,30.90,81.60,AMBULATING
11:44:13.291,-3.38,68.85,16.55,-0.75,0.00,0.00,98,0,0,34.44,30.90,81.60,AMBULATING
11:44:13.600,-3.38,68.85,16.55,-0.75,0.00,0.00,98,0,0,34.44,30.90,81.70,AMBULATING
11:44:13.826,-3.38,68.85,16.55,-0.75,0.00,0.00,98,0,0,34.44,30.90,81.70,AMBULATING
11:44:14.111,-3.38,68.85,16.55,-0.75,0.00,0.00,98,0,0,34.44,30.90,81.70,AMBULATING
11:44:14.418,-3.38,68.85,16.55,-0.75,0.00,0.00,98,0,0,34.44,30.90,81.70,AMBULATING
11:44:14.725,-3.38,68.85,16.55,-0.75,0.00,0.00,98,0,0,34.44,30.90,81.70,AMBULATING
11:44:14.960,-3.38,68.85,16.55,-0.75,0.00,0.00,98,0,0,34.44,30.90,81.70,AMBULATING
11:44:15.244,-3.38,68.85,16.55,-0.75,0.00,0.00,98,0,0,34.44,30.90,81.70,AMBULATING
11:44:15.544,-3.38,68.85,16.55,-0.75,0.00,0.00,98,0,0,34.44,30.90,81.70,AMBULATING
11:44:15.851,-3.38,68.85,16.55,-0.75,0.00,0.00,98,0,0,34.44,30.90,81.70,AMBULATING
11:44:16.097,-3.38,68.85,16.55,-0.75,0.00,0.00,98,0,0,34.44,30.90,81.70,AMBULATING
11:44:16.381,-3.38,68.85,16.55,-0.75,0.00,0.00,98,0,0,34.44,30.90,81.70,AMBULATING
11:44:16.671,-3.38,68.85,16.55,-0.75,0.00,0.00,98,0,0,34.44,30.90,81.70,AMBULATING
11:44:16.978,-3.38,68.85,16.55,-0.75,0.00,0.00,98,0,0,34.44,30.90,81.70,AMBULATING
11:44:17.285,-3.38,68.85,16.55,-0.75,0.00,0.00,98,0,0,34.44,30.90,81.70,AMBULATING
11:44:17.516,-3.38,68.85,16.55,-0.75,0.00,0.00,98,0,0,34.44,30.90,81.70,AMBULATING
11:44:17.800,-3.38,68.85,16.55,-0.75,0.00,0.00,98,0,0,34.44,30.90,81.70,AMBULATING
11:44:18.105,-3.38,68.85,16.55,-0.75,0.00,0.00,98,0,0,34.44,30.90,81.60,AMBULATING
11:44:18.412,-3.38,68.85,16.55,-0.75,0.00,0.00,98,0,0,34.44,30.90,81.60,AMBULATING
11:44:18.655,-3.38,68.85,16.55,-0.75,0.00,0.00,98,0,0,34.44,30.90,81.60,AMBULATING
11:44:18.939,-3.38,68.85,16.55,-0.75,0.00,0.00,98,0,0,34.44,30.90,81.60,AMBULATING
11:44:19.231,-3.38,68.85,16.55,-0.75,0.00,0.00,98,0,0,34.44,30.90,81.60,AMBULATING
11:44:19.539,-3.38,68.85,16.55,-0.75,0.00,0.00,98,0,0,34.44,30.90,81.60,AMBULATING
11:44:19.845,-3.38,68.85,16.55,-0.75,0.00,0.00,98,0,0,34.44,30.90,81.60,AMBULATING
11:44:20.072,-3.38,68.85,16.55,-0.75,0.00,0.00,98,0,0,34.44,30.90,81.60,AMBULATING
11:44:20.361,-3.38,68.85,16.55,-0.75,0.00,0.00,98,0,0,34.44,30.90,81.80,AMBULATING
11:44:20.665,-3.38,68.85,16.55,-0.75,0.00,0.00,98,0,0,34.44,30.90,81.80,AMBULATING
11:44:20.972,-3.38,68.85,16.55,-0.75,0.00,0.00,98,0,0,34.44,30.90,81.80,AMBULATING
11:44:21.210,-3.38,68.85,16.55,-0.75,0.00,0.00,98,0,0,34.44,30.90,81.80,AMBULATING
11:44:21.494,-3.38,68.85,16.55,-0.75,0.00,0.00,98,0,0,34.44,30.90,81.80,AMBULATING
11:44:21.790,-3.38,68.85,16.55,-0.75,0.00,0.00,98,0,0,34.44,30.90,81.80,AMBULATING
11:44:22.098,-3.38,68.85,16.55,-0.75,0.00,0.00,98,0,0,34.44,30.90,81.80,AMBULATING
11:44:22.344,-3.38,68.85,16.55,-0.75,0.00,0.00,98,0,0,34.44,30.90,81.80,AMBULATING
11:44:22.632,-3.38,68.85,16.55,-0.75,0.00,0.00,98,0,0,34.44,30.90,81.70,AMBULATING
11:44:22.916,-3.38,68.85,16.55,-0.75,0.00,0.00,98,0,0,34.44,30.90,81.70,AMBULATING
11:44:23.234,-3.38,68.85,16.55,-0.75,0.00,0.00,98,0,0,34.44,30.90,81.70,AMBULATING
11:44:23.532,-3.38,68.85,16.55,-0.75,0.00,0.00,98,0,0,34.44,30.90,81.70,AMBULATING
11:44:23.766,-3.38,68.85,16.55,-0.75,0.00,0.00,98,0,0,34.44,30.90,81.70,AMBULATING
11:44:24.049,-3.38,68.85,16.55,-0.75,0.00,0.00,98,0,0,34.44,30.90,81.70,AMBULATING
11:44:24.351,-3.38,68.85,16.55,-0.75,0.00,0.00,98,0,0,34.44,30.90,81.70,AMBULATING
11:44:24.658,-3.38,68.85,16.55,-0.75,0.00,0.00,98,0,0,34.44,30.90,81.70,AMBULATING
11:44:24.903,-3.38,68.85,16.55,-0.75,0.00,0.00,98,0,0,34.50,30.90,81.60,AMBULATING
11:44:25.188,-3.38,68.85,16.55,-0.75,0.00,0.00,98,0,0,34.50,30.90,81.60,AMBULATING
11:44:25.477,-3.38,68.85,16.55,-0.75,0.00,0.00,98,0,0,34.50,30.90,81.60,AMBULATING
11:44:25.785,-3.38,68.85,16.55,-0.75,0.00,0.00,98,0,0,34.50,30.90,81.60,AMBULATING
11:44:26.092,-3.38,68.85,16.55,-0.75,0.00,0.00,98,0,0,34.50,30.90,81.60,AMBULATING
11:44:26.321,-3.38,68.85,16.55,-0.75,0.00,0.00,98,0,0,34.50,30.90,81.60,AMBULATING
11:44:26.605,-3.38,68.85,16.55,-0.75,0.00,0.00,98,0,0,34.50,30.90,81.60,AMBULATING
11:44:26.910,-3.38,68.85,16.55,-0.75,0.00,0.00,98,0,0,34.50,30.90,81.60,AMBULATING
11:44:27.218,-3.38,68.85,16.55,-0.75,0.00,0.00,98,0,0,34.50,30.90,81.40,AMBULATING
11:44:27.459,-3.38,68.85,16.55,-0.75,0.00,0.00,98,0,0,34.44,30.90,81.40,AMBULATING
11:44:27.742,-3.38,68.85,16.55,-0.75,0.00,0.00,98,0,0,34.44,30.90,81.40,AMBULATING
11:44:28.037,-3.38,68.85,16.55,-0.75,0.00,0.00,98,0,0,34.44,30.90,81.40,AMBULATING
11:44:28.344,-3.38,68.85,16.55,-0.75,0.00,0.00,98,0,0,34.44,30.90,81.40,AMBULATING
11:44:28.592,-3.38,68.85,16.55,-0.75,0.00,0.00,98,0,0,34.44,30.90,81.40,AMBULATING
11:44:28.875,-3.38,68.85,16.55,-0.75,0.00,0.00,98,0,0,34.44,30.90,81.40,AMBULATING
11:44:29.163,-3.38,68.85,16.55,-0.75,0.00,0.00,98,0,0,34.44,30.90,81.40,AMBULATING
11:44:29.471,-3.38,68.85,16.55,-0.75,0.00,0.00,98,0,0,34.44,30.90,81.20,AMBULATING
11:44:29.778,-3.38,68.85,16.55,-0.75,0.00,0.00,98,0,0,34.44,30.90,81.20,AMBULATING
11:44:30.014,-3.38,68.85,16.55,-0.75,0.00,0.00,98,0,0,34.44,30.90,81.20,AMBULATING
11:44:30.299,-3.38,68.85,16.55,-0.75,0.00,0.00,98,0,0,34.44,30.90,81.20,AMBULATING
11:44:30.597,-3.38,68.85,16.55,-0.75,0.00,0.00,98,0,0,34.44,30.90,81.20,AMBULATING
11:44:30.904,-3.38,68.85,16.55,-0.75,0.00,0.00,98,0,0,34.44,30.90,81.20,AMBULATING
11:44:31.148,-3.38,68.85,16.55,-0.75,0.00,0.00,98,0,0,34.44,30.90,81.20,AMBULATING
11:44:31.432,-3.38,68.85,16.55,-0.75,0.00,0.00,98,0,0,34.44,30.90,81.20,AMBULATING
11:44:31.723,-3.38,68.85,16.55,-0.75,0.00,0.00,98,0,0,34.44,30.90,80.90,AMBULATING
11:44:32.031,-3.38,68.85,16.55,-0.75,0.00,0.00,98,0,0,34.44,30.90,80.90,AMBULATING
11:44:32.338,-3.38,68.85,16.55,-0.75,0.00,0.00,98,0,0,34.44,30.90,80.90,AMBULATING
11:44:32.571,-3.38,68.85,16.55,-0.75,0.00,0.00,98,0,0,34.44,30.90,80.90,AMBULATING
11:44:32.855,-3.38,68.85,16.55,-0.75,0.00,0.00,98,0,0,34.44,30.90,80.90,AMBULATING
11:44:33.157,-3.38,68.85,16.55,-0.75,0.00,0.00,98,0,0,34.44,30.90,80.90,AMBULATING
11:44:33.464,-3.38,68.85,16.55,-0.75,0.00,0.00,98,0,0,34.44,30.90,80.90,AMBULATING
11:44:33.705,-3.38,68.85,16.55,-0.75,0.00,0.00,98,0,0,34.44,30.90,80.90,AMBULATING
11:44:33.993,-3.38,68.85,16.55,-0.75,0.00,0.00,98,0,0,34.44,30.90,80.70,AMBULATING
11:44:34.283,-3.38,68.85,16.55,-0.75,0.00,0.00,98,0,0,34.38,30.90,80.70,AMBULATING
11:44:34.592,-3.38,68.85,16.55,-0.75,0.00,0.00,98,0,0,34.38,30.90,80.70,AMBULATING
11:44:34.898,-3.38,68.85,16.55,-0.75,0.00,0.00,98,0,0,34.38,30.90,80.70,AMBULATING
11:44:35.127,-3.38,68.85,16.55,-0.75,0.00,0.00,98,0,0,34.38,30.90,80.70,AMBULATING
11:44:35.412,-3.38,68.85,16.55,-0.75,0.00,0.00,98,0,0,34.38,30.90,80.70,AMBULATING
11:44:35.717,-3.38,68.85,16.55,-0.75,0.00,0.00,98,0,0,34.38,30.90,80.70,AMBULATING
11:44:36.024,-3.38,68.85,16.55,-0.75,0.00,0.00,98,0,0,34.38,30.90,80.70,AMBULATING
11:44:36.266,-3.38,68.85,16.55,-0.75,0.00,0.00,98,0,0,34.38,30.90,80.60,AMBULATING
11:44:36.551,-3.38,68.85,16.55,-0.75,0.00,0.00,98,0,0,34.38,30.90,80.60,AMBULATING
11:44:36.844,-3.38,68.85,16.55,-0.75,0.00,0.00,98,0,0,34.38,30.90,80.60,AMBULATING
11:44:37.151,-3.38,68.85,16.55,-0.75,0.00,0.00,98,0,0,34.38,30.90,80.60,AMBULATING
11:44:37.458,-3.38,68.85,16.55,-0.75,0.00,0.00,98,0,0,34.38,30.90,80.60,AMBULATING
11:44:37.684,-3.38,68.85,16.55,-0.75,0.00,0.00,98,0,0,34.38,30.90,80.60,AMBULATING
11:44:37.969,-3.38,68.85,16.55,-0.75,0.00,0.00,98,0,0,34.38,30.90,80.60,AMBULATING
11:44:38.277,-3.38,68.85,16.55,-0.75,0.00,0.00,98,0,0,34.38,30.90,80.60,AMBULATING
11:44:38.584,-3.38,68.85,16.55,-0.75,0.00,0.00,98,0,0,34.38,30.90,80.50,AMBULATING
11:44:38.823,-3.38,68.85,16.55,-0.75,0.00,0.00,98,0,0,34.38,30.90,80.50,AMBULATING
11:44:39.107,-3.38,68.85,16.55,-0.75,0.00,0.00,98,0,0,34.38,30.90,80.50,AMBULATING
11:44:39.404,-3.38,68.85,16.55,-0.75,0.00,0.00,98,0,0,34.44,30.90,80.50,AMBULATING
11:44:39.712,-3.38,68.85,16.55,-0.75,0.00,0.00,98,0,0,34.44,30.90,80.50,AMBULATING
11:44:39.956,-3.38,68.85,16.55,-0.75,0.00,0.00,98,0,0,34.44,30.90,80.50,AMBULATING
11:44:40.241,-3.38,68.85,16.55,-0.75,0.00,0.00,98,0,0,34.44,30.90,80.50,AMBULATING
11:44:40.529,-3.38,68.85,16.55,-0.75,0.00,0.00,98,0,0,34.44,30.90,80.50,AMBULATING
11:44:40.838,-3.38,68.85,16.55,-0.75,0.00,0.00,98,0,0,34.44,30.80,80.40,AMBULATING
11:44:41.145,-3.38,68.85,16.55,-0.75,0.00,0.00,98,0,0,34.44,30.80,80.40,AMBULATING
11:44:41.378,-3.38,68.85,16.55,-0.75,0.00,0.00,98,0,0,34.44,30.80,80.40,AMBULATING
11:44:41.663,-3.38,68.85,16.55,-0.75,0.00,0.00,98,0,0,34.44,30.80,80.40,AMBULATING
11:44:41.963,-3.38,68.85,16.55,-0.75,0.00,0.00,98,0,0,34.44,30.80,80.40,AMBULATING
11:44:42.271,-3.38,68.85,16.55,-0.75,0.00,0.00,98,0,0,34.44,30.80,80.40,AMBULATING
11:44:42.512,-3.38,68.85,16.55,-0.75,0.00,0.00,98,0,0,34.44,30.80,80.40,AMBULATING
11:44:42.796,-3.38,68.85,16.55,-0.75,0.00,0.00,98,0,0,34.44,30.80,80.40,AMBULATING
11:44:43.090,-3.38,68.85,16.55,-0.75,0.00,0.00,98,0,0,34.44,30.80,80.20,AMBULATING
11:44:43.397,-3.38,68.85,16.55,-0.75,0.00,0.00,98,0,0,34.44,30.80,80.20,AMBULATING
11:44:43.705,-3.38,68.85,16.55,-0.75,0.00,0.00,98,0,0,34.38,30.80,80.20,AMBULATING
11:44:43.936,-3.38,68.85,16.55,-0.75,0.00,0.00,98,0,0,34.38,30.80,80.20,AMBULATING
11:44:44.220,-3.38,68.85,16.55,-0.75,0.00,0.00,98,0,0,34.38,30.80,80.20,AMBULATING
11:44:44.523,-3.38,68.85,16.55,-0.75,0.00,0.00,98,0,0,34.31,30.80,80.20,AMBULATING
11:44:44.830,-3.38,68.85,16.55,-0.75,0.00,0.00,98,0,0,34.31,30.80,80.20,AMBULATING
11:44:45.072,-3.38,68.85,16.55,-0.75,0.00,0.00,98,0,0,34.31,30.80,80.20,AMBULATING
11:44:45.360,-3.38,68.85,16.55,-0.75,0.00,0.00,98,0,0,34.25,30.70,80.00,AMBULATING
11:44:45.650,-3.38,68.85,16.55,-0.75,0.00,0.00,98,0,0,34.25,30.70,80.00,AMBULATING
11:44:45.957,-3.38,68.85,16.55,-0.75,0.00,0.00,98,0,0,34.25,30.70,80.00,AMBULATING
11:44:46.264,-3.38,68.85,16.55,-0.75,0.00,0.00,98,0,0,34.19,30.70,80.00,AMBULATING
11:44:46.491,-3.38,68.85,16.55,-0.75,0.00,0.00,98,0,0,34.19,30.70,80.00,AMBULATING
11:44:46.775,-3.38,68.85,16.55,-0.75,0.00,0.00,98,0,0,34.19,30.70,80.00,AMBULATING
11:44:47.084,-3.38,68.85,16.55,-0.75,0.00,0.00,98,0,0,34.12,30.70,80.00,AMBULATING
11:44:47.391,-3.38,68.85,16.55,-0.75,0.00,0.00,98,0,0,34.12,30.70,80.00,AMBULATING
11:44:47.630,-3.38,68.85,16.55,-0.75,0.00,0.00,98,0,0,34.12,30.80,80.00,AMBULATING
11:44:47.916,-3.38,68.85,16.55,-0.75,0.00,0.00,98,0,0,34.06,30.80,80.00,AMBULATING
11:44:48.210,-3.38,68.85,16.55,-0.75,0.00,0.00,98,0,0,34.06,30.80,80.00,AMBULATING
11:44:48.518,-3.38,68.85,16.55,-0.75,0.00,0.00,98,0,0,34.06,30.80,80.00,AMBULATING
11:44:48.825,-3.38,68.85,16.55,-0.75,0.00,0.00,98,0,0,33.94,30.80,80.00,AMBULATING
11:44:49.050,-3.38,68.85,16.55,-0.75,0.00,0.00,98,0,0,33.94,30.80,80.00,AMBULATING
11:44:49.336,-3.38,68.85,16.55,-0.75,0.00,0.00,98,0,0,33.94,30.80,80.00,AMBULATING
11:44:49.643,-3.38,68.85,16.55,-0.75,0.00,0.00,98,0,0,33.94,30.80,80.00,AMBULATING
11:44:49.951,-3.38,68.85,16.55,-0.75,0.00,0.00,98,0,0,33.94,30.70,79.90,AMBULATING
11:44:50.188,-3.38,68.85,16.55,-0.75,0.00,0.00,98,0,0,33.94,30.70,79.90,AMBULATING
11:44:50.473,-3.38,68.85,16.55,-0.75,0.00,0.00,98,0,0,33.94,30.70,79.90,AMBULATING
11:44:50.770,-3.38,68.85,16.55,-0.75,0.00,0.00,98,0,0,33.94,30.70,79.90,AMBULATING
11:44:51.077,-3.38,68.85,16.55,-0.75,0.00,0.00,98,0,0,33.94,30.70,79.90,AMBULATING
11:44:51.323,-3.38,68.85,16.55,-0.75,0.00,0.00,98,0,0,33.94,30.70,79.90,AMBULATING
11:44:51.607,-3.38,68.85,16.55,-0.75,0.00,0.00,98,0,0,33.94,30.70,79.90,AMBULATING
11:44:51.897,-3.38,68.85,16.55,-0.75,0.00,0.00,98,0,0,33.94,30.70,79.90,AMBULATING
11:44:52.204,-3.38,68.85,16.55,-0.75,0.00,0.00,98,0,0,33.88,30.70,80.30,AMBULATING
11:44:52.511,-3.38,68.85,16.55,-0.75,0.00,0.00,98,0,0,33.88,30.70,80.30,AMBULATING
11:44:52.747,-3.38,68.85,16.55,-0.75,0.00,0.00,98,0,0,33.88,30.70,80.30,AMBULATING
11:44:53.029,-3.38,68.85,16.55,-0.75,0.00,0.00,98,0,0,33.88,30.70,80.30,AMBULATING
11:44:53.330,-3.38,68.85,16.55,-0.75,0.00,0.00,98,0,0,33.88,30.70,80.30,AMBULATING
11:44:53.637,-3.38,68.85,16.55,-0.75,0.00,0.00,98,0,0,33.88,30.70,80.30,AMBULATING
11:44:53.880,-3.38,68.85,16.55,-0.75,0.00,0.00,98,0,0,33.94,30.70,80.30,AMBULATING
11:44:54.163,-3.38,68.85,16.55,-0.75,0.00,0.00,98,0,0,33.94,30.70,80.30,AMBULATING
11:44:54.456,-3.38,68.85,16.55,-0.75,0.00,0.00,98,0,0,33.94,30.70,80.40,AMBULATING
11:44:54.764,-3.38,68.85,16.55,-0.75,0.00,0.00,98,0,0,33.88,30.70,80.40,AMBULATING
11:44:55.071,-3.38,68.85,16.55,-0.75,0.00,0.00,98,0,0,33.88,30.70,80.40,AMBULATING
11:44:55.302,-3.38,68.85,16.55,-0.75,0.00,0.00,98,0,0,33.88,30.70,80.40,AMBULATING
11:44:55.588,0.00,68.85,16.55,-0.75,0.00,0.00,98,0,0,33.94,30.70,80.40,AMBULATING
11:44:55.890,-3.38,68.85,16.55,-0.75,0.00,0.00,98,0,0,33.94,30.70,80.40,AMBULATING
11:44:56.197,-3.38,68.85,16.55,-0.75,0.00,0.00,98,0,0,33.94,30.70,80.40,AMBULATING
11:44:56.438,-3.38,68.85,16.55,-0.75,0.00,0.00,98,0,0,33.94,30.70,80.40,AMBULATING
11:44:56.727,-3.38,68.85,16.55,-0.75,0.00,0.00,98,0,0,33.94,30.70,80.50,AMBULATING
11:44:57.016,-3.38,68.85,16.55,-0.75,0.00,0.00,98,0,0,33.94,30.70,80.50,AMBULATING
11:44:57.324,-3.38,68.85,16.55,-0.75,0.00,0.00,98,0,0,33.94,30.70,80.50,AMBULATING
11:44:57.631,-3.38,68.85,16.55,-0.75,0.00,0.00,98,0,0,33.94,30.70,80.50,AMBULATING
11:44:57.860,-3.38,68.85,16.55,-0.75,0.00,0.00,98,0,0,33.94,30.70,80.50,AMBULATING
11:44:58.143,-3.38,68.85,16.55,-0.75,0.00,0.00,98,0,0,33.94,30.70,80.50,AMBULATING
11:44:58.451,-3.38,68.85,16.55,-0.75,0.00,0.00,98,0,0,33.94,30.70,80.50,AMBULATING
11:44:58.757,-3.38,68.85,16.55,-0.75,0.00,0.00,98,0,0,33.94,30.70,80.50,AMBULATING
11:44:59.000,-3.38,68.85,16.55,-0.75,0.00,0.00,98,0,0,33.94,30.70,80.60,AMBULATING
11:44:59.286,-3.38,68.85,16.55,-0.75,0.00,0.00,98,0,0,33.94,30.70,80.60,AMBULATING
11:44:59.577,-3.38,68.85,16.55,-0.75,0.00,0.00,98,0,0,33.94,30.70,80.60,AMBULATING
11:44:59.883,-3.38,68.85,16.55,-0.75,0.00,0.00,98,0,0,34.00,30.70,80.60,AMBULATING
11:45:00.191,-3.38,68.85,16.55,-0.75,0.00,0.00,98,0,0,34.00,30.70,80.60,AMBULATING
11:45:00.419,-3.38,68.85,16.55,-0.75,0.00,0.00,98,0,0,34.00,30.70,80.60,AMBULATING
11:45:00.703,-3.38,68.85,16.55,-0.75,0.00,0.00,98,0,0,34.00,30.70,80.60,AMBULATING
11:45:01.009,-3.38,68.85,16.55,-0.75,0.00,0.00,98,0,0,34.00,30.70,80.60,AMBULATING
11:45:01.317,-3.38,68.85,16.55,-0.75,0.00,0.00,98,0,0,34.00,30.80,80.70,AMBULATING
11:45:01.559,-3.38,68.85,16.55,-0.75,0.00,0.00,98,0,0,34.06,30.80,80.70,AMBULATING
11:45:01.843,-3.38,68.85,16.55,-0.75,0.00,0.00,98,0,0,34.06,30.80,80.70,AMBULATING
11:45:02.136,-3.38,68.85,16.55,-0.75,0.00,0.00,98,0,0,34.06,30.80,80.70,AMBULATING
11:45:02.444,-3.38,68.85,16.55,-0.75,0.00,0.00,98,0,0,34.06,30.80,80.70,AMBULATING
11:45:02.751,-3.38,68.85,16.55,-0.75,0.00,0.00,98,0,0,34.06,30.80,80.70,AMBULATING
11:45:02.977,-3.38,68.85,16.55,-0.75,0.00,0.00,98,0,0,34.06,30.80,80.70,AMBULATING
11:45:03.262,-3.38,68.85,16.55,-0.75,0.00,0.00,98,0,0,34.06,30.80,80.70,AMBULATING
11:45:03.571,-3.38,68.85,16.55,-0.75,0.00,0.00,98,0,0,34.06,30.80,80.70,AMBULATING
11:45:03.877,-3.38,68.85,16.55,-0.75,0.00,0.00,98,0,0,34.06,30.80,80.70,AMBULATING
11:45:04.115,-3.38,68.85,16.55,-0.75,0.00,0.00,98,0,0,34.12,30.80,80.70,AMBULATING
11:45:04.399,-3.38,68.85,16.55,-0.75,0.00,0.00,98,0,0,34.12,30.80,80.70,AMBULATING
11:45:04.697,-3.38,68.85,16.55,-0.75,0.00,0.00,98,0,0,34.12,30.80,80.70,AMBULATING
11:45:05.005,-3.38,68.85,16.55,-0.75,0.00,0.00,98,0,0,34.12,30.80,80.70,AMBULATING
11:45:05.249,-3.38,68.85,16.55,-0.75,0.00,0.00,98,0,0,34.12,30.80,80.70,AMBULATING
11:45:05.533,-3.38,68.85,16.55,-0.75,0.00,0.00,98,0,0,34.12,30.80,80.70,AMBULATING
11:45:05.822,-3.38,68.85,16.55,-0.75,0.00,0.00,98,0,0,34.12,30.80,80.80,AMBULATING
11:45:06.132,-3.38,68.85,16.55,-0.75,0.00,0.00,98,0,0,34.12,30.80,80.80,AMBULATING
11:45:06.437,-3.38,68.85,16.55,-0.75,0.00,0.00,98,0,0,34.12,30.80,80.80,AMBULATING
11:45:06.672,-3.38,68.85,16.55,-0.75,0.00,0.00,98,0,0,34.12,30.80,80.80,AMBULATING
11:45:06.956,-3.38,68.85,16.55,-0.75,0.00,0.00,98,0,0,34.12,30.80,80.80,AMBULATING
11:45:07.256,-3.38,68.85,16.55,-0.75,0.00,0.00,98,0,0,34.12,30.80,80.80,AMBULATING
11:45:07.564,-3.38,68.85,16.55,-0.75,0.00,0.00,98,0,0,34.19,30.80,80.80,AMBULATING
11:45:07.807,-3.38,68.85,16.55,-0.75,0.00,0.00,98,0,0,34.19,30.80,80.80,AMBULATING
11:45:08.095,-3.38,68.85,16.55,-0.75,0.00,0.00,98,0,0,34.19,30.80,80.80,AMBULATING
11:45:08.383,0.00,68.85,16.55,-0.75,0.00,0.00,98,0,0,34.19,30.80,80.80,AMBULATING
11:45:08.690,-3.38,68.85,16.55,-0.75,0.00,0.00,98,0,0,34.19,30.80,80.80,AMBULATING
11:45:08.997,-3.38,68.85,16.55,-0.75,0.00,0.00,98,0,0,34.19,30.80,80.80,AMBULATING
11:45:09.229,-3.38,68.85,16.55,-0.75,0.00,0.00,98,0,0,34.19,30.80,80.80,AMBULATING
11:45:09.513,-3.38,68.85,16.55,-0.75,0.00,0.00,98,0,0,34.19,30.80,80.80,AMBULATING
11:45:09.816,-3.38,68.85,16.55,-0.75,0.00,0.00,98,0,0,34.19,30.80,80.80,AMBULATING
11:45:10.123,-3.38,68.85,16.55,-0.75,0.00,0.00,98,0,0,34.19,30.80,80.80,AMBULATING
11:45:10.368,-3.38,68.85,16.55,-0.75,0.00,0.00,98,0,0,34.19,30.80,80.80,AMBULATING
11:45:10.652,10.11,68.85,16.55,-0.75,0.00,0.00,98,0,0,34.19,30.80,80.80,AMBULATING
11:45:10.944,-3.38,68.85,16.55,-0.75,0.00,0.00,98,0,0,34.25,30.80,80.80,AMBULATING
11:45:11.250,-3.38,68.85,16.55,-0.75,0.00,0.00,98,0,0,34.25,30.80,80.80,AMBULATING
11:45:11.557,-3.38,68.85,16.55,-0.75,0.00,0.00,98,0,0,34.25,30.80,80.80,AMBULATING
11:45:11.788,-3.38,68.85,16.55,-0.75,0.00,0.00,98,0,0,34.25,30.80,80.80,AMBULATING
11:45:12.072,-3.38,68.85,16.55,-0.75,0.00,0.00,98,0,0,34.25,30.80,80.80,AMBULATING
11:45:12.377,-3.38,68.85,16.55,-0.75,0.00,0.00,98,0,0,34.25,30.80,80.80,AMBULATING
11:45:12.684,-3.38,68.85,16.55,-0.75,0.00,0.00,98,0,0,34.25,30.80,80.80,AMBULATING
11:45:12.928,10.11,68.85,16.55,-0.75,0.00,0.00,98,0,0,34.25,30.80,80.80,AMBULATING
11:45:13.213,-3.38,68.85,16.55,-0.75,0.00,0.00,98,0,0,34.25,30.80,80.80,AMBULATING
11:45:13.503,-3.38,68.85,16.55,-0.75,0.00,0.00,98,0,0,34.25,30.80,80.80,AMBULATING
11:45:13.810,-3.38,68.85,16.55,-0.75,0.00,0.00,98,0,0,34.25,30.80,80.80,AMBULATING
11:45:14.118,-3.38,68.85,16.55,-0.75,0.00,0.00,98,0,0,34.25,30.80,80.80,AMBULATING
11:45:14.348,-3.38,68.85,16.55,-0.75,0.00,0.00,98,0,0,34.31,30.80,80.80,AMBULATING
11:45:14.633,-3.38,68.85,16.55,-0.75,0.00,0.00,98,0,0,34.31,30.80,80.80,AMBULATING
11:45:14.937,-3.38,68.85,16.55,-0.75,0.00,0.00,98,0,0,34.31,30.90,80.80,AMBULATING
11:45:15.243,-3.38,68.85,16.55,-0.75,0.00,0.00,98,0,0,34.31,30.90,80.80,AMBULATING
11:45:15.489,-3.38,68.85,16.55,-0.75,0.00,0.00,98,0,0,34.31,30.90,80.80,AMBULATING
11:45:15.772,-3.38,68.85,16.55,-0.75,0.00,0.00,98,0,0,34.31,30.90,80.80,AMBULATING
11:45:16.063,-3.38,68.85,16.55,-0.75,0.00,0.00,98,0,0,34.31,30.90,80.80,AMBULATING
11:45:16.371,-3.38,68.85,16.55,-0.75,0.00,0.00,98,0,0,34.31,30.90,80.80,AMBULATING
11:45:16.677,-3.38,68.85,16.55,-0.75,0.00,0.00,98,0,0,34.31,30.90,80.80,AMBULATING
11:45:16.905,-3.38,68.85,16.55,-0.75,0.00,0.00,98,0,0,34.31,30.90,80.80,AMBULATING
11:45:17.194,-3.38,68.85,16.55,-0.75,0.00,0.00,98,0,0,34.31,30.90,80.70,AMBULATING
11:45:17.497,-3.38,68.85,16.55,-0.75,0.00,0.00,98,0,0,34.31,30.90,80.70,AMBULATING
11:45:17.804,-3.38,68.85,16.55,-0.75,0.00,0.00,98,0,0,34.38,30.90,80.70,AMBULATING
11:45:18.044,-3.38,68.85,16.55,-0.75,0.00,0.00,98,0,0,34.38,30.90,80.70,AMBULATING
11:45:18.329,-3.38,68.85,16.55,-0.75,0.00,0.00,98,0,0,34.38,30.90,80.70,AMBULATING
11:45:18.622,-3.38,68.85,16.55,-0.75,0.00,0.00,98,0,0,34.38,30.90,80.70,AMBULATING
11:45:18.931,-3.38,68.85,16.55,-0.75,0.00,0.00,98,0,0,34.38,30.90,80.70,AMBULATING
11:45:19.238,-3.38,68.85,16.55,-0.75,0.00,0.00,98,0,0,34.38,30.90,80.70,AMBULATING
11:45:19.468,-3.38,68.85,16.55,-0.75,0.00,0.00,98,0,0,34.38,30.90,80.80,AMBULATING
11:45:19.752,-3.38,68.85,16.55,-0.75,0.00,0.00,98,0,0,34.38,30.90,80.80,AMBULATING
11:45:20.056,-3.38,68.85,16.55,-0.75,0.00,0.00,98,0,0,34.38,30.90,80.80,AMBULATING
11:45:20.364,-3.38,68.85,16.55,-0.75,0.00,0.00,98,0,0,34.38,30.90,80.80,AMBULATING
11:45:20.602,-3.38,68.85,16.55,-0.75,0.00,0.00,98,0,0,34.38,30.90,80.80,AMBULATING
11:45:20.886,-3.38,68.85,16.55,-0.75,0.00,0.00,98,0,0,34.38,30.90,80.80,AMBULATING
11:45:21.183,-3.38,68.85,16.55,-0.75,0.00,0.00,98,0,0,34.44,30.90,80.80,AMBULATING
11:45:21.490,-3.38,68.85,16.55,-0.75,0.00,0.00,98,0,0,34.44,30.90,80.80,AMBULATING
11:45:21.798,-3.38,68.85,16.55,-0.75,0.00,0.00,98,0,0,34.44,30.90,80.90,AMBULATING
11:45:22.026,-3.38,68.85,16.55,-0.75,0.00,0.00,98,0,0,34.38,30.90,80.90,AMBULATING
11:45:22.311,-3.38,68.85,16.55,-0.75,0.00,0.00,98,0,0,34.38,30.90,80.90,AMBULATING
11:45:22.616,-3.38,68.85,16.55,-0.75,0.00,0.00,98,0,0,34.38,30.90,80.90,AMBULATING
11:45:22.924,-3.38,68.85,16.55,-0.75,0.00,0.00,98,0,0,34.38,30.90,80.90,AMBULATING
11:45:23.162,-3.38,68.85,16.55,-0.75,0.00,0.00,98,0,0,34.38,30.90,80.90,AMBULATING
11:45:23.446,-3.38,68.85,16.55,-0.75,0.00,0.00,98,0,0,34.38,30.90,80.90,AMBULATING
11:45:23.743,-3.38,68.85,16.55,-0.75,0.00,0.00,98,0,0,34.44,30.90,80.90,AMBULATING
11:45:24.051,-3.38,68.85,16.55,-0.75,0.00,0.00,98,0,0,34.44,30.90,80.90,AMBULATING
11:45:24.357,-3.38,68.85,16.55,-0.75,0.00,0.00,98,0,0,34.44,30.90,80.90,AMBULATING
11:45:24.584,-3.38,68.85,16.55,-0.75,0.00,0.00,98,0,0,34.44,30.90,80.90,AMBULATING
11:45:24.869,-3.38,68.85,16.55,-0.75,0.00,0.00,98,0,0,34.44,30.90,80.90,AMBULATING
11:45:25.176,-3.38,68.85,16.55,-0.75,0.00,0.00,98,0,0,34.44,30.90,80.90,AMBULATING
11:45:25.485,-3.38,68.85,16.55,-0.75,0.00,0.00,98,0,0,34.38,30.90,80.90,AMBULATING
11:45:25.719,-3.38,68.85,16.55,-0.75,0.00,0.00,98,0,0,34.38,30.90,80.90,AMBULATING
11:45:26.004,-3.38,68.85,16.55,-0.75,0.00,0.00,98,0,0,34.38,30.90,80.90,AMBULATING
11:45:26.303,-3.38,68.85,16.55,-0.75,0.00,0.00,98,0,0,34.44,30.90,80.90,AMBULATING
11:45:26.610,-3.38,68.85,16.55,-0.75,0.00,0.00,98,0,0,34.44,30.90,80.90,AMBULATING
11:45:26.919,-3.38,68.85,16.55,-0.75,0.00,0.00,98,0,0,34.44,30.90,80.90,AMBULATING
11:45:27.146,-3.38,68.85,16.55,-0.75,0.00,0.00,98,0,0,34.44,30.90,80.90,AMBULATING
11:45:27.428,-3.38,68.85,16.55,-0.75,0.00,0.00,98,0,0,34.44,30.90,80.90,AMBULATING
11:45:27.736,-3.38,68.85,16.55,-0.75,0.00,0.00,98,0,0,34.44,30.90,80.90,AMBULATING
11:45:28.043,-3.38,68.85,16.55,-0.75,0.00,0.00,98,0,0,34.44,30.90,80.90,AMBULATING
11:45:28.276,-3.38,68.85,16.55,-0.75,0.00,0.00,98,0,0,34.44,30.90,80.90,AMBULATING
11:45:28.565,-3.38,68.85,16.55,-0.75,0.00,0.00,98,0,0,34.44,30.90,80.90,AMBULATING
11:45:28.863,-3.38,68.85,16.55,-0.75,0.00,0.00,98,0,0,34.44,30.90,80.90,AMBULATING
11:45:29.170,-3.38,68.85,16.55,-0.75,0.00,0.00,98,0,0,34.44,30.90,80.90,AMBULATING
11:45:29.416,-3.38,68.85,16.55,-0.75,0.00,0.00,98,0,0,34.44,30.90,80.90,AMBULATING
11:45:29.701,-3.38,68.85,16.55,-0.75,0.00,0.00,98,0,0,34.44,30.90,80.90,AMBULATING
11:45:29.989,-3.38,68.85,16.55,-0.75,0.00,0.00,98,0,0,34.44,30.90,80.90,AMBULATING
11:45:30.296,-3.38,68.85,16.55,-0.75,0.00,0.00,98,0,0,34.44,30.90,80.90,AMBULATING
11:45:30.604,-3.38,68.85,16.55,-0.75,0.00,0.00,98,0,0,34.44,30.90,80.90,AMBULATING
11:45:30.839,-3.38,68.85,16.55,-0.75,0.00,0.00,98,0,0,34.44,30.90,81.00,AMBULATING
11:45:31.123,-3.38,68.85,16.55,-0.75,0.00,0.00,98,0,0,34.44,30.90,81.00,AMBULATING
11:45:31.422,-3.38,68.85,16.55,-0.75,0.00,0.00,98,0,0,34.44,30.90,81.00,AMBULATING
11:45:31.730,-3.38,68.85,16.55,-0.75,0.00,0.00,98,0,0,34.44,30.90,81.00,AMBULATING
11:45:31.972,-3.38,68.85,16.55,-0.75,0.00,0.00,98,0,0,34.44,30.90,81.00,AMBULATING
11:45:32.257,-3.38,68.85,16.55,-0.75,0.00,0.00,98,0,0,34.44,30.90,81.00,AMBULATING
11:45:32.550,-3.38,68.85,16.55,-0.75,0.00,0.00,98,0,0,34.44,30.90,81.00,AMBULATING
11:45:32.857,-3.38,68.85,16.55,-0.75,0.00,0.00,98,0,0,34.44,30.90,81.00,AMBULATING
11:45:33.164,-3.38,68.85,16.55,-0.75,0.00,0.00,98,0,0,34.44,30.90,81.00,AMBULATING
11:45:33.396,-3.38,68.85,16.55,-0.75,0.00,0.00,98,0,0,34.44,30.90,81.00,AMBULATING
11:45:33.681,-3.38,68.85,16.55,-0.75,0.00,0.00,98,0,0,34.44,30.90,81.00,AMBULATING
11:45:33.983,-3.38,68.85,16.55,-0.75,0.00,0.00,98,0,0,34.44,30.90,81.00,AMBULATING
11:45:34.290,-3.38,68.85,16.55,-0.75,0.00,0.00,98,0,0,34.44,30.90,81.00,AMBULATING
11:45:34.531,-3.38,68.85,16.55,-0.75,0.00,0.00,98,0,0,34.44,30.90,81.00,AMBULATING
11:45:34.815,-3.38,68.85,16.55,-0.75,0.00,0.00,98,0,0,34.44,30.90,81.00,AMBULATING
11:45:35.110,-3.38,68.85,16.55,-0.75,0.00,0.00,98,0,0,34.44,30.90,81.00,AMBULATING
11:45:35.418,-3.38,68.85,16.55,-0.75,0.00,0.00,98,0,0,34.44,30.90,80.90,AMBULATING
11:45:35.724,-3.38,68.85,16.55,-0.75,0.00,0.00,98,0,0,34.44,30.90,80.90,AMBULATING
11:45:35.955,-3.38,68.85,16.55,-0.75,0.00,0.00,98,0,0,34.44,30.90,80.90,AMBULATING
11:45:36.239,-3.38,68.85,16.55,-0.75,0.00,0.00,98,0,0,34.44,30.90,80.90,AMBULATING
11:45:36.544,-3.38,68.85,16.55,-0.75,0.00,0.00,98,0,0,34.44,30.90,80.90,AMBULATING
11:45:36.850,-3.38,68.85,16.55,-0.75,0.00,0.00,98,0,0,34.44,30.90,80.90,AMBULATING
11:45:37.086,-3.38,68.85,16.55,-0.75,0.00,0.00,98,0,0,34.44,30.90,80.90,AMBULATING
11:45:37.373,-3.38,68.85,16.55,-0.75,0.00,0.00,98,0,0,34.44,30.90,80.90,AMBULATING
11:45:37.673,-3.38,68.85,16.55,-0.75,0.00,0.00,98,0,0,34.44,30.90,80.90,AMBULATING
11:45:37.976,-3.38,68.85,16.55,-0.75,0.00,0.00,98,0,0,34.44,30.90,80.90,AMBULATING
11:45:38.284,-3.38,68.85,16.55,-0.75,0.00,0.00,98,0,0,34.44,30.90,80.90,AMBULATING
11:45:38.510,-3.38,68.85,16.55,-0.75,0.00,0.00,98,0,0,34.44,30.90,80.90,AMBULATING
11:45:38.794,-3.38,68.85,16.55,-0.75,0.00,0.00,98,0,0,34.44,30.90,80.90,AMBULATING
11:45:39.102,-3.38,68.85,16.55,-0.75,0.00,0.00,98,0,0,34.44,30.90,80.90,AMBULATING
11:45:39.409,-3.38,68.85,16.55,-0.75,0.00,0.00,98,0,0,34.44,30.90,80.90,AMBULATING
11:45:39.644,-3.38,68.85,16.55,-0.75,0.00,0.00,98,0,0,34.44,30.90,80.90,AMBULATING
11:45:39.933,-3.38,68.85,16.55,-0.75,0.00,0.00,98,0,0,34.44,31.00,80.80,AMBULATING
11:45:40.229,-3.38,68.85,16.55,-0.75,0.00,0.00,98,0,0,34.44,31.00,80.80,AMBULATING
11:45:40.536,-3.38,68.85,16.55,-0.75,0.00,0.00,98,0,0,34.44,31.00,80.80,AMBULATING
11:45:40.782,-3.38,68.85,16.55,-0.75,0.00,0.00,98,0,0,34.44,31.00,80.80,AMBULATING
11:45:41.067,-3.38,68.85,16.55,-0.75,0.00,0.00,98,0,0,34.44,31.00,80.80,AMBULATING
11:45:41.357,-3.38,68.85,16.55,-0.75,0.00,0.00,98,0,0,34.44,31.00,80.80,AMBULATING
11:45:41.663,-3.38,68.85,16.55,-0.75,0.00,0.00,98,0,0,34.44,31.00,80.80,AMBULATING
11:45:41.970,-3.38,68.85,16.55,-0.75,0.00,0.00,98,0,0,34.44,31.00,80.80,AMBULATING
11:45:42.206,-3.38,68.85,16.55,-0.75,0.00,0.00,98,0,0,34.44,31.00,80.80,AMBULATING
11:45:42.495,-3.38,68.85,16.55,-0.75,0.00,0.00,98,0,0,34.44,31.00,80.80,AMBULATING
11:45:42.792,-3.38,68.85,16.55,-0.75,0.00,0.00,98,0,0,34.44,31.00,80.80,AMBULATING
11:45:43.099,-3.38,68.85,16.55,-0.75,0.00,0.00,98,0,0,34.44,31.00,80.80,AMBULATING
11:45:43.341,-3.38,68.85,16.55,-0.75,0.00,0.00,98,0,0,34.44,31.00,80.80,AMBULATING
11:45:43.625,-3.38,68.85,16.55,-0.75,0.00,0.00,98,0,0,34.44,31.00,80.80,AMBULATING
11:45:43.916,-3.38,68.85,16.55,-0.75,0.00,0.00,98,0,0,34.44,31.00,80.80,AMBULATING
11:45:44.223,-3.38,68.85,16.55,-0.75,0.00,0.00,98,0,0,34.44,31.00,80.80,AMBULATING
11:45:44.530,-3.38,68.85,16.55,-0.75,0.00,0.00,98,0,0,34.44,31.00,80.90,AMBULATING
11:45:44.763,-3.38,68.85,16.55,-0.75,0.00,0.00,98,0,0,34.44,31.00,80.90,AMBULATING
11:45:45.048,-3.38,68.85,16.55,-0.75,0.00,0.00,98,0,0,34.44,31.00,80.90,AMBULATING
11:45:45.350,-3.38,68.85,16.55,-0.75,0.00,0.00,98,0,0,34.44,31.00,80.90,AMBULATING
11:45:45.656,-3.38,68.85,16.55,-0.75,0.00,0.00,98,0,0,34.44,31.00,80.90,AMBULATING
11:45:45.898,-3.38,68.85,16.55,-0.75,0.00,0.00,98,0,0,34.44,31.00,80.90,AMBULATING
11:45:46.182,-3.38,68.85,16.55,-0.75,0.00,0.00,98,0,0,34.44,31.00,80.90,AMBULATING
11:45:46.475,-3.38,68.85,16.55,-0.75,0.00,0.00,98,0,0,34.44,31.00,80.90,AMBULATING
11:45:46.785,-3.38,68.85,16.55,-0.75,0.00,0.00,98,0,0,34.44,31.00,80.80,AMBULATING
11:45:47.090,-3.38,68.85,16.55,-0.75,0.00,0.00,98,0,0,34.44,31.00,80.80,AMBULATING
11:45:47.321,-3.38,68.85,16.55,-0.75,0.00,0.00,98,0,0,34.44,31.00,80.80,AMBULATING
11:45:47.605,-3.38,68.85,16.55,-0.75,0.00,0.00,98,0,0,34.44,31.00,80.80,AMBULATING
11:45:47.909,-3.38,68.85,16.55,-0.75,0.00,0.00,98,0,0,34.44,31.00,80.80,AMBULATING
11:45:48.217,-3.38,68.85,16.55,-0.75,0.00,0.00,98,0,0,34.44,31.00,80.80,AMBULATING
11:45:48.455,-3.38,68.85,16.55,-0.75,0.00,0.00,98,0,0,34.38,31.00,80.80,AMBULATING
11:45:48.742,-3.38,68.85,16.55,-0.75,0.00,0.00,98,0,0,34.38,31.00,80.80,AMBULATING
11:45:49.036,-3.38,68.85,16.55,-0.75,0.00,0.00,98,0,0,34.38,31.00,80.70,AMBULATING
11:45:49.344,-3.38,68.85,16.55,-0.75,0.00,0.00,98,0,0,34.44,31.00,80.70,AMBULATING
11:45:49.650,-3.38,68.85,16.55,-0.75,0.00,0.00,98,0,0,34.44,31.00,80.70,AMBULATING
11:45:49.881,-3.38,68.85,16.55,-0.75,0.00,0.00,98,0,0,34.44,31.00,80.70,AMBULATING
11:45:50.165,-3.38,68.85,16.55,-0.75,0.00,0.00,98,0,0,34.44,31.00,80.70,AMBULATING
11:45:50.469,-3.38,68.85,16.55,-0.75,0.00,0.00,98,0,0,34.44,31.00,80.70,AMBULATING
11:45:50.776,-3.38,68.85,16.55,-0.75,0.00,0.00,98,0,0,34.44,31.00,80.70,AMBULATING
11:45:51.015,-3.38,68.85,16.55,-0.75,0.00,0.00,98,0,0,34.44,31.00,80.70,AMBULATING
11:45:51.304,-3.38,68.85,16.55,-0.75,0.00,0.00,98,0,0,34.44,31.00,80.50,AMBULATING
11:45:51.596,-3.38,68.85,16.55,-0.75,0.00,0.00,98,0,0,34.44,31.00,80.50,AMBULATING
11:45:51.904,-3.38,68.85,16.55,-0.75,0.00,0.00,98,0,0,34.44,31.00,80.50,AMBULATING
11:45:52.210,-3.38,68.85,16.55,-0.75,0.00,0.00,98,0,0,34.44,31.00,80.50,AMBULATING
11:45:52.438,-3.38,68.85,16.55,-0.75,0.00,0.00,98,0,0,34.44,31.00,80.50,AMBULATING
11:45:52.724,-3.38,68.85,16.55,-0.75,0.00,0.00,98,0,0,34.44,31.00,80.50,AMBULATING
11:45:53.029,-3.38,68.85,16.55,-0.75,0.00,0.00,98,0,0,34.44,31.00,80.50,AMBULATING
11:45:53.338,-3.38,68.85,16.55,-0.75,0.00,0.00,98,0,0,34.44,31.00,80.50,AMBULATING
11:45:53.578,-3.38,68.85,16.55,-0.75,0.00,0.00,98,0,0,34.38,31.00,80.30,AMBULATING
11:45:53.862,-3.38,68.85,16.55,-0.75,0.00,0.00,98,0,0,34.38,31.00,80.30,AMBULATING
11:45:54.156,-3.38,68.85,16.55,-0.75,0.00,0.00,98,0,0,34.38,31.00,80.30,AMBULATING
11:45:54.463,-3.38,68.85,16.55,-0.75,0.00,0.00,98,0,0,34.38,31.00,80.30,AMBULATING
11:45:54.770,-3.38,68.85,16.55,-0.75,0.00,0.00,98,0,0,34.38,31.00,80.30,AMBULATING
11:45:54.996,-3.38,68.85,16.55,-0.75,0.00,0.00,98,0,0,34.38,31.00,80.30,AMBULATING
11:45:55.281,-3.38,68.85,16.55,-0.75,0.00,0.00,98,0,0,34.44,31.00,80.30,AMBULATING
11:45:55.589,-3.38,68.85,16.55,-0.75,0.00,0.00,98,0,0,34.44,31.00,80.30,AMBULATING
11:45:55.897,-3.38,68.85,16.55,-0.75,0.00,0.00,98,0,0,34.44,31.00,80.30,AMBULATING
11:45:56.135,-3.38,68.85,16.55,-0.75,0.00,0.00,98,0,0,34.38,31.00,80.30,AMBULATING
11:45:56.422,-3.38,68.85,16.55,-0.75,0.00,0.00,98,0,0,34.38,31.00,80.30,AMBULATING
11:45:56.716,-3.38,68.85,16.55,-0.75,0.00,0.00,98,0,0,34.38,31.00,80.30,AMBULATING
11:45:57.023,-3.38,68.85,16.55,-0.75,0.00,0.00,98,0,0,34.38,31.00,80.30,AMBULATING
11:45:57.270,-3.38,68.85,16.55,-0.75,0.00,0.00,98,0,0,34.38,31.00,80.30,AMBULATING
11:45:57.555,-3.38,68.85,16.55,-0.75,0.00,0.00,98,0,0,34.38,31.00,80.30,AMBULATING
11:45:57.842,-3.38,68.85,16.55,-0.75,0.00,0.00,98,0,0,34.44,31.00,80.30,AMBULATING
11:45:58.150,-3.38,68.85,16.55,-0.75,0.00,0.00,98,0,0,34.44,31.00,80.40,AMBULATING
11:45:58.457,-3.38,68.85,16.55,-0.75,0.00,0.00,98,0,0,34.44,31.00,80.40,AMBULATING
11:45:58.693,-3.38,68.85,16.55,-0.75,0.00,0.00,98,0,0,34.38,31.00,80.40,AMBULATING
11:45:58.976,-3.38,68.85,16.55,-0.75,0.00,0.00,98,0,0,34.38,31.00,80.40,AMBULATING
11:45:59.276,-3.38,68.85,16.55,-0.75,0.00,0.00,98,0,0,34.38,31.00,80.40,AMBULATING
11:45:59.584,-3.38,68.85,16.55,-0.75,0.00,0.00,98,0,0,34.38,31.00,80.40,AMBULATING
11:45:59.826,-3.38,68.85,16.55,-0.75,0.00,0.00,98,0,0,34.38,31.00,80.40,AMBULATING
11:46:00.112,-3.38,68.85,16.55,-0.75,0.00,0.00,98,0,0,34.38,31.00,80.40,AMBULATING
11:46:00.402,-3.38,68.85,16.55,-0.75,0.00,0.00,98,0,0,34.38,31.00,80.40,AMBULATING
11:46:00.710,-3.38,68.85,16.55,-0.75,0.00,0.00,98,0,0,34.38,31.00,80.40,AMBULATING
11:46:01.016,-3.38,68.85,16.55,-0.75,0.00,0.00,98,0,0,34.38,31.00,80.40,AMBULATING
11:46:01.249,-3.38,68.85,16.55,-0.75,0.00,0.00,98,0,0,34.31,31.00,80.40,AMBULATING
11:46:01.533,-3.38,68.85,16.55,-0.75,0.00,0.00,98,0,0,34.31,31.00,80.40,AMBULATING
11:46:01.835,-3.38,68.85,16.55,-0.75,0.00,0.00,98,0,0,34.31,31.00,80.40,AMBULATING
11:46:02.143,-3.38,68.85,16.55,-0.75,0.00,0.00,98,0,0,34.31,31.00,80.40,AMBULATING
11:46:02.383,-3.38,68.85,16.55,-0.75,0.00,0.00,98,0,0,34.31,31.00,80.40,AMBULATING
11:46:02.672,-3.38,68.85,16.55,-0.75,0.00,0.00,98,0,0,34.31,31.00,80.00,AMBULATING
11:46:02.962,-3.38,68.85,16.55,-0.75,0.00,0.00,98,0,0,34.25,31.00,80.00,AMBULATING
11:46:03.269,-3.38,68.85,16.55,-0.75,0.00,0.00,98,0,0,34.25,31.00,80.00,AMBULATING
11:46:03.576,-3.38,68.85,16.55,-0.75,0.00,0.00,98,0,0,34.25,31.00,80.00,AMBULATING
11:46:03.806,-3.38,68.85,16.55,-0.75,0.00,0.00,98,0,0,34.19,31.00,80.00,AMBULATING
11:46:04.090,-3.38,68.85,16.55,-0.75,0.00,0.00,98,0,0,34.19,31.00,80.00,AMBULATING
11:46:04.396,-3.38,68.85,16.55,-0.75,0.00,0.00,98,0,0,34.19,31.00,80.00,AMBULATING
11:46:04.703,-3.38,68.85,16.55,-0.75,0.00,0.00,98,0,0,34.19,31.00,80.00,AMBULATING
11:46:04.946,-3.38,68.85,16.55,-0.75,0.00,0.00,98,0,0,34.19,31.00,79.80,AMBULATING
11:46:05.230,-3.38,68.85,16.55,-0.75,0.00,0.00,98,0,0,34.19,31.00,79.80,AMBULATING
11:46:05.522,-3.38,68.85,16.55,-0.75,0.00,0.00,98,0,0,34.12,31.00,79.80,AMBULATING
11:46:05.829,-3.38,68.85,16.55,-0.75,0.00,0.00,98,0,0,34.12,31.00,79.80,AMBULATING
11:46:06.137,-3.38,68.85,16.55,-0.75,0.00,0.00,98,0,0,34.12,31.00,79.80,AMBULATING
11:46:06.363,-3.38,68.85,16.55,-0.75,0.00,0.00,98,0,0,34.06,31.00,79.80,AMBULATING
11:46:06.648,-3.38,68.85,16.55,-0.75,0.00,0.00,98,0,0,34.06,31.00,79.80,AMBULATING
11:46:06.956,-3.38,68.85,16.55,-0.75,0.00,0.00,98,0,0,34.06,31.00,79.80,AMBULATING
11:46:07.263,-3.38,68.85,16.55,-0.75,0.00,0.00,98,0,0,34.06,31.00,79.80,AMBULATING
11:46:07.502,-3.38,68.85,16.55,-0.75,0.00,0.00,98,0,0,34.06,31.00,79.80,AMBULATING
11:46:07.787,-3.38,68.85,16.55,-0.75,0.00,0.00,98,0,0,34.06,31.00,79.80,AMBULATING
11:46:08.082,-3.38,68.85,16.55,-0.75,0.00,0.00,98,0,0,34.00,31.00,79.80,AMBULATING
11:46:08.389,-3.38,68.85,16.55,-0.75,0.00,0.00,98,0,0,34.00,31.00,79.80,AMBULATING
11:46:08.637,-3.38,68.85,16.55,-0.75,0.00,0.00,98,0,0,34.00,31.00,79.80,AMBULATING
11:46:08.921,-3.38,68.85,16.55,-0.75,0.00,0.00,98,0,0,34.00,31.00,79.80,AMBULATING
11:46:09.208,-3.38,68.85,16.55,-0.75,0.00,0.00,98,0,0,34.00,31.00,79.80,AMBULATING
11:46:09.518,-3.38,68.85,16.55,-0.75,0.00,0.00,98,0,0,34.00,31.00,79.70,AMBULATING
11:46:09.824,-3.38,68.85,16.55,-0.75,0.00,0.00,98,0,0,33.94,31.00,79.70,AMBULATING
11:46:10.060,-3.38,68.85,16.55,-0.75,0.00,0.00,98,0,0,33.94,31.00,79.70,AMBULATING
11:46:10.343,-3.38,68.85,16.55,-0.75,0.00,0.00,98,0,0,33.94,31.00,79.70,AMBULATING
11:46:10.644,-3.38,68.85,16.55,-0.75,0.00,0.00,98,0,0,33.94,31.00,79.70,AMBULATING
11:46:10.949,-3.38,68.85,16.55,-0.75,0.00,0.00,98,0,0,33.94,31.00,79.70,AMBULATING
11:46:11.195,-3.38,68.85,16.55,-0.75,0.00,0.00,98,0,0,33.94,31.00,79.70,AMBULATING
11:46:11.477,-3.38,68.85,16.55,-0.75,0.00,0.00,98,0,0,33.94,31.00,79.70,AMBULATING
11:46:11.768,-3.38,68.85,16.55,-0.75,0.00,0.00,98,0,0,33.94,31.00,79.30,AMBULATING
11:46:12.076,-3.38,68.85,16.55,-0.75,0.00,0.00,98,0,0,33.94,31.00,79.30,AMBULATING
11:46:12.383,-3.38,68.85,16.55,-0.75,0.00,0.00,98,0,0,33.94,31.00,79.30,AMBULATING
11:46:12.616,-3.38,68.85,16.55,-0.75,0.00,0.00,98,0,0,33.94,31.00,79.30,AMBULATING
11:46:12.900,-3.38,68.85,16.55,-0.75,0.00,0.00,98,0,0,33.94,31.00,79.30,AMBULATING
11:46:13.202,-3.38,68.85,16.55,-0.75,0.00,0.00,98,0,0,33.94,31.00,79.30,AMBULATING
11:46:13.509,-3.38,68.85,16.55,-0.75,0.00,0.00,98,0,0,33.94,31.00,79.30,AMBULATING
11:46:13.751,-3.38,68.85,16.55,-0.75,0.00,0.00,98,0,0,33.94,31.00,79.30,AMBULATING
11:46:14.040,-3.38,68.85,16.55,-0.75,0.00,0.00,98,0,0,33.94,31.00,79.20,AMBULATING
11:46:14.329,-3.38,68.85,16.55,-0.75,0.00,0.00,98,0,0,33.94,31.00,79.20,AMBULATING
11:46:14.637,-3.38,68.85,16.55,-0.75,0.00,0.00,98,0,0,33.94,31.00,79.20,AMBULATING
11:46:14.943,-3.38,68.85,16.55,-0.75,0.00,0.00,98,0,0,33.94,31.00,79.20,AMBULATING
11:46:15.174,-3.38,68.85,16.55,-0.75,0.00,0.00,98,0,0,33.94,31.00,79.20,AMBULATING
11:46:15.458,-3.38,68.85,16.55,-0.75,0.00,0.00,98,0,0,33.94,31.00,79.20,AMBULATING
11:46:15.762,-3.38,68.85,16.55,-0.75,0.00,0.00,98,0,0,33.94,31.00,79.20,AMBULATING
11:46:16.071,-3.38,68.85,16.55,-0.75,0.00,0.00,98,0,0,33.94,31.00,79.20,AMBULATING
11:46:16.316,-3.38,68.85,16.55,-0.75,0.00,0.00,98,0,0,33.94,31.00,79.30,AMBULATING
11:46:16.598,-3.38,68.85,16.55,-0.75,0.00,0.00,98,0,0,34.00,31.00,79.30,AMBULATING
11:46:16.888,-3.38,68.85,16.55,-0.75,0.00,0.00,98,0,0,34.00,31.00,79.30,AMBULATING
11:46:17.195,-3.38,68.85,16.55,-0.75,0.00,0.00,98,0,0,34.00,31.00,79.30,AMBULATING
11:46:17.503,-3.38,68.85,16.55,-0.75,0.00,0.00,98,0,0,34.00,31.00,79.30,AMBULATING
11:46:17.731,-3.38,68.85,16.55,-0.75,0.00,0.00,98,0,0,34.00,31.00,79.30,AMBULATING
11:46:18.016,-3.38,68.85,16.55,-0.75,0.00,0.00,98,0,0,34.00,31.00,79.30,AMBULATING
11:46:18.323,-3.38,68.85,16.55,-0.75,0.00,0.00,98,0,0,34.00,31.00,79.30,AMBULATING
11:46:18.631,-3.38,68.85,16.55,-0.75,0.00,0.00,98,0,0,34.00,31.00,79.40,AMBULATING
11:46:18.871,-3.38,68.85,16.55,-0.75,0.00,0.00,98,0,0,34.00,31.00,79.40,AMBULATING
11:46:19.157,-3.38,68.85,16.55,-0.75,0.00,0.00,98,0,0,34.06,31.00,79.40,AMBULATING
11:46:19.451,-3.38,68.85,16.55,-0.75,0.00,0.00,98,0,0,34.06,31.00,79.40,AMBULATING
11:46:19.757,-3.38,68.85,16.55,-0.75,0.00,0.00,98,0,0,34.06,31.00,79.40,AMBULATING
11:46:20.064,-3.38,68.85,16.55,-0.75,0.00,0.00,98,0,0,34.06,31.00,79.40,AMBULATING
11:46:20.289,-3.38,68.85,16.55,-0.75,0.00,0.00,98,0,0,34.06,31.00,79.40,AMBULATING
11:46:20.574,-3.38,68.85,16.55,-0.75,0.00,0.00,98,0,0,34.06,31.00,79.40,AMBULATING
11:46:20.882,-3.38,68.85,16.55,-0.75,0.00,0.00,98,0,0,34.06,31.00,79.30,AMBULATING
11:46:21.189,-3.38,68.85,16.55,-0.75,0.00,0.00,98,0,0,34.06,31.00,79.30,AMBULATING
11:46:21.428,-3.38,68.85,16.55,-0.75,0.00,0.00,98,0,0,34.06,31.00,79.30,AMBULATING
11:46:21.712,-3.38,68.85,16.55,-0.75,0.00,0.00,98,0,0,34.06,31.00,79.30,AMBULATING
11:46:22.009,-3.38,68.85,16.55,-0.75,0.00,0.00,98,0,0,34.06,31.00,79.30,AMBULATING
11:46:22.316,-3.38,68.85,16.55,-0.75,0.00,0.00,98,0,0,34.06,31.00,79.30,AMBULATING
11:46:22.624,-3.38,68.85,16.55,-0.75,0.00,0.00,98,0,0,34.06,31.00,79.30,AMBULATING
11:46:22.851,-3.38,68.85,16.55,-0.75,0.00,0.00,98,0,0,34.06,31.00,79.30,AMBULATING
11:46:23.140,-3.38,68.85,16.55,-0.75,0.00,0.00,98,0,0,34.06,31.00,79.20,AMBULATING
11:46:23.443,-3.38,68.85,16.55,-0.75,0.00,0.00,98,0,0,34.06,31.00,79.20,AMBULATING
11:46:23.749,-3.38,68.85,16.55,-0.75,0.00,0.00,98,0,0,34.06,31.00,79.20,AMBULATING
11:46:23.986,-3.38,68.85,16.55,-0.75,0.00,0.00,98,0,0,34.06,31.00,79.20,AMBULATING
11:46:24.271,-3.38,68.85,16.55,-0.75,0.00,0.00,98,0,0,34.06,31.00,79.20,AMBULATING
11:46:24.569,-3.38,68.85,16.55,-0.75,0.00,0.00,98,0,0,34.06,31.00,79.20,AMBULATING
11:46:24.875,-3.38,68.85,16.55,-0.75,0.00,0.00,98,0,0,34.06,31.00,79.20,AMBULATING
11:46:25.121,-3.38,68.85,16.55,-0.75,0.00,0.00,98,0,0,34.12,31.00,79.20,AMBULATING
11:46:25.409,-3.38,68.85,16.55,-0.75,0.00,0.00,98,0,0,34.12,31.00,79.20,AMBULATING
11:46:25.694,-3.38,68.85,16.55,-0.75,0.00,0.00,98,0,0,34.12,31.00,79.20,AMBULATING
11:46:26.004,-3.38,68.85,16.55,-0.75,0.00,0.00,98,0,0,34.12,31.00,79.20,AMBULATING
11:46:26.309,-3.38,68.85,16.55,-0.75,0.00,0.00,98,0,0,34.12,31.00,79.20,AMBULATING
11:46:26.544,-3.38,68.85,16.55,-0.75,0.00,0.00,98,0,0,34.12,31.00,79.20,AMBULATING
11:46:26.829,-3.38,68.85,16.55,-0.75,0.00,0.00,98,0,0,34.19,31.00,79.20,AMBULATING
11:46:27.129,-3.38,68.85,16.55,-0.75,0.00,0.00,98,0,0,34.19,31.00,79.20,AMBULATING
11:46:27.436,-3.38,68.85,16.55,-0.75,0.00,0.00,98,0,0,34.19,31.00,79.20,AMBULATING
11:46:27.685,-3.38,68.85,16.55,-0.75,0.00,0.00,98,0,0,34.19,31.00,79.20,AMBULATING
11:46:27.969,-3.38,68.85,16.55,-0.75,0.00,0.00,98,0,0,34.19,31.00,79.20,AMBULATING
11:46:28.254,-3.38,68.85,16.55,-0.75,0.00,0.00,98,0,0,34.19,31.00,79.20,AMBULATING
11:46:28.562,-3.38,68.85,16.55,-0.75,0.00,0.00,98,0,0,34.25,31.00,79.20,AMBULATING
11:46:28.870,-3.38,68.85,16.55,-0.75,0.00,0.00,98,0,0,34.25,31.00,79.20,AMBULATING
11:46:29.102,-3.38,68.85,16.55,-0.75,0.00,0.00,98,0,0,34.25,31.00,79.20,AMBULATING
11:46:29.385,-3.38,68.85,16.55,-0.75,0.00,0.00,98,0,0,34.25,31.00,79.20,AMBULATING
11:46:29.689,-3.38,68.85,16.55,-0.75,0.00,0.00,98,0,0,34.25,31.00,79.20,AMBULATING
11:46:29.996,-3.38,68.85,16.55,-0.75,0.00,0.00,98,0,0,34.25,31.10,79.00,AMBULATING
11:46:30.241,-3.38,68.85,16.55,-0.75,0.00,0.00,98,0,0,34.31,31.10,79.00,AMBULATING
11:46:30.526,-3.38,68.85,16.55,-0.75,0.00,0.00,98,0,0,34.31,31.10,79.00,AMBULATING
11:46:30.815,-3.38,68.85,16.55,-0.75,0.00,0.00,98,0,0,34.31,31.10,79.00,AMBULATING
11:46:31.122,-3.38,68.85,16.55,-0.75,0.00,0.00,98,0,0,34.31,31.10,79.00,AMBULATING
11:46:31.429,-3.38,68.85,16.55,-0.75,0.00,0.00,98,0,0,34.31,31.10,79.00,AMBULATING
11:46:31.663,-3.38,68.85,16.55,-0.75,0.00,0.00,98,0,0,34.31,31.10,79.00,AMBULATING
11:46:31.945,-3.38,68.85,16.55,-0.75,0.00,0.00,98,0,0,34.31,31.10,79.00,AMBULATING
11:46:32.248,-3.38,68.85,16.55,-0.75,0.00,0.00,98,0,0,34.31,31.10,79.00,AMBULATING
11:46:32.556,-3.38,68.85,16.55,-0.75,0.00,0.00,98,0,0,34.31,31.10,79.00,AMBULATING
11:46:32.801,-3.38,68.85,16.55,-0.75,0.00,0.00,98,0,0,34.38,31.10,79.00,AMBULATING
11:46:33.086,-3.38,68.85,16.55,-0.75,0.00,0.00,98,0,0,34.38,31.10,79.00,AMBULATING
11:46:33.375,-3.38,68.85,16.55,-0.75,0.00,0.00,98,0,0,34.38,31.10,79.00,AMBULATING
11:46:33.684,-3.38,68.85,16.55,-0.75,0.00,0.00,98,0,0,34.38,31.10,79.00,AMBULATING
11:46:33.989,-3.38,68.85,16.55,-0.75,0.00,0.00,98,0,0,34.38,31.10,79.00,AMBULATING
11:46:34.220,-3.38,68.85,16.55,-0.75,0.00,0.00,98,0,0,34.38,31.10,79.00,AMBULATING
11:46:34.512,-3.38,68.85,16.55,-0.75,0.00,0.00,98,0,0,34.44,31.10,78.90,AMBULATING
11:46:34.809,-3.38,68.85,16.55,-0.75,0.00,0.00,98,0,0,34.44,31.10,78.90,AMBULATING
11:46:35.116,-3.38,68.85,16.55,-0.75,0.00,0.00,98,0,0,34.44,31.10,78.90,AMBULATING
11:46:35.362,-3.38,68.85,16.55,-0.75,0.00,0.00,98,0,0,34.50,31.10,78.90,AMBULATING
11:46:35.646,-3.38,68.85,16.55,-0.75,0.00,0.00,98,0,0,34.50,31.10,78.90,AMBULATING
11:46:35.935,-3.38,68.85,16.55,-0.75,0.00,0.00,98,0,0,34.50,31.10,78.90,AMBULATING
11:46:36.242,-3.38,68.85,16.55,-0.75,0.00,0.00,98,0,0,34.50,31.10,78.90,AMBULATING
11:46:36.552,-3.38,68.85,16.55,-0.75,0.00,0.00,98,0,0,34.50,31.10,78.90,AMBULATING
11:46:36.784,-3.38,68.85,16.55,-0.75,0.00,0.00,98,0,0,34.50,31.10,78.80,AMBULATING
11:46:37.068,-3.38,68.85,16.55,-0.75,0.00,0.00,98,0,0,34.50,31.10,78.80,AMBULATING
11:46:37.368,-3.38,68.85,16.55,-0.75,0.00,0.00,98,0,0,34.50,31.10,78.80,AMBULATING
11:46:37.677,-3.38,68.85,16.55,-0.75,0.00,0.00,98,0,0,34.50,31.10,78.80,AMBULATING
11:46:37.918,-3.38,68.85,16.55,-0.75,0.00,0.00,98,0,0,34.50,31.10,78.80,AMBULATING
11:46:38.204,-3.38,68.85,16.55,-0.75,0.00,0.00,98,0,0,34.50,31.10,78.80,AMBULATING
11:46:38.495,-3.38,68.85,16.55,-0.75,0.00,0.00,98,0,0,34.50,31.10,78.80,AMBULATING
11:46:38.802,-3.38,68.85,16.55,-0.75,0.00,0.00,98,0,0,34.56,31.10,78.80,AMBULATING
11:46:39.110,-3.38,68.85,16.55,-0.75,0.00,0.00,98,0,0,34.56,31.10,78.80,AMBULATING
11:46:39.342,-3.38,68.85,16.55,-0.75,0.00,0.00,98,0,0,34.56,31.10,78.80,AMBULATING
11:46:39.626,-3.38,68.85,16.55,-0.75,0.00,0.00,98,0,0,34.56,31.10,78.80,AMBULATING
11:46:39.929,-3.38,68.85,16.55,-0.75,0.00,0.00,98,0,0,34.56,31.10,78.80,AMBULATING
11:46:40.237,-3.38,68.85,16.55,-0.75,0.00,0.00,98,0,0,34.56,31.10,78.80,AMBULATING
11:46:40.477,-3.38,68.85,16.55,-0.75,0.00,0.00,98,0,0,34.62,31.10,78.80,AMBULATING
11:46:40.760,-3.38,68.85,16.55,-0.75,0.00,0.00,98,0,0,34.62,31.10,78.80,AMBULATING
11:46:41.055,-3.38,68.85,16.55,-0.75,0.00,0.00,98,0,0,34.62,31.10,78.80,AMBULATING
11:46:41.364,-3.38,68.85,16.55,-0.75,0.00,0.00,98,0,0,34.69,31.10,78.60,AMBULATING
11:46:41.669,-3.38,68.85,16.55,-0.75,0.00,0.00,98,0,0,34.69,31.10,78.60,AMBULATING
11:46:41.900,-3.38,68.85,16.55,-0.75,0.00,0.00,98,0,0,34.69,31.10,78.60,AMBULATING
11:46:42.185,-3.38,68.85,16.55,-0.75,0.00,0.00,98,0,0,34.69,31.10,78.60,AMBULATING
11:46:42.488,-3.38,68.85,16.55,-0.75,0.00,0.00,98,0,0,34.69,31.10,78.60,AMBULATING
11:46:42.796,-3.38,68.85,16.55,-0.75,0.00,0.00,98,0,0,34.69,31.10,78.60,AMBULATING
11:46:43.037,-3.38,68.85,16.55,-0.75,0.00,0.00,98,0,0,34.69,31.10,78.60,AMBULATING
11:46:43.319,-3.38,68.85,16.55,-0.75,0.00,0.00,98,0,0,34.69,31.10,78.60,AMBULATING
11:46:43.616,-3.38,68.85,16.55,-0.75,0.00,0.00,98,0,0,34.69,31.10,78.50,AMBULATING
11:46:43.922,-3.38,68.85,16.55,-0.75,0.00,0.00,98,0,0,34.69,31.10,78.50,AMBULATING
11:46:44.229,-3.38,68.85,16.55,-0.75,0.00,0.00,98,0,0,34.69,31.10,78.50,AMBULATING
11:46:44.458,-3.38,68.85,16.55,-0.75,0.00,0.00,98,0,0,34.69,31.10,78.50,AMBULATING
11:46:44.741,-3.38,68.85,16.55,-0.75,0.00,0.00,98,0,0,34.75,31.10,78.50,AMBULATING
11:46:45.049,-3.38,68.85,16.55,-0.75,0.00,0.00,98,0,0,34.75,31.10,78.50,AMBULATING
11:46:45.357,-3.38,68.85,16.55,-0.75,0.00,0.00,98,0,0,34.75,31.10,78.50,AMBULATING
11:46:45.592,-3.38,68.85,16.55,-0.75,0.00,0.00,98,0,0,34.75,31.10,78.50,AMBULATING
11:46:45.882,-3.38,68.85,16.55,-0.75,0.00,0.00,98,0,0,34.75,31.10,78.40,AMBULATING
11:46:46.178,-3.38,68.85,16.55,-0.75,0.00,0.00,98,0,0,34.75,31.10,78.40,AMBULATING
11:46:46.482,-3.38,68.85,16.55,-0.75,0.00,0.00,98,0,0,34.75,31.10,78.40,AMBULATING
11:46:46.792,-3.38,68.85,16.55,-0.75,0.00,0.00,98,0,0,34.75,31.10,78.40,AMBULATING
11:46:47.016,-3.38,68.85,16.55,-0.75,0.00,0.00,98,0,0,34.75,31.10,78.40,AMBULATING
11:46:47.304,-3.38,68.85,16.55,-0.75,0.00,0.00,98,0,0,34.81,31.10,78.40,AMBULATING
11:46:47.608,-3.38,68.85,16.55,-0.75,0.00,0.00,98,0,0,34.81,31.10,78.40,AMBULATING
11:46:47.916,-3.38,68.85,16.55,-0.75,0.00,0.00,98,0,0,34.81,31.10,78.40,AMBULATING
11:46:48.160,-3.38,68.85,16.55,-0.75,0.00,0.00,98,0,0,34.81,31.10,78.50,AMBULATING
11:46:48.444,-3.38,68.85,16.55,-0.75,0.00,0.00,98,0,0,34.81,31.10,78.50,AMBULATING
11:46:48.735,-3.38,68.85,16.55,-0.75,0.00,0.00,98,0,0,34.81,31.10,78.50,AMBULATING
11:46:49.042,-3.38,68.85,16.55,-0.75,0.00,0.00,98,0,0,34.81,31.10,78.50,AMBULATING
11:46:49.349,-3.38,68.85,16.55,-0.75,0.00,0.00,98,0,0,34.81,31.10,78.50,AMBULATING
11:46:49.579,-3.38,68.85,16.55,-0.75,0.00,0.00,98,0,0,34.81,31.10,78.50,AMBULATING
11:46:49.864,-3.38,68.85,16.55,-0.75,0.00,0.00,98,0,0,34.81,31.10,78.50,AMBULATING
11:46:50.169,-3.38,68.85,16.55,-0.75,0.00,0.00,98,0,0,34.81,31.10,78.50,AMBULATING
11:46:50.475,-3.38,68.85,16.55,-0.75,0.00,0.00,98,0,0,34.81,31.10,78.70,AMBULATING
11:46:50.719,-3.38,68.85,16.55,-0.75,0.00,0.00,98,0,0,34.81,31.10,78.70,AMBULATING
11:46:51.003,-3.38,68.85,16.55,-0.75,0.00,0.00,98,0,0,34.81,31.10,78.70,AMBULATING
11:46:51.296,-3.38,68.85,16.55,-0.75,0.00,0.00,98,0,0,34.81,31.10,78.70,AMBULATING
11:46:51.605,-3.38,68.85,16.55,-0.75,0.00,0.00,98,0,0,34.81,31.10,78.70,AMBULATING
11:46:51.910,-3.38,68.85,16.55,-0.75,0.00,0.00,98,0,0,34.81,31.10,78.70,AMBULATING
11:46:52.137,-3.38,68.85,16.55,-0.75,0.00,0.00,98,0,0,34.81,31.10,78.70,AMBULATING
11:46:52.421,-3.38,68.85,16.55,-0.75,0.00,0.00,98,0,0,34.88,31.10,78.70,AMBULATING
11:46:52.730,-3.38,68.85,16.55,-0.75,0.00,0.00,98,0,0,34.88,31.10,78.80,AMBULATING
11:46:53.035,-3.38,68.85,16.55,-0.75,0.00,0.00,98,0,0,34.88,31.10,78.80,AMBULATING
11:46:53.276,-3.38,68.85,16.55,-0.75,0.00,0.00,98,0,0,34.88,31.10,78.80,AMBULATING
11:46:53.561,-3.38,68.85,16.55,-0.75,0.00,0.00,98,0,0,34.88,31.10,78.80,AMBULATING
11:46:53.855,-3.38,68.85,16.55,-0.75,0.00,0.00,98,0,0,34.88,31.10,78.80,AMBULATING
11:46:54.162,-3.38,68.85,16.55,-0.75,0.00,0.00,98,0,0,34.88,31.10,78.80,AMBULATING
11:46:54.411,-3.38,68.85,16.55,-0.75,0.00,0.00,98,0,0,34.88,31.10,78.80,AMBULATING
11:46:54.696,-3.38,68.85,16.55,-0.75,0.00,0.00,98,0,0,34.88,31.10,78.80,AMBULATING
11:46:54.983,-3.38,68.85,16.55,-0.75,0.00,0.00,98,0,0,34.88,31.00,78.70,AMBULATING
11:46:55.288,-3.38,68.85,16.55,-0.75,0.00,0.00,98,0,0,34.88,31.00,78.70,AMBULATING
11:46:55.596,-3.38,68.85,16.55,-0.75,0.00,0.00,98,0,0,34.88,31.00,78.70,AMBULATING
11:46:55.835,-3.38,68.85,16.55,-0.75,0.00,0.00,98,0,0,34.88,31.00,78.70,AMBULATING
11:46:56.119,-3.38,68.85,16.55,-0.75,0.00,0.00,98,0,0,34.88,31.00,78.70,AMBULATING
11:46:56.414,-3.38,68.85,16.55,-0.75,0.00,0.00,98,0,0,34.88,31.00,78.70,AMBULATING
11:46:56.721,-3.38,68.85,16.55,-0.75,0.00,0.00,98,0,0,34.88,31.00,78.70,AMBULATING
11:46:56.971,-3.38,68.85,16.55,-0.75,0.00,0.00,98,0,0,34.88,31.00,78.70,AMBULATING
11:46:57.261,-3.38,68.85,16.55,-0.75,0.00,0.00,98,0,0,34.88,31.00,78.60,AMBULATING
11:46:57.547,-3.38,68.85,16.55,-0.75,0.00,0.00,98,0,0,34.88,31.00,78.60,AMBULATING
11:46:57.848,-3.38,68.85,16.55,-0.75,0.00,0.00,98,0,0,34.88,31.00,78.60,AMBULATING
11:46:58.158,-3.38,68.85,16.55,-0.75,0.00,0.00,98,0,0,34.88,31.00,78.60,AMBULATING
11:46:58.397,-3.38,68.85,16.55,-0.75,0.00,0.00,98,0,0,34.88,31.00,78.60,AMBULATING
11:46:58.680,-3.38,68.85,16.55,-0.75,0.00,0.00,98,0,0,34.88,31.00,78.60,AMBULATING
11:46:58.976,-3.38,68.85,16.55,-0.75,0.00,0.00,98,0,0,34.88,31.00,78.60,AMBULATING
11:46:59.282,-3.38,68.85,16.55,-0.75,0.00,0.00,98,0,0,34.88,31.00,78.60,AMBULATING
11:46:59.589,-3.38,68.85,16.55,-0.75,0.00,0.00,98,0,0,34.88,31.00,78.60,AMBULATING
11:46:59.821,-3.38,68.85,16.55,-0.75,0.00,0.00,98,0,0,34.88,31.00,78.60,AMBULATING
11:47:00.105,-3.38,68.85,16.55,-0.75,0.00,0.00,98,0,0,34.81,31.00,78.60,AMBULATING
11:47:00.409,-3.38,68.85,16.55,-0.75,0.00,0.00,98,0,0,34.81,31.00,78.60,AMBULATING
11:47:00.717,-3.38,68.85,16.55,-0.75,0.00,0.00,98,0,0,34.81,31.00,78.60,AMBULATING
11:47:00.957,-3.38,68.85,16.55,-0.75,0.00,0.00,98,0,0,34.81,31.00,78.60,AMBULATING
11:47:01.240,-3.38,68.85,16.55,-0.75,0.00,0.00,98,0,0,34.81,31.00,78.60,AMBULATING
11:47:01.535,-3.38,68.85,16.55,-0.75,0.00,0.00,98,0,0,34.81,31.00,78.60,AMBULATING
11:47:01.842,-3.38,68.85,16.55,-0.75,0.00,0.00,98,0,0,34.81,31.00,78.60,AMBULATING
11:47:02.151,-3.38,68.85,16.55,-0.75,0.00,0.00,98,0,0,34.81,31.00,78.60,AMBULATING
11:47:02.379,-3.38,68.85,16.55,-0.75,0.00,0.00,98,0,0,34.81,31.00,78.60,AMBULATING
11:47:02.664,-3.38,68.85,16.55,-0.75,0.00,0.00,98,0,0,34.75,31.00,78.60,AMBULATING
11:47:02.969,-3.38,68.85,16.55,-0.75,0.00,0.00,98,0,0,34.75,31.00,78.60,AMBULATING
11:47:03.277,-3.38,68.85,16.55,-0.75,0.00,0.00,98,0,0,34.75,31.00,78.60,AMBULATING
11:47:03.512,-3.38,68.85,16.55,-0.75,0.00,0.00,98,0,0,34.75,31.00,78.60,AMBULATING
11:47:03.796,-3.38,68.85,16.55,-0.75,0.00,0.00,98,0,0,34.75,31.00,78.60,AMBULATING
11:47:04.095,-3.38,68.85,16.55,-0.75,0.00,0.00,98,0,0,34.75,31.00,78.40,AMBULATING
11:47:04.402,-3.38,68.85,16.55,-0.75,0.00,0.00,98,0,0,34.75,31.00,78.40,AMBULATING
11:47:04.711,-3.38,68.85,16.55,-0.75,0.00,0.00,98,0,0,34.75,31.00,78.40,AMBULATING
11:47:04.938,-3.38,68.85,16.55,-0.75,0.00,0.00,98,0,0,34.75,31.00,78.40,AMBULATING
11:47:05.221,-3.38,68.85,16.55,-0.75,0.00,0.00,98,0,0,34.75,31.00,78.40,AMBULATING
11:47:05.530,-3.38,68.85,16.55,-0.75,0.00,0.00,98,0,0,34.75,31.00,78.40,AMBULATING
11:47:05.836,-3.38,68.85,16.55,-0.75,0.00,0.00,98,0,0,34.75,31.00,78.40,AMBULATING
11:47:06.073,-3.38,68.85,16.55,-0.75,0.00,0.00,98,0,0,34.75,31.00,78.40,AMBULATING
11:47:06.359,-3.38,68.85,16.55,-0.75,0.00,0.00,98,0,0,34.75,30.90,78.00,AMBULATING
11:47:06.655,-3.38,68.85,16.55,-0.75,0.00,0.00,98,0,0,34.75,30.90,78.00,AMBULATING
11:47:06.962,-3.38,68.85,16.55,-0.75,0.00,0.00,98,0,0,34.81,30.90,78.00,AMBULATING
11:47:07.210,-3.38,68.85,16.55,-0.75,0.00,0.00,98,0,0,34.81,30.90,78.00,AMBULATING
11:47:07.494,-3.38,68.85,16.55,-0.75,0.00,0.00,98,0,0,34.81,30.90,78.00,AMBULATING
11:47:07.781,-3.38,68.85,16.55,-0.75,0.00,0.00,98,0,0,34.75,30.90,78.00,AMBULATING
11:47:08.089,-3.38,68.85,16.55,-0.75,0.00,0.00,98,0,0,34.75,30.90,78.00,AMBULATING
11:47:08.396,-3.38,68.85,16.55,-0.75,0.00,0.00,98,0,0,34.75,30.90,78.00,AMBULATING
11:47:08.632,-3.38,68.85,16.55,-0.75,0.00,0.00,98,0,0,34.81,30.90,78.00,AMBULATING
11:47:08.917,-3.38,68.85,16.55,-0.75,0.00,0.00,98,0,0,34.81,30.90,78.00,AMBULATING
11:47:09.217,-3.38,68.85,16.55,-0.75,0.00,0.00,98,0,0,34.81,30.90,78.00,AMBULATING
11:47:09.523,-3.38,68.85,16.55,-0.75,0.00,0.00,98,0,0,34.81,30.90,78.00,AMBULATING
11:47:09.768,-3.38,68.85,16.55,-0.75,0.00,0.00,98,0,0,34.81,30.90,78.00,AMBULATING
11:47:10.052,-3.38,68.85,16.55,-0.75,0.00,0.00,98,0,0,34.81,30.90,78.00,AMBULATING
11:47:10.342,-3.38,68.85,16.55,-0.75,0.00,0.00,98,0,0,34.81,30.90,78.00,AMBULATING
11:47:10.648,-3.38,68.85,16.55,-0.75,0.00,0.00,98,0,0,34.81,30.90,78.00,AMBULATING
11:47:10.957,-3.38,68.85,16.55,-0.75,0.00,0.00,98,0,0,34.81,30.90,77.90,AMBULATING
11:47:11.191,-3.38,68.85,16.55,-0.75,0.00,0.00,98,0,0,34.88,30.90,77.90,AMBULATING
11:47:11.475,-3.38,68.85,16.55,-0.75,0.00,0.00,98,0,0,34.88,30.90,77.90,AMBULATING
11:47:11.776,-3.38,68.85,16.55,-0.75,0.00,0.00,98,0,0,34.88,30.90,77.90,AMBULATING
11:47:12.083,-3.38,68.85,16.55,-0.75,0.00,0.00,98,0,0,34.88,30.90,77.90,AMBULATING
11:47:12.325,-3.38,68.85,16.55,-0.75,0.00,0.00,98,0,0,34.88,30.90,77.90,AMBULATING
11:47:12.612,-3.38,68.85,16.55,-0.75,0.00,0.00,98,0,0,34.88,30.90,77.90,AMBULATING
11:47:12.903,-3.38,68.85,16.55,-0.75,0.00,0.00,98,0,0,34.88,30.90,77.90,AMBULATING
11:47:13.209,-3.38,68.85,16.55,-0.75,0.00,0.00,98,0,0,34.88,30.90,78.00,AMBULATING
11:47:13.522,-3.38,68.85,16.55,-0.75,0.00,0.00,98,0,0,34.88,30.90,78.00,AMBULATING
11:47:13.749,-3.38,68.85,16.55,-0.75,0.00,0.00,98,0,0,34.94,30.90,78.00,AMBULATING
11:47:14.033,-3.38,68.85,16.55,-0.75,0.00,0.00,98,0,0,34.94,30.90,78.00,AMBULATING
11:47:14.335,-3.38,68.85,16.55,-0.75,0.00,0.00,98,0,0,34.94,30.90,78.00,AMBULATING
11:47:14.642,-3.38,68.85,16.55,-0.75,0.00,0.00,98,0,0,34.94,30.90,78.00,AMBULATING
11:47:14.883,-3.38,68.85,16.55,-0.75,0.00,0.00,98,0,0,34.94,30.90,78.00,AMBULATING
11:47:15.167,-3.38,68.85,16.55,-0.75,0.00,0.00,98,0,0,34.94,30.90,78.00,AMBULATING
11:47:15.461,-3.38,68.85,16.55,-0.75,0.00,0.00,98,0,0,34.94,30.90,78.00,AMBULATING
11:47:15.769,-3.38,68.85,16.55,-0.75,0.00,0.00,98,0,0,34.94,30.90,78.00,AMBULATING
11:47:16.076,-3.38,68.85,16.55,-0.75,0.00,0.00,98,0,0,34.94,30.90,78.00,AMBULATING
11:47:16.307,-3.38,68.85,16.55,-0.75,0.00,0.00,98,0,0,34.94,30.90,78.00,AMBULATING
11:47:16.594,-3.38,68.85,16.55,-0.75,0.00,0.00,98,0,0,34.94,30.90,78.00,AMBULATING
11:47:16.897,-3.38,68.85,16.55,-0.75,0.00,0.00,98,0,0,34.94,30.90,78.00,AMBULATING
11:47:17.202,-3.38,68.85,16.55,-0.75,0.00,0.00,98,0,0,35.00,30.90,78.00,AMBULATING
11:47:17.443,-3.38,68.85,16.55,-0.75,0.00,0.00,98,0,0,35.00,30.90,78.00,AMBULATING
11:47:17.729,-3.38,68.85,16.55,-0.75,0.00,0.00,98,0,0,35.00,30.90,78.00,AMBULATING
11:47:18.021,-3.38,68.85,16.55,-0.75,0.00,0.00,98,0,0,35.00,30.90,78.00,AMBULATING
11:47:18.329,-3.38,68.85,16.55,-0.75,0.00,0.00,98,0,0,35.00,30.90,78.00,AMBULATING
11:47:18.750,-3.38,68.85,16.55,-0.75,0.00,0.00,98,0,0,35.00,30.90,78.00,AMBULATING
11:47:18.973,-3.38,68.85,16.55,-0.75,0.00,0.00,98,0,0,35.00,30.90,78.00,AMBULATING
11:47:19.261,-3.38,68.85,16.55,-0.75,0.00,0.00,98,0,0,35.00,30.90,78.00,AMBULATING
11:47:19.456,-3.38,68.85,16.55,-0.75,0.00,0.00,98,0,0,35.00,30.90,78.00,AMBULATING
11:47:19.765,-3.38,68.85,16.55,-0.75,0.00,0.00,98,0,0,35.00,30.90,78.00,AMBULATING
11:47:20.073,-3.38,68.85,16.55,-0.75,0.00,0.00,98,0,0,35.00,30.90,78.00,AMBULATING
11:47:20.291,-3.38,68.85,16.55,-0.75,0.00,0.00,98,0,0,35.00,30.90,78.00,AMBULATING
11:47:20.582,-3.38,68.85,16.55,-0.75,0.00,0.00,98,0,0,35.06,30.90,78.00,AMBULATING
11:47:20.889,-3.38,68.85,16.55,-0.75,0.00,0.00,98,0,0,35.06,30.90,78.00,AMBULATING
11:47:21.198,-3.38,68.85,16.55,-0.75,0.00,0.00,98,0,0,35.06,30.90,78.00,AMBULATING
11:47:21.422,-3.38,68.85,16.55,-0.75,0.00,0.00,98,0,0,35.06,30.90,78.00,AMBULATING
11:47:21.707,-3.38,68.85,16.55,-0.75,0.00,0.00,98,0,0,35.06,30.90,78.00,AMBULATING
11:47:22.015,-3.38,68.85,16.55,-0.75,0.00,0.00,98,0,0,35.06,30.90,78.00,AMBULATING
11:47:22.323,-3.38,68.85,16.55,-0.75,0.00,0.00,98,0,0,35.06,30.80,78.00,AMBULATING
11:47:22.560,10.11,68.85,16.55,-0.75,0.00,0.00,98,0,0,35.06,30.80,78.00,AMBULATING
11:47:22.844,-3.38,68.85,16.55,-0.75,0.00,0.00,98,0,0,35.06,30.80,78.00,AMBULATING
11:47:23.141,-3.38,68.85,16.55,-0.75,0.00,0.00,98,0,0,35.12,30.80,78.00,AMBULATING
11:47:23.449,-3.38,68.85,16.55,-0.75,0.00,0.00,98,0,0,35.12,30.80,78.00,AMBULATING
11:47:23.694,-3.38,68.85,16.55,-0.75,0.00,0.00,98,0,0,35.12,30.80,78.00,AMBULATING
11:47:23.979,-3.38,68.85,16.55,-0.75,0.00,0.00,98,0,0,35.06,30.80,78.00,AMBULATING
11:47:24.269,-3.38,68.85,16.55,-0.75,0.00,0.00,98,0,0,35.06,30.80,78.00,AMBULATING
11:47:24.575,-3.38,68.85,16.55,-0.75,0.00,0.00,98,0,0,35.06,30.80,77.90,AMBULATING
11:47:24.883,-3.38,68.85,16.55,-0.75,0.00,0.00,98,0,0,35.06,30.80,77.90,AMBULATING
11:47:25.117,-3.38,68.85,16.55,-0.75,0.00,0.00,98,0,0,35.06,30.80,77.90,AMBULATING
11:47:25.401,-3.38,68.85,16.55,-0.75,0.00,0.00,98,0,0,35.06,30.80,77.90,AMBULATING
11:47:25.702,-3.38,68.85,16.55,-0.75,0.00,0.00,98,0,0,35.06,30.80,77.90,AMBULATING
11:47:26.009,-3.38,68.85,16.55,-0.75,0.00,0.00,98,0,0,35.06,30.80,77.90,AMBULATING
11:47:26.251,-3.38,68.85,16.55,-0.75,0.00,0.00,98,0,0,35.06,30.80,77.90,AMBULATING
11:47:26.535,-3.38,68.85,16.55,-0.75,0.00,0.00,98,0,0,35.06,30.80,77.90,AMBULATING
11:47:26.828,-3.38,68.85,16.55,-0.75,0.00,0.00,98,0,0,35.06,30.80,77.90,AMBULATING
11:47:27.135,-3.38,68.85,16.55,-0.75,0.00,0.00,98,0,0,35.06,30.80,77.90,AMBULATING
11:47:27.443,-3.38,68.85,16.55,-0.75,0.00,0.00,98,0,0,35.00,30.80,77.90,AMBULATING
11:47:27.675,-3.38,68.85,16.55,-0.75,0.00,0.00,98,0,0,35.00,30.80,77.90,AMBULATING
11:47:27.960,-3.38,68.85,16.55,-0.75,0.00,0.00,98,0,0,35.00,30.80,77.90,AMBULATING
11:47:28.262,-3.38,68.85,16.55,-0.75,0.00,0.00,98,0,0,35.00,30.80,77.90,AMBULATING
11:47:28.569,-3.38,68.85,16.55,-0.75,0.00,0.00,98,0,0,35.00,30.80,77.90,AMBULATING
11:47:28.811,-3.38,68.85,16.55,-0.75,0.00,0.00,98,0,0,35.00,30.80,77.90,AMBULATING
11:47:29.100,-3.38,68.85,16.55,-0.75,0.00,0.00,98,0,0,35.00,30.70,77.90,AMBULATING
11:47:29.388,-3.38,68.85,16.55,-0.75,0.00,0.00,98,0,0,35.00,30.70,77.90,AMBULATING
11:47:29.697,-3.38,68.85,16.55,-0.75,0.00,0.00,98,0,0,35.00,30.70,77.90,AMBULATING
11:47:30.002,-3.38,68.85,16.55,-0.75,0.00,0.00,98,0,0,34.94,30.70,77.90,AMBULATING
11:47:30.233,-3.38,68.85,16.55,-0.75,0.00,0.00,98,0,0,34.94,30.70,77.90,AMBULATING
11:47:30.517,-3.38,68.85,16.55,-0.75,0.00,0.00,98,0,0,34.94,30.70,77.90,AMBULATING
11:47:30.821,-3.38,68.85,16.55,-0.75,0.00,0.00,98,0,0,34.94,30.70,77.90,AMBULATING
11:47:31.129,-3.38,68.85,16.55,-0.75,0.00,0.00,98,0,0,34.94,30.70,77.90,AMBULATING
11:47:31.372,-3.38,68.85,16.55,-0.75,0.00,0.00,98,0,0,34.94,30.70,78.00,AMBULATING
11:47:31.657,-3.38,68.85,16.55,-0.75,0.00,0.00,98,0,0,34.94,30.70,78.00,AMBULATING
11:47:31.948,-3.38,68.85,16.55,-0.75,0.00,0.00,98,0,0,34.94,30.70,78.00,AMBULATING
11:47:32.254,-3.38,68.85,16.55,-0.75,0.00,0.00,98,0,0,34.94,30.70,78.00,AMBULATING
11:47:32.563,-3.38,68.85,16.55,-0.75,0.00,0.00,98,0,0,34.88,30.70,78.00,AMBULATING
11:47:32.793,-3.38,68.85,16.55,-0.75,0.00,0.00,98,0,0,34.88,30.70,78.00,AMBULATING
11:47:33.079,-3.38,68.85,16.55,-0.75,0.00,0.00,98,0,0,34.88,30.70,78.00,AMBULATING
11:47:33.381,-3.38,68.85,16.55,-0.75,0.00,0.00,98,0,0,34.94,30.70,78.00,AMBULATING
11:47:33.690,-3.38,68.85,16.55,-0.75,0.00,0.00,98,0,0,34.94,30.70,78.00,AMBULATING
11:47:33.934,-3.38,68.85,16.55,-0.75,0.00,0.00,98,0,0,34.94,30.70,78.00,AMBULATING
11:47:34.216,-3.38,68.85,16.55,-0.75,0.00,0.00,98,0,0,34.88,30.70,78.00,AMBULATING
11:47:34.508,-3.38,68.85,16.55,-0.75,0.00,0.00,98,0,0,34.88,30.70,78.00,AMBULATING
11:47:34.815,-3.38,68.85,16.55,-0.75,0.00,0.00,98,0,0,34.88,30.70,78.00,AMBULATING
11:47:35.122,-3.38,68.85,16.55,-0.75,0.00,0.00,98,0,0,34.94,30.70,78.00,AMBULATING
11:47:35.350,-3.38,68.85,16.55,-0.75,0.00,0.00,98,0,0,34.94,30.70,78.00,AMBULATING
11:47:35.635,-3.38,68.85,16.55,-0.75,0.00,0.00,98,0,0,34.94,30.70,78.00,AMBULATING
11:47:35.941,-3.38,68.85,16.55,-0.75,0.00,0.00,98,0,0,34.94,30.70,78.10,AMBULATING
11:47:36.250,-3.38,68.85,16.55,-0.75,0.00,0.00,98,0,0,34.94,30.70,78.10,AMBULATING
11:47:36.490,-3.38,68.85,16.55,-0.75,0.00,0.00,98,0,0,34.94,30.70,78.10,AMBULATING
11:47:36.774,-3.38,68.85,16.55,-0.75,0.00,0.00,98,0,0,34.88,30.70,78.10,AMBULATING
11:47:37.069,-3.38,68.85,16.55,-0.75,0.00,0.00,98,0,0,34.88,30.70,78.10,AMBULATING
11:47:37.375,-3.38,68.85,16.55,-0.75,0.00,0.00,98,0,0,34.88,30.70,78.10,AMBULATING
11:47:37.682,-3.38,68.85,16.55,-0.75,0.00,0.00,98,0,0,34.94,30.70,78.10,AMBULATING
11:47:37.908,-3.38,68.85,16.55,-0.75,0.00,0.00,98,0,0,34.94,30.70,78.10,AMBULATING
11:47:38.197,-3.38,68.85,16.55,-0.75,0.00,0.00,98,0,0,34.94,30.70,78.30,AMBULATING
11:47:38.501,-3.38,68.85,16.55,-0.75,0.00,0.00,98,0,0,34.94,30.70,78.30,AMBULATING
11:47:38.810,-3.38,68.85,16.55,-0.75,0.00,0.00,98,0,0,34.94,30.70,78.30,AMBULATING
11:47:39.050,-3.38,68.85,16.55,-0.75,0.00,0.00,98,0,0,34.94,30.70,78.30,AMBULATING
11:47:39.332,-3.38,68.85,16.55,-0.75,0.00,0.00,98,0,0,34.94,30.70,78.30,AMBULATING
11:47:39.628,-3.38,68.85,16.55,-0.75,0.00,0.00,98,0,0,34.94,30.70,78.30,AMBULATING
11:47:39.935,-3.38,68.85,16.55,-0.75,0.00,0.00,98,0,0,34.94,30.70,78.30,AMBULATING
11:47:40.183,-3.38,68.85,16.55,-0.75,0.00,0.00,98,0,0,35.00,30.70,78.30,AMBULATING
11:47:40.471,-3.38,68.85,16.55,-0.75,0.00,0.00,98,0,0,35.00,30.70,78.40,AMBULATING
11:47:40.756,-3.38,68.85,16.55,-0.75,0.00,0.00,98,0,0,35.00,30.70,78.40,AMBULATING
11:47:41.061,-3.38,68.85,16.55,-0.75,0.00,0.00,98,0,0,35.00,30.70,78.40,AMBULATING
11:47:41.368,-3.38,68.85,16.55,-0.75,0.00,0.00,98,0,0,35.00,30.70,78.40,AMBULATING
11:47:41.606,-3.38,68.85,16.55,-0.75,0.00,0.00,98,0,0,35.00,30.70,78.40,AMBULATING
11:47:41.890,-3.38,68.85,16.55,-0.75,0.00,0.00,98,0,0,35.00,30.70,78.40,AMBULATING
11:47:42.188,-3.38,68.85,16.55,-0.75,0.00,0.00,98,0,0,35.00,30.70,78.40,AMBULATING
11:47:42.494,-3.38,68.85,16.55,-0.75,0.00,0.00,98,0,0,35.00,30.70,78.40,AMBULATING
11:47:42.802,-3.38,68.85,16.55,-0.75,0.00,0.00,98,0,0,35.00,30.70,78.50,AMBULATING
11:47:43.030,-3.38,68.85,16.55,-0.75,0.00,0.00,98,0,0,35.00,30.70,78.50,AMBULATING
11:47:43.315,-3.38,68.85,16.55,-0.75,0.00,0.00,98,0,0,35.00,30.70,78.50,AMBULATING
11:47:43.623,-3.38,68.85,16.55,-0.75,0.00,0.00,98,0,0,35.00,30.70,78.50,AMBULATING
11:47:43.929,-3.38,68.85,16.55,-0.75,0.00,0.00,98,0,0,35.00,30.70,78.50,AMBULATING
11:47:44.166,-3.38,68.85,16.55,-0.75,0.00,0.00,98,0,0,35.00,30.70,78.50,AMBULATING
11:47:44.450,-3.38,68.85,16.55,-0.75,0.00,0.00,98,0,0,35.06,30.70,78.50,AMBULATING
11:47:44.750,-3.38,68.85,16.55,-0.75,0.00,0.00,98,0,0,35.06,30.70,78.50,AMBULATING
11:47:45.054,-3.38,68.85,16.55,-0.75,0.00,0.00,98,0,0,35.06,30.80,78.60,AMBULATING
11:47:45.368,-3.38,68.85,16.55,-0.75,0.00,0.00,98,0,0,35.06,30.80,78.60,AMBULATING
11:47:45.589,-3.38,68.85,16.55,-0.75,0.00,0.00,98,0,0,35.06,30.80,78.60,AMBULATING
11:47:45.873,-3.38,68.85,16.55,-0.75,0.00,0.00,98,0,0,35.06,30.80,78.60,AMBULATING
11:47:46.184,-3.38,68.85,16.55,-0.75,0.00,0.00,98,0,0,35.12,30.80,78.60,AMBULATING
11:47:46.489,-3.38,68.85,16.55,-0.75,0.00,0.00,98,0,0,35.12,30.80,78.60,AMBULATING
11:47:46.727,-3.38,68.85,16.55,-0.75,0.00,0.00,98,0,0,35.12,30.80,78.60,AMBULATING
11:47:47.009,-3.38,68.85,16.55,-0.75,0.00,0.00,98,0,0,35.12,30.80,78.60,AMBULATING
11:47:47.309,-3.38,68.85,16.55,-0.75,0.00,0.00,98,0,0,35.12,30.80,78.70,AMBULATING
11:47:47.615,-3.38,68.85,16.55,-0.75,0.00,0.00,98,0,0,35.12,30.80,78.70,AMBULATING
11:47:47.924,-3.38,68.85,16.55,-0.75,0.00,0.00,98,0,0,35.12,30.80,78.70,AMBULATING
11:47:48.151,-3.38,68.85,16.55,-0.75,0.00,0.00,98,0,0,35.12,30.80,78.70,AMBULATING
11:47:48.435,-3.38,68.85,16.55,-0.75,0.00,0.00,98,0,0,35.12,30.80,78.70,AMBULATING
11:47:48.743,-3.38,68.85,16.55,-0.75,0.00,0.00,98,0,0,35.06,30.80,78.70,AMBULATING
11:47:49.049,-3.38,68.85,16.55,-0.75,0.00,0.00,98,0,0,35.06,30.80,78.70,AMBULATING
11:47:49.286,-3.38,68.85,16.55,-0.75,0.00,0.00,98,0,0,35.06,30.80,78.70,AMBULATING
11:47:49.575,-3.38,68.85,16.55,-0.75,0.00,0.00,98,0,0,35.12,30.80,78.70,AMBULATING
11:47:49.868,-3.38,68.85,16.55,-0.75,0.00,0.00,98,0,0,35.12,30.80,78.70,AMBULATING
11:47:50.175,-3.38,68.85,16.55,-0.75,0.00,0.00,98,0,0,35.12,30.80,78.70,AMBULATING
11:47:50.484,-3.38,68.85,16.55,-0.75,0.00,0.00,98,0,0,35.19,30.80,78.70,AMBULATING
11:47:50.710,-3.38,68.85,16.55,-0.75,0.00,0.00,98,0,0,35.19,30.80,78.70,AMBULATING
11:47:50.996,-3.38,68.85,16.55,-0.75,0.00,0.00,98,0,0,35.19,30.80,78.70,AMBULATING
11:47:51.302,-3.38,68.85,16.55,-0.75,0.00,0.00,98,0,0,35.19,30.80,78.70,AMBULATING
11:47:51.608,-3.38,68.85,16.55,-0.75,0.00,0.00,98,0,0,35.19,30.80,78.70,AMBULATING
11:47:51.850,-3.38,68.85,16.55,-0.75,0.00,0.00,98,0,0,35.19,30.80,78.60,AMBULATING
11:47:52.133,-3.38,68.85,16.55,-0.75,0.00,0.00,98,0,0,35.19,30.80,78.60,AMBULATING
11:47:52.429,-3.38,68.85,16.55,-0.75,0.00,0.00,98,0,0,35.19,30.80,78.60,AMBULATING
11:47:52.736,-3.38,68.85,16.55,-0.75,0.00,0.00,98,0,0,35.19,30.80,78.60,AMBULATING
11:47:53.042,-3.38,68.85,16.55,-0.75,0.00,0.00,98,0,0,35.19,30.80,78.60,AMBULATING
11:47:53.267,-3.38,68.85,16.55,-0.75,0.00,0.00,98,0,0,35.19,30.80,78.60,AMBULATING
11:47:53.554,-3.38,68.85,16.55,-0.75,0.00,0.00,98,0,0,35.19,30.80,78.60,AMBULATING
11:47:53.862,-3.38,68.85,16.55,-0.75,0.00,0.00,98,0,0,35.19,30.80,78.60,AMBULATING
11:47:54.169,-3.38,68.85,16.55,-0.75,0.00,0.00,98,0,0,35.19,30.80,78.70,AMBULATING
11:47:54.405,-3.38,68.85,16.55,-0.75,0.00,0.00,98,0,0,35.19,30.80,78.70,AMBULATING
11:47:54.691,-3.38,68.85,16.55,-0.75,0.00,0.00,98,0,0,35.19,30.80,78.70,AMBULATING
11:47:54.988,-3.38,68.85,16.55,-0.75,0.00,0.00,98,0,0,35.19,30.80,78.70,AMBULATING
11:47:55.295,-3.38,68.85,16.55,-0.75,0.00,0.00,98,0,0,35.19,30.80,78.70,AMBULATING
11:47:55.540,-3.38,68.85,16.55,-0.75,0.00,0.00,98,0,0,35.25,30.80,78.70,AMBULATING
11:47:55.824,-3.38,68.85,16.55,-0.75,0.00,0.00,98,0,0,35.25,30.80,78.70,AMBULATING
11:47:56.232,-3.38,68.85,16.55,-0.75,0.00,0.00,98,0,0,35.25,30.80,78.70,AMBULATING
11:47:56.423,-3.38,68.85,16.55,-0.75,0.00,0.00,98,0,0,35.25,30.80,78.60,AMBULATING
11:47:56.729,-3.38,68.85,16.55,-0.75,0.00,0.00,98,0,0,35.25,30.80,78.60,AMBULATING
11:47:56.962,-3.38,68.85,16.55,-0.75,0.00,0.00,98,0,0,35.25,30.80,78.60,AMBULATING
11:47:57.248,-3.38,68.85,16.55,-0.75,0.00,0.00,98,0,0,35.25,30.80,78.60,AMBULATING
11:47:57.650,-3.38,68.85,16.55,-0.75,0.00,0.00,98,0,0,35.25,30.80,78.60,AMBULATING
11:47:57.855,-3.38,68.85,16.55,-0.75,0.00,0.00,98,0,0,35.25,30.80,78.60,AMBULATING
11:47:58.096,-3.38,68.85,16.55,-0.75,0.00,0.00,98,0,0,35.31,30.80,78.60,AMBULATING
11:47:58.382,-3.38,68.85,16.55,-0.75,0.00,0.00,98,0,0,35.31,30.80,78.60,AMBULATING
11:47:58.675,-3.38,68.85,16.55,-0.75,0.00,0.00,98,0,0,35.31,30.80,78.60,AMBULATING
11:47:58.983,-3.38,68.85,16.55,-0.75,0.00,0.00,98,0,0,35.31,30.80,78.60,AMBULATING
11:47:59.289,-3.38,68.85,16.55,-0.75,0.00,0.00,98,0,0,35.31,30.80,78.60,AMBULATING
11:47:59.519,-3.38,68.85,16.55,-0.75,0.00,0.00,98,0,0,35.31,30.80,78.60,AMBULATING
11:47:59.803,-3.38,68.85,16.55,-0.75,0.00,0.00,98,0,0,35.31,30.80,78.60,AMBULATING
11:48:00.110,-3.38,68.85,16.55,-0.75,0.00,0.00,98,0,0,35.31,30.80,78.60,AMBULATING
11:48:00.434,-3.38,68.85,16.55,-0.75,0.00,0.00,98,0,0,35.31,30.80,78.60,AMBULATING
11:48:00.653,-3.38,68.85,16.55,-0.75,0.00,0.00,98,0,0,35.38,30.80,78.60,AMBULATING
11:48:00.942,-3.38,68.85,16.55,-0.75,0.00,0.00,98,0,0,35.38,30.80,78.40,AMBULATING
11:48:01.234,-3.38,68.85,16.55,-0.75,0.00,0.00,98,0,0,35.38,30.80,78.40,AMBULATING
11:48:01.542,-3.38,68.85,16.55,-0.75,0.00,0.00,98,0,0,35.31,30.80,78.40,AMBULATING
11:48:01.848,-3.38,68.85,16.55,-0.75,0.00,0.00,98,0,0,35.31,30.80,78.40,AMBULATING
11:48:02.078,-3.38,68.85,16.55,-0.75,0.00,0.00,98,0,0,35.31,30.80,78.40,AMBULATING
11:48:02.362,-3.38,68.85,16.55,-0.75,0.00,0.00,98,0,0,35.31,30.80,78.40,AMBULATING
11:48:02.668,-3.38,68.85,16.55,-0.75,0.00,0.00,98,0,0,35.31,30.80,78.40,AMBULATING
11:48:02.975,-3.38,68.85,16.55,-0.75,0.00,0.00,98,0,0,35.31,30.80,78.40,AMBULATING
11:48:03.218,-3.38,68.85,16.55,-0.75,0.00,0.00,98,0,0,35.31,30.80,78.40,AMBULATING
11:48:03.500,-3.38,68.85,16.55,-0.75,0.00,0.00,98,0,0,35.31,30.80,78.40,AMBULATING
11:48:03.794,-3.38,68.85,16.55,-0.75,0.00,0.00,98,0,0,35.31,30.80,78.40,AMBULATING
11:48:04.101,-3.38,68.85,16.55,-0.75,0.00,0.00,98,0,0,35.31,30.80,78.40,AMBULATING
11:48:04.409,-3.38,68.85,16.55,-0.75,0.00,0.00,98,0,0,35.31,30.80,78.40,AMBULATING
11:48:04.634,-3.38,68.85,16.55,-0.75,0.00,0.00,98,0,0,35.31,30.80,78.40,AMBULATING
11:48:04.920,-3.38,68.85,16.55,-0.75,0.00,0.00,98,0,0,35.31,30.80,78.40,AMBULATING
11:48:05.228,-3.38,68.85,16.55,-0.75,0.00,0.00,98,0,0,35.31,30.80,78.40,AMBULATING
11:48:05.535,-3.38,68.85,16.55,-0.75,0.00,0.00,98,0,0,35.31,30.80,78.50,AMBULATING
11:48:05.772,-3.38,68.85,16.55,-0.75,0.00,0.00,98,0,0,35.25,30.80,78.50,AMBULATING
11:48:06.058,-3.38,68.85,16.55,-0.75,0.00,0.00,98,0,0,35.25,30.80,78.50,AMBULATING
11:48:06.356,-3.38,68.85,16.55,-0.75,0.00,0.00,98,0,0,35.25,30.80,78.50,AMBULATING
11:48:06.662,-3.38,68.85,16.55,-0.75,0.00,0.00,98,0,0,35.25,30.80,78.50,AMBULATING
11:48:06.907,-3.38,68.85,16.55,-0.75,0.00,0.00,98,0,0,35.25,30.80,78.50,AMBULATING
11:48:07.191,-3.38,68.85,16.55,-0.75,0.00,0.00,98,0,0,35.25,30.80,78.50,AMBULATING
11:48:07.481,-3.38,68.85,16.55,-0.75,0.00,0.00,98,0,0,35.25,30.80,78.50,AMBULATING
11:48:07.788,-3.38,68.85,16.55,-0.75,0.00,0.00,98,0,0,35.25,30.80,78.60,AMBULATING
11:48:08.095,-3.38,68.85,16.55,-0.75,0.00,0.00,98,0,0,35.25,30.80,78.60,AMBULATING
11:48:08.330,-3.38,68.85,16.55,-0.75,0.00,0.00,98,0,0,35.31,30.80,78.60,AMBULATING
11:48:08.616,-3.38,68.85,16.55,-0.75,0.00,0.00,98,0,0,35.31,30.80,78.60,AMBULATING
11:48:08.916,-3.38,68.85,16.55,-0.75,0.00,0.00,98,0,0,35.31,30.80,78.60,AMBULATING
11:48:09.221,-3.38,68.85,16.55,-0.75,0.00,0.00,98,0,0,35.25,30.80,78.60,AMBULATING
11:48:09.464,-3.38,68.85,16.55,-0.75,0.00,0.00,98,0,0,35.25,30.80,78.60,AMBULATING
11:48:09.749,-3.38,68.85,16.55,-0.75,0.00,0.00,98,0,0,35.25,30.80,78.60,AMBULATING
11:48:10.041,-3.38,68.85,16.55,-0.75,0.00,0.00,98,0,0,35.25,30.80,78.80,AMBULATING
11:48:10.348,-3.38,68.85,16.55,-0.75,0.00,0.00,98,0,0,35.25,30.80,78.80,AMBULATING
11:48:10.660,-3.38,68.85,16.55,-0.75,0.00,0.00,98,0,0,35.25,30.80,78.80,AMBULATING
11:48:10.887,-3.38,68.85,16.55,-0.75,0.00,0.00,98,0,0,35.31,30.80,78.80,AMBULATING
11:48:11.171,-3.38,68.85,16.55,-0.75,0.00,0.00,98,0,0,35.31,30.80,78.80,AMBULATING
11:48:11.474,-3.38,68.85,16.55,-0.75,0.00,0.00,98,0,0,35.31,30.80,78.80,AMBULATING
11:48:11.781,-3.38,68.85,16.55,-0.75,0.00,0.00,98,0,0,35.31,30.80,78.80,AMBULATING
11:48:12.021,-3.38,68.85,16.55,-0.75,0.00,0.00,98,0,0,35.31,30.80,78.80,AMBULATING
11:48:12.310,-3.38,68.85,16.55,-0.75,0.00,0.00,98,0,0,35.31,30.80,79.10,AMBULATING
11:48:12.601,-3.38,68.85,16.55,-0.75,0.00,0.00,98,0,0,35.31,30.80,79.10,AMBULATING
11:48:12.909,-3.38,68.85,16.55,-0.75,0.00,0.00,98,0,0,35.31,30.80,79.10,AMBULATING
11:48:13.215,-3.38,68.85,16.55,-0.75,0.00,0.00,98,0,0,35.31,30.80,79.10,AMBULATING
11:48:13.444,-3.38,68.85,16.55,-0.75,0.00,0.00,98,0,0,35.25,30.80,79.10,AMBULATING
11:48:13.730,-3.38,68.85,16.55,-0.75,0.00,0.00,98,0,0,35.25,30.80,79.10,AMBULATING
11:48:14.035,-3.38,68.85,16.55,-0.75,0.00,0.00,98,0,0,35.25,30.80,79.10,AMBULATING
11:48:14.343,-3.38,68.85,16.55,-0.75,0.00,0.00,98,0,0,35.31,30.80,79.10,AMBULATING
11:48:14.584,-3.38,68.85,16.55,-0.75,0.00,0.00,98,0,0,35.31,30.80,79.00,AMBULATING
11:48:14.868,-3.38,68.85,16.55,-0.75,0.00,0.00,98,0,0,35.31,30.80,79.00,AMBULATING
11:48:15.162,-3.38,68.85,16.55,-0.75,0.00,0.00,98,0,0,35.19,30.80,79.00,AMBULATING
11:48:15.468,-3.38,68.85,16.55,-0.75,0.00,0.00,98,0,0,35.19,30.80,79.00,AMBULATING
11:48:15.776,-3.38,68.85,16.55,-0.75,0.00,0.00,98,0,0,35.19,30.80,79.00,AMBULATING
11:48:16.001,-3.38,68.85,16.55,-0.75,0.00,0.00,98,0,0,35.25,30.80,79.00,AMBULATING
11:48:16.286,-3.38,68.85,16.55,-0.75,0.00,0.00,98,0,0,35.25,30.80,79.00,AMBULATING
11:48:16.595,-3.38,68.85,16.55,-0.75,0.00,0.00,98,0,0,35.25,30.80,79.00,AMBULATING
11:48:16.902,-3.38,68.85,16.55,-0.75,0.00,0.00,98,0,0,35.25,30.70,78.90,AMBULATING
11:48:17.141,-3.38,68.85,16.55,-0.75,0.00,0.00,98,0,0,35.25,30.70,78.90,AMBULATING
11:48:17.426,-3.38,68.85,16.55,-0.75,0.00,0.00,98,0,0,35.25,30.70,78.90,AMBULATING
11:48:17.723,-3.38,68.85,16.55,-0.75,0.00,0.00,98,0,0,35.19,30.70,78.90,AMBULATING
11:48:18.028,-3.38,68.85,16.55,-0.75,0.00,0.00,98,0,0,35.19,30.70,78.90,AMBULATING
11:48:18.277,-3.38,68.85,16.55,-0.75,0.00,0.00,98,0,0,35.19,30.70,78.90,AMBULATING
11:48:18.560,-3.38,68.85,16.55,-0.75,0.00,0.00,98,0,0,35.25,30.70,78.90,AMBULATING
11:48:18.846,-3.38,68.85,16.55,-0.75,0.00,0.00,98,0,0,35.25,30.70,78.90,AMBULATING
11:48:19.154,-3.38,68.85,16.55,-0.75,0.00,0.00,98,0,0,35.25,30.80,78.90,AMBULATING
11:48:19.461,-3.38,68.85,16.55,-0.75,0.00,0.00,98,0,0,35.19,30.80,78.90,AMBULATING
11:48:19.698,-3.38,68.85,16.55,-0.75,0.00,0.00,98,0,0,35.19,30.80,78.90,AMBULATING
11:48:19.982,-3.38,68.85,16.55,-0.75,0.00,0.00,98,0,0,35.19,30.80,78.90,AMBULATING
11:48:20.281,-3.38,68.85,16.55,-0.75,0.00,0.00,98,0,0,35.25,30.80,78.90,AMBULATING
11:48:20.589,-3.38,68.85,16.55,-0.75,0.00,0.00,98,0,0,35.25,30.80,78.90,AMBULATING
11:48:20.832,-3.38,68.85,16.55,-0.75,0.00,0.00,98,0,0,35.25,30.80,78.90,AMBULATING
11:48:21.118,-3.38,68.85,16.55,-0.75,0.00,0.00,98,0,0,35.19,30.80,78.90,AMBULATING
11:48:21.407,-3.38,68.85,16.55,-0.75,0.00,0.00,98,0,0,35.19,30.80,78.90,AMBULATING
11:48:21.817,-3.38,68.85,16.55,-0.75,0.00,0.00,98,0,0,35.19,30.80,78.90,AMBULATING
11:48:22.022,-3.38,68.85,16.55,-0.75,0.00,0.00,98,0,0,35.19,30.80,78.90,AMBULATING
11:48:22.256,-3.38,68.85,16.55,-0.75,0.00,0.00,98,0,0,35.19,30.80,78.90,AMBULATING
11:48:22.540,-3.38,68.85,16.55,-0.75,0.00,0.00,98,0,0,35.19,30.80,78.90,AMBULATING
11:48:22.841,-3.38,68.85,16.55,-0.75,0.00,0.00,98,0,0,35.12,30.80,78.90,AMBULATING
11:48:23.148,-3.38,68.85,16.55,-0.75,0.00,0.00,98,0,0,35.12,30.80,78.90,AMBULATING
11:48:23.393,-3.38,68.85,16.55,-0.75,0.00,0.00,98,0,0,35.12,30.80,78.90,AMBULATING
11:48:23.680,-3.38,68.85,16.55,-0.75,0.00,0.00,98,0,0,35.12,30.80,78.70,AMBULATING
11:48:24.070,-3.38,68.85,16.55,-0.75,0.00,0.00,98,0,0,35.12,30.80,78.70,AMBULATING
11:48:24.275,-3.38,68.85,16.55,-0.75,0.00,0.00,98,0,0,35.12,30.80,78.70,AMBULATING
11:48:24.582,-3.38,68.85,16.55,-0.75,0.00,0.00,98,0,0,35.06,30.80,78.70,AMBULATING
11:48:24.815,-3.38,68.85,16.55,-0.75,0.00,0.00,98,0,0,35.06,30.80,78.70,AMBULATING
11:48:25.213,-3.38,68.85,16.55,-0.75,0.00,0.00,98,0,0,35.06,30.80,78.70,AMBULATING
11:48:25.507,-3.38,68.85,16.55,-0.75,0.00,0.00,98,0,0,35.06,30.80,78.70,AMBULATING
11:48:25.818,-3.38,68.85,16.55,-0.75,0.00,0.00,98,0,0,35.06,30.80,78.70,AMBULATING
11:48:26.027,-3.38,68.85,16.55,-0.75,0.00,0.00,98,0,0,35.06,30.80,78.50,AMBULATING
11:48:26.338,-3.38,68.85,16.55,-0.75,0.00,0.00,98,0,0,35.00,30.80,78.50,AMBULATING
11:48:26.527,-3.38,68.85,16.55,-0.75,0.00,0.00,98,0,0,35.00,30.80,78.50,AMBULATING
11:48:26.836,-3.38,68.85,16.55,-0.75,0.00,0.00,98,0,0,35.00,30.80,78.50,AMBULATING
11:48:27.142,-3.38,68.85,16.55,-0.75,0.00,0.00,98,0,0,35.00,30.80,78.50,AMBULATING
11:48:27.374,-3.38,68.85,16.55,-0.75,0.00,0.00,98,0,0,35.00,30.80,78.50,AMBULATING
11:48:27.657,-3.38,68.85,16.55,-0.75,0.00,0.00,98,0,0,35.00,30.80,78.50,AMBULATING
11:48:27.961,-3.38,68.85,16.55,-0.75,0.00,0.00,98,0,0,34.94,30.80,78.50,AMBULATING
11:48:28.268,-3.38,68.85,16.55,-0.75,0.00,0.00,98,0,0,34.94,30.70,78.40,AMBULATING
11:48:28.512,-3.38,68.85,16.55,-0.75,0.00,0.00,98,0,0,34.94,30.70,78.40,AMBULATING
11:48:28.798,-3.38,68.85,16.55,-0.75,0.00,0.00,98,0,0,34.94,30.70,78.40,AMBULATING
11:48:29.087,-3.38,68.85,16.55,-0.75,0.00,0.00,98,0,0,34.94,30.70,78.40,AMBULATING
11:48:29.395,-3.38,68.85,16.55,-0.75,0.00,0.00,98,0,0,34.94,30.70,78.40,AMBULATING
11:48:29.702,-3.38,68.85,16.55,-0.75,0.00,0.00,98,0,0,34.94,30.70,78.40,AMBULATING
11:48:29.931,-3.38,68.85,16.55,-0.75,0.00,0.00,98,0,0,34.94,30.70,78.40,AMBULATING
11:48:30.216,-3.38,68.85,16.55,-0.75,0.00,0.00,98,0,0,34.94,30.70,78.40,AMBULATING
11:48:30.521,-3.38,68.85,16.55,-0.75,0.00,0.00,98,0,0,34.94,30.70,78.20,AMBULATING
11:48:30.828,-3.38,68.85,16.55,-0.75,0.00,0.00,98,0,0,34.94,30.70,78.20,AMBULATING
11:48:31.070,-3.38,68.85,16.55,-0.75,0.00,0.00,98,0,0,34.94,30.70,78.20,AMBULATING
11:48:31.355,-3.38,68.85,16.55,-0.75,0.00,0.00,98,0,0,34.88,30.70,78.20,AMBULATING
11:48:31.647,-3.38,68.85,16.55,-0.75,0.00,0.00,98,0,0,34.88,30.70,78.20,AMBULATING
11:48:31.954,-3.38,68.85,16.55,-0.75,0.00,0.00,98,0,0,34.88,30.70,78.20,AMBULATING
11:48:32.262,-3.38,68.85,16.55,-0.75,0.00,0.00,98,0,0,34.88,30.70,78.20,AMBULATING
11:48:32.490,-3.38,68.85,16.55,-0.75,0.00,0.00,98,0,0,34.88,30.70,78.20,AMBULATING
11:48:32.780,-3.38,68.85,16.55,-0.75,0.00,0.00,98,0,0,34.88,30.70,78.10,AMBULATING
11:48:33.084,-3.38,68.85,16.55,-0.75,0.00,0.00,98,0,0,34.88,30.70,78.10,AMBULATING
11:48:33.391,-3.38,68.85,16.55,-0.75,0.00,0.00,98,0,0,34.88,30.70,78.10,AMBULATING
11:48:33.629,-3.38,68.85,16.55,-0.75,0.00,0.00,98,0,0,34.88,30.70,78.10,AMBULATING
11:48:33.913,-3.38,68.85,16.55,-0.75,0.00,0.00,98,0,0,34.81,30.70,78.10,AMBULATING
11:48:34.309,-3.38,68.85,16.55,-0.75,0.00,0.00,98,0,0,34.81,30.70,78.10,AMBULATING
11:48:34.516,-3.38,68.85,16.55,-0.75,0.00,0.00,98,0,0,34.81,30.70,78.10,AMBULATING
11:48:34.822,-3.38,68.85,16.55,-0.75,0.00,0.00,98,0,0,34.81,30.70,78.10,AMBULATING
11:48:35.051,-3.38,68.85,16.55,-0.75,0.00,0.00,98,0,0,34.81,30.70,78.20,AMBULATING
11:48:35.335,-3.38,68.85,16.55,-0.75,0.00,0.00,98,0,0,34.81,30.70,78.20,AMBULATING
11:48:35.641,-3.38,68.85,16.55,-0.75,0.00,0.00,98,0,0,34.81,30.70,78.20,AMBULATING
11:48:35.948,-3.38,68.85,16.55,-0.75,0.00,0.00,98,0,0,34.81,30.70,78.20,AMBULATING
11:48:36.185,-3.38,68.85,16.55,-0.75,0.00,0.00,98,0,0,34.81,30.70,78.20,AMBULATING
11:48:36.471,-3.38,68.85,16.55,-0.75,0.00,0.00,98,0,0,34.81,30.70,78.20,AMBULATING
11:48:36.767,-3.38,68.85,16.55,-0.75,0.00,0.00,98,0,0,34.81,30.70,78.20,AMBULATING
11:48:37.078,-3.38,68.85,16.55,-0.75,0.00,0.00,98,0,0,34.81,30.70,78.20,AMBULATING
11:48:37.381,-3.38,68.85,16.55,-0.75,0.00,0.00,98,0,0,34.81,30.60,78.20,AMBULATING
11:48:37.609,-3.38,68.85,16.55,-0.75,0.00,0.00,98,0,0,34.81,30.60,78.20,AMBULATING
11:48:37.894,-3.38,68.85,16.55,-0.75,0.00,0.00,98,0,0,34.81,30.60,78.20,AMBULATING
11:48:38.201,-3.38,68.85,16.55,-0.75,0.00,0.00,98,0,0,34.75,30.60,78.20,AMBULATING
11:48:38.508,-3.38,68.85,16.55,-0.75,0.00,0.00,98,0,0,34.75,30.60,78.20,AMBULATING
11:48:38.742,-3.38,68.85,16.55,-0.75,0.00,0.00,98,0,0,34.75,30.60,78.20,AMBULATING
11:48:39.026,-3.38,68.85,16.55,-0.75,0.00,0.00,98,0,0,34.75,30.60,78.20,AMBULATING
11:48:39.327,-3.38,68.85,16.55,-0.75,0.00,0.00,98,0,0,34.75,30.60,78.20,AMBULATING
11:48:39.635,-3.38,68.85,16.55,-0.75,0.00,0.00,98,0,0,34.75,30.70,78.40,AMBULATING
11:48:39.883,-3.38,68.85,16.55,-0.75,0.00,0.00,98,0,0,34.75,30.70,78.40,AMBULATING
11:48:40.167,-3.38,68.85,16.55,-0.75,0.00,0.00,98,0,0,34.75,30.70,78.40,AMBULATING
11:48:40.453,-3.38,68.85,16.55,-0.75,0.00,0.00,98,0,0,34.75,30.70,78.40,AMBULATING
11:48:40.761,-3.38,68.85,16.55,-0.75,0.00,0.00,98,0,0,34.75,30.70,78.40,AMBULATING
11:48:41.068,-3.38,68.85,16.55,-0.75,0.00,0.00,98,0,0,34.75,30.70,78.40,AMBULATING
11:48:41.300,-3.38,68.85,16.55,-0.75,0.00,0.00,98,0,0,34.75,30.70,78.40,AMBULATING
11:48:41.583,-3.38,68.85,16.55,-0.75,0.00,0.00,98,0,0,34.69,30.70,78.40,AMBULATING
11:48:41.891,-3.38,68.85,16.55,-0.75,0.00,0.00,98,0,0,34.69,30.70,78.50,AMBULATING
11:48:42.196,-3.38,68.85,16.55,-0.75,0.00,0.00,98,0,0,34.69,30.70,78.50,AMBULATING
11:48:42.440,-3.38,68.85,16.55,-0.75,0.00,0.00,98,0,0,34.69,30.70,78.50,AMBULATING
11:48:42.723,-3.38,68.85,16.55,-0.75,0.00,0.00,98,0,0,34.69,30.70,78.50,AMBULATING
11:48:43.014,-3.38,68.85,16.55,-0.75,0.00,0.00,98,0,0,34.69,30.70,78.50,AMBULATING
11:48:43.320,-3.38,68.85,16.55,-0.75,0.00,0.00,98,0,0,34.69,30.70,78.50,AMBULATING
11:48:43.642,-3.38,68.85,16.55,-0.75,0.00,0.00,98,0,0,34.69,30.70,78.50,AMBULATING
11:48:43.855,-3.38,68.85,16.55,-0.75,0.00,0.00,98,0,0,34.69,30.70,78.50,AMBULATING
11:48:44.147,-3.38,68.85,16.55,-0.75,0.00,0.00,98,0,0,34.69,30.70,78.70,AMBULATING
11:48:44.562,-3.38,68.85,16.55,-0.75,0.00,0.00,98,0,0,34.69,30.70,78.70,AMBULATING
11:48:44.761,-3.38,68.85,16.55,-0.75,0.00,0.00,98,0,0,34.69,30.70,78.70,AMBULATING
11:48:44.995,-3.38,68.85,16.55,-0.75,0.00,0.00,98,0,0,34.69,30.70,78.70,AMBULATING
11:48:45.279,-3.38,68.85,16.55,-0.75,0.00,0.00,98,0,0,34.69,30.70,78.70,AMBULATING
11:48:45.573,-3.38,68.85,16.55,-0.75,0.00,0.00,98,0,0,34.69,30.70,78.70,AMBULATING
11:48:45.881,-3.38,68.85,16.55,-0.75,0.00,0.00,98,0,0,34.69,30.70,78.70,AMBULATING
11:48:46.129,-3.38,68.85,16.55,-0.75,0.00,0.00,98,0,0,34.69,30.70,78.70,AMBULATING
11:48:46.418,-3.38,68.85,16.55,-0.75,0.00,0.00,98,0,0,34.69,30.70,79.00,AMBULATING
11:48:46.703,-3.38,68.85,16.55,-0.75,0.00,0.00,98,0,0,34.69,30.70,79.00,AMBULATING
11:48:47.007,-3.38,68.85,16.55,-0.75,0.00,0.00,98,0,0,34.69,30.70,79.00,AMBULATING
11:48:47.315,-3.38,68.85,16.55,-0.75,0.00,0.00,98,0,0,34.69,30.70,79.00,AMBULATING
11:48:47.552,-3.38,68.85,16.55,-0.75,0.00,0.00,98,0,0,34.69,30.70,79.00,AMBULATING
11:48:47.836,-3.38,68.85,16.55,-0.75,0.00,0.00,98,0,0,34.69,30.70,79.00,AMBULATING
11:48:48.134,-3.38,68.85,16.55,-0.75,0.00,0.00,98,0,0,34.69,30.70,79.00,AMBULATING
11:48:48.440,-3.38,68.85,16.55,-0.75,0.00,0.00,98,0,0,34.69,30.70,79.00,AMBULATING
11:48:48.748,-3.38,68.85,16.55,-0.75,0.00,0.00,98,0,0,34.69,30.60,79.30,AMBULATING
11:48:48.975,-3.38,68.85,16.55,-0.75,0.00,0.00,98,0,0,34.69,30.60,79.30,AMBULATING
11:48:49.260,-3.38,68.85,16.55,-0.75,0.00,0.00,98,0,0,34.69,30.60,79.30,AMBULATING
11:48:49.568,-3.38,68.85,16.55,-0.75,0.00,0.00,98,0,0,34.69,30.60,79.30,AMBULATING
11:48:49.874,-3.38,68.85,16.55,-0.75,0.00,0.00,98,0,0,34.69,30.60,79.30,AMBULATING
11:48:50.111,-3.38,68.85,16.55,-0.75,0.00,0.00,98,0,0,34.69,30.60,79.30,AMBULATING
11:48:50.395,-3.38,68.85,16.55,-0.75,0.00,0.00,98,0,0,34.69,30.60,79.30,AMBULATING
11:48:50.695,-3.38,68.85,16.55,-0.75,0.00,0.00,98,0,0,34.69,30.60,79.30,AMBULATING
11:48:51.001,-3.38,68.85,16.55,-0.75,0.00,0.00,98,0,0,34.69,30.70,79.40,AMBULATING
11:48:51.309,-3.38,68.85,16.55,-0.75,0.00,0.00,98,0,0,34.69,30.70,79.40,AMBULATING
11:48:51.535,-3.38,68.85,16.55,-0.75,0.00,0.00,98,0,0,34.69,30.70,79.40,AMBULATING
11:48:51.820,-3.38,68.85,16.55,-0.75,0.00,0.00,98,0,0,34.75,30.70,79.40,AMBULATING
11:48:52.128,-3.38,68.85,16.55,-0.75,0.00,0.00,98,0,0,34.75,30.70,79.40,AMBULATING
11:48:52.434,-3.38,68.85,16.55,-0.75,0.00,0.00,98,0,0,34.75,30.70,79.40,AMBULATING
11:48:52.670,-3.38,68.85,16.55,-0.75,0.00,0.00,98,0,0,34.75,30.70,79.40,AMBULATING
11:48:52.954,-3.38,68.85,16.55,-0.75,0.00,0.00,98,0,0,34.75,30.70,79.40,AMBULATING
11:48:53.254,-3.38,68.85,16.55,-0.75,0.00,0.00,98,0,0,34.75,30.70,79.50,AMBULATING
11:48:53.560,-3.38,68.85,16.55,-0.75,0.00,0.00,98,0,0,34.75,30.70,79.50,AMBULATING
11:48:53.868,-3.38,68.85,16.55,-0.75,0.00,0.00,98,0,0,34.75,30.70,79.50,AMBULATING
11:48:54.096,-3.38,68.85,16.55,-0.75,0.00,0.00,98,0,0,34.75,30.70,79.50,AMBULATING
11:48:54.421,-3.38,68.85,16.55,-0.75,0.00,0.00,98,0,0,34.75,30.70,79.50,AMBULATING
11:48:54.687,-3.38,68.85,16.55,-0.75,0.00,0.00,98,0,0,34.75,30.70,79.50,AMBULATING
11:48:54.996,-3.38,68.85,16.55,-0.75,0.00,0.00,98,0,0,34.75,30.70,79.50,AMBULATING
11:48:55.228,-3.38,68.85,16.55,-0.75,0.00,0.00,98,0,0,34.75,30.70,79.50,AMBULATING
11:48:55.610,-3.38,68.85,16.55,-0.75,0.00,0.00,98,0,0,34.75,30.60,79.70,AMBULATING
11:48:55.814,-3.38,68.85,16.55,-0.75,0.00,0.00,98,0,0,34.75,30.60,79.70,AMBULATING
11:48:56.122,-3.38,68.85,16.55,-0.75,0.00,0.00,98,0,0,34.75,30.60,79.70,AMBULATING
11:48:56.367,-3.38,68.85,16.55,-0.75,0.00,0.00,98,0,0,34.75,30.60,79.70,AMBULATING
11:48:56.650,-3.38,68.85,16.55,-0.75,0.00,0.00,98,0,0,34.75,30.60,79.70,AMBULATING
11:48:56.942,-3.38,68.85,16.55,-0.75,0.00,0.00,98,0,0,34.75,30.60,79.70,AMBULATING
11:48:57.433,-3.38,68.85,16.55,-0.75,0.00,0.00,98,0,0,34.75,30.60,79.70,AMBULATING
11:48:57.555,-3.38,68.85,16.55,-0.75,0.00,0.00,98,0,0,34.75,30.60,79.70,AMBULATING
11:48:57.790,-3.38,68.85,16.55,-0.75,0.00,0.00,98,0,0,34.81,30.70,79.80,AMBULATING
11:48:58.074,-3.38,68.85,16.55,-0.75,0.00,0.00,98,0,0,34.81,30.70,79.80,AMBULATING
11:48:58.376,-3.38,68.85,16.55,-0.75,0.00,0.00,98,0,0,34.81,30.70,79.80,AMBULATING
11:48:58.683,-3.38,68.85,16.55,-0.75,0.00,0.00,98,0,0,34.81,30.70,79.80,AMBULATING
11:48:58.924,-3.38,68.85,16.55,-0.75,0.00,0.00,98,0,0,34.81,30.70,79.80,AMBULATING
11:48:59.296,-3.38,68.85,16.55,-0.75,0.00,0.00,98,0,0,34.81,30.70,79.80,AMBULATING
11:48:59.500,-3.38,68.85,16.55,-0.75,0.00,0.00,98,0,0,34.81,30.70,79.80,AMBULATING
11:48:59.807,-3.38,68.85,16.55,-0.75,0.00,0.00,98,0,0,34.81,30.70,79.80,AMBULATING
11:49:00.115,-3.38,68.85,16.55,-0.75,0.00,0.00,98,0,0,34.81,30.70,79.90,AMBULATING
11:49:00.348,-3.38,68.85,16.55,-0.75,0.00,0.00,98,0,0,34.75,30.70,79.90,AMBULATING
11:49:00.632,-3.38,68.85,16.55,-0.75,0.00,0.00,98,0,0,34.75,30.70,79.90,AMBULATING
11:49:00.934,-3.38,68.85,16.55,-0.75,0.00,0.00,98,0,0,34.75,30.70,79.90,AMBULATING
11:49:01.240,-3.38,68.85,16.55,-0.75,0.00,0.00,98,0,0,34.81,30.70,79.90,AMBULATING
11:49:01.484,-3.38,68.85,16.55,-0.75,0.00,0.00,98,0,0,34.81,30.70,79.90,AMBULATING
11:49:01.766,-3.38,68.85,16.55,-0.75,0.00,0.00,98,0,0,34.81,30.70,79.90,AMBULATING
11:49:02.060,-3.38,68.85,16.55,-0.75,0.00,0.00,98,0,0,34.81,30.70,79.90,AMBULATING
11:49:02.369,-3.38,68.85,16.55,-0.75,0.00,0.00,98,0,0,34.81,30.60,79.90,AMBULATING
11:49:02.675,-3.38,68.85,16.55,-0.75,0.00,0.00,98,0,0,34.81,30.60,79.90,AMBULATING
11:49:02.905,-3.38,68.85,16.55,-0.75,0.00,0.00,98,0,0,34.81,30.60,79.90,AMBULATING
11:49:03.190,-3.38,68.85,16.55,-0.75,0.00,0.00,98,0,0,34.81,30.60,79.90,AMBULATING
11:49:03.493,-3.38,68.85,16.55,-0.75,0.00,0.00,98,0,0,34.81,30.60,79.90,AMBULATING
11:49:03.801,-3.38,68.85,16.55,-0.75,0.00,0.00,98,0,0,34.81,30.60,79.90,AMBULATING
11:49:04.108,-3.38,68.85,16.55,-0.75,0.00,0.00,98,0,0,34.81,30.60,79.90,AMBULATING
11:49:04.325,-3.38,68.85,16.55,-0.75,0.00,0.00,98,0,0,34.81,30.60,79.90,AMBULATING
11:49:04.622,-3.38,68.85,16.55,-0.75,0.00,0.00,98,0,0,34.81,30.60,79.70,AMBULATING
11:49:04.926,-3.38,68.85,16.55,-0.75,0.00,0.00,98,0,0,34.81,30.60,79.70,AMBULATING
11:49:05.234,-3.38,68.85,16.55,-0.75,0.00,0.00,98,0,0,34.81,30.60,79.70,AMBULATING
11:49:05.462,-3.38,68.85,16.55,-0.75,0.00,0.00,98,0,0,34.81,30.60,79.70,AMBULATING
11:49:05.746,-3.38,68.85,16.55,-0.75,0.00,0.00,98,0,0,34.81,30.60,79.70,AMBULATING
11:49:06.059,-3.38,68.85,16.55,-0.75,0.00,0.00,98,0,0,34.81,30.60,79.70,AMBULATING
11:49:06.362,-3.38,68.85,16.55,-0.75,0.00,0.00,98,0,0,34.81,30.60,79.70,AMBULATING
11:49:06.601,-3.38,68.85,16.55,-0.75,0.00,0.00,98,0,0,34.81,30.60,79.70,AMBULATING
11:49:06.889,-3.38,68.85,16.55,-0.75,0.00,0.00,98,0,0,34.81,30.70,79.70,AMBULATING
11:49:07.200,-3.38,68.85,16.55,-0.75,0.00,0.00,98,0,0,34.81,30.70,79.70,AMBULATING
11:49:07.590,-3.38,68.85,16.55,-0.75,0.00,0.00,98,0,0,34.81,30.70,79.70,AMBULATING
11:49:07.794,-3.38,68.85,16.55,-0.75,0.00,0.00,98,0,0,34.81,30.70,79.70,AMBULATING
11:49:08.019,-3.38,68.85,16.55,-0.75,0.00,0.00,98,0,0,34.81,30.70,79.70,AMBULATING
11:49:08.305,-3.38,68.85,16.55,-0.75,0.00,0.00,98,0,0,34.81,30.70,79.70,AMBULATING
11:49:08.730,-3.38,68.85,16.55,-0.75,0.00,0.00,98,0,0,34.81,30.70,79.70,AMBULATING
11:49:09.038,-3.38,68.85,16.55,-0.75,0.00,0.00,98,0,0,34.75,30.70,79.70,AMBULATING
11:49:09.234,-3.38,68.85,16.55,-0.75,0.00,0.00,98,0,0,34.75,30.60,79.60,AMBULATING
11:49:09.536,-3.38,68.85,16.55,-0.75,0.00,0.00,98,0,0,34.75,30.60,79.60,AMBULATING
11:49:09.740,-3.38,68.85,16.55,-0.75,0.00,0.00,98,0,0,34.75,30.60,79.60,AMBULATING
11:49:10.060,-3.38,68.85,16.55,-0.75,0.00,0.00,98,0,0,34.75,30.60,79.60,AMBULATING
11:49:10.294,-3.38,68.85,16.55,-0.75,0.00,0.00,98,0,0,34.75,30.60,79.60,AMBULATING
11:49:10.662,-3.38,68.85,16.55,-0.75,0.00,0.00,98,0,0,34.69,30.60,79.60,AMBULATING
11:49:10.867,-3.38,68.85,16.55,-0.75,0.00,0.00,98,0,0,34.69,30.60,79.60,AMBULATING
11:49:11.174,-3.38,68.85,16.55,-0.75,0.00,0.00,98,0,0,34.69,30.60,79.60,AMBULATING
11:49:11.481,-3.38,68.85,16.55,-0.75,0.00,0.00,98,0,0,34.69,30.60,79.60,AMBULATING
11:49:11.718,-3.38,68.85,16.55,-0.75,0.00,0.00,98,0,0,34.69,30.60,79.60,AMBULATING
11:49:12.001,-3.38,68.85,16.55,-0.75,0.00,0.00,98,0,0,34.69,30.60,79.60,AMBULATING
11:49:12.299,-3.38,68.85,16.55,-0.75,0.00,0.00,98,0,0,34.69,30.60,79.60,AMBULATING
11:49:12.609,-3.38,68.85,16.55,-0.75,0.00,0.00,98,0,0,34.69,30.60,79.60,AMBULATING
11:49:12.851,-3.38,68.85,16.55,-0.75,0.00,0.00,98,0,0,34.69,30.60,79.60,AMBULATING
11:49:13.135,-3.38,68.85,16.55,-0.75,0.00,0.00,98,0,0,34.69,30.60,79.60,AMBULATING
11:49:13.427,-3.38,68.85,16.55,-0.75,0.00,0.00,98,0,0,34.69,30.60,79.60,AMBULATING
11:49:13.734,-3.38,68.85,16.55,-0.75,0.00,0.00,98,0,0,34.69,30.60,79.40,AMBULATING
11:49:14.041,-3.38,68.85,16.55,-0.75,0.00,0.00,98,0,0,34.69,30.60,79.40,AMBULATING
11:49:14.274,-3.38,68.85,16.55,-0.75,0.00,0.00,98,0,0,34.69,30.60,79.40,AMBULATING
11:49:14.559,-3.38,68.85,16.55,-0.75,0.00,0.00,98,0,0,34.69,30.60,79.40,AMBULATING
11:49:14.860,-3.38,68.85,16.55,-0.75,0.00,0.00,98,0,0,34.69,30.60,79.40,AMBULATING
11:49:15.167,-3.38,68.85,16.55,-0.75,0.00,0.00,98,0,0,34.69,30.60,79.40,AMBULATING
11:49:15.410,-3.38,68.85,16.55,-0.75,0.00,0.00,98,0,0,34.69,30.60,79.40,AMBULATING
11:49:15.785,-3.38,68.85,16.55,-0.75,0.00,0.00,98,0,0,34.69,30.60,79.40,AMBULATING
11:49:15.988,-3.38,68.85,16.55,-0.75,0.00,0.00,98,0,0,34.69,30.60,79.40,AMBULATING
11:49:16.294,-3.38,68.85,16.55,-0.75,0.00,0.00,98,0,0,34.69,30.60,79.40,AMBULATING
11:49:16.603,-3.38,68.85,16.55,-0.75,0.00,0.00,98,0,0,34.69,30.60,79.40,AMBULATING
11:49:16.834,-3.38,68.85,16.55,-0.75,0.00,0.00,98,0,0,34.69,30.60,79.40,ANOMALY
11:49:17.117,-3.38,68.85,16.55,-0.75,0.00,0.00,98,0,0,34.69,30.60,79.40,ANOMALY
11:49:17.420,-3.38,68.85,16.55,-0.75,0.00,0.00,98,0,0,34.69,30.60,79.40,ANOMALY
11:49:17.729,-3.38,68.85,16.55,-0.75,0.00,0.00,98,0,0,34.69,30.60,79.40,ANOMALY
11:49:17.969,-3.38,68.85,16.55,-0.75,0.00,0.00,98,0,0,34.69,30.60,79.40,ANOMALY
11:49:18.260,-3.38,68.85,16.55,-0.75,0.00,0.00,98,0,0,34.75,30.60,79.50,ANOMALY
11:49:18.550,-3.38,68.85,16.55,-0.75,0.00,0.00,98,0,0,34.75,30.60,79.50,ANOMALY
11:49:18.853,-3.38,68.85,16.55,-0.75,0.00,0.00,98,0,0,34.75,30.60,79.50,ANOMALY
11:49:19.160,-3.38,68.85,16.55,-0.75,0.00,0.00,98,0,0,34.75,30.60,79.50,ANOMALY
11:49:19.393,-3.38,68.85,16.55,-0.75,0.00,0.00,98,0,0,34.75,30.60,79.50,ANOMALY
11:49:19.677,-3.38,68.85,16.55,-0.75,0.00,0.00,98,0,0,34.75,30.60,79.50,ANOMALY
11:49:19.979,-3.38,68.85,16.55,-0.75,0.00,0.00,98,0,0,34.75,30.60,79.50,ANOMALY
11:49:20.390,-3.38,68.85,16.55,-0.75,0.00,0.00,98,0,0,34.75,30.60,79.50,ANOMALY
11:49:20.629,-3.38,68.85,16.55,-0.75,0.00,0.00,98,0,0,34.75,30.60,79.60,ANOMALY
11:49:20.902,-3.38,68.85,16.55,-0.75,0.00,0.00,98,0,0,34.75,30.60,79.60,ANOMALY
11:49:21.108,-3.38,68.85,16.55,-0.75,0.00,0.00,98,0,0,34.75,30.60,79.60,ANOMALY
11:49:21.415,-3.38,68.85,16.55,-0.75,0.00,0.00,98,0,0,34.75,30.60,79.60,ANOMALY
11:49:21.721,-3.38,68.85,16.55,-0.75,0.00,0.00,98,0,0,34.75,30.60,79.60,ANOMALY
11:49:21.951,-3.38,68.85,16.55,-0.75,0.00,0.00,98,0,0,34.75,30.60,79.60,ANOMALY
11:49:22.336,-3.38,68.85,16.55,-0.75,0.00,0.00,98,0,0,34.75,30.60,79.60,ANOMALY
11:49:22.540,-3.38,68.85,16.55,-0.75,0.00,0.00,98,0,0,34.75,30.60,79.60,ANOMALY
11:49:22.950,-3.38,68.85,16.55,-0.75,0.00,0.00,98,0,0,34.75,30.60,79.80,ANOMALY
11:49:23.091,-3.38,68.85,16.55,-0.75,0.00,0.00,98,0,0,34.75,30.60,79.80,ANOMALY
11:49:23.375,-3.38,68.85,16.55,-0.75,0.00,0.00,98,0,0,34.75,30.60,79.80,ANOMALY
11:49:23.666,-3.38,68.85,16.55,-0.75,0.00,0.00,98,0,0,34.75,30.60,79.80,ANOMALY
11:49:24.086,-3.38,68.85,16.55,-0.75,0.00,0.00,98,0,0,34.75,30.60,79.80,ANOMALY
11:49:24.281,-3.38,68.85,16.55,-0.75,0.00,0.00,98,0,0,34.81,30.60,79.80,ANOMALY
11:49:24.513,-3.38,68.85,16.55,-0.75,0.00,0.00,98,0,0,34.81,30.60,79.80,ANOMALY
11:49:24.795,-3.38,68.85,16.55,-0.75,0.00,0.00,98,0,0,34.81,30.60,79.80,ANOMALY
11:49:25.100,-3.38,68.85,16.55,-0.75,0.00,0.00,98,0,0,34.81,30.60,80.10,ANOMALY
11:49:25.409,-3.38,68.85,16.55,-0.75,0.00,0.00,98,0,0,34.81,30.60,80.10,ANOMALY
11:49:25.651,-3.38,68.85,16.55,-0.75,0.00,0.00,98,0,0,34.81,30.60,80.10,ANOMALY
11:49:25.934,-3.38,68.85,16.55,-0.75,0.00,0.00,98,0,0,34.81,30.60,80.10,ANOMALY
11:49:26.226,-3.38,68.85,16.55,-0.75,0.00,0.00,98,0,0,34.81,30.60,80.10,ANOMALY
11:49:26.534,-3.38,68.85,16.55,-0.75,0.00,0.00,98,0,0,34.81,30.60,80.10,ANOMALY
11:49:26.841,-3.38,68.85,16.55,-0.75,0.00,0.00,98,0,0,34.81,30.60,80.10,ANOMALY
11:49:27.069,-3.38,68.85,16.55,-0.75,0.00,0.00,98,0,0,34.81,30.60,80.10,ANOMALY
11:49:27.360,-3.38,68.85,16.55,-0.75,0.00,0.00,98,0,0,34.81,30.60,80.00,ANOMALY
11:49:27.661,-3.38,68.85,16.55,-0.75,0.00,0.00,98,0,0,34.81,30.60,80.00,ANOMALY
11:49:27.968,-3.38,68.85,16.55,-0.75,0.00,0.00,98,0,0,34.81,30.60,80.00,ANOMALY
11:49:28.208,-3.38,68.85,16.55,-0.75,0.00,0.00,98,0,0,34.81,30.60,80.00,ANOMALY
11:49:28.492,-3.38,68.85,16.55,-0.75,0.00,0.00,98,0,0,34.88,30.60,80.00,ANOMALY
11:49:28.787,-3.38,68.85,16.55,-0.75,0.00,0.00,98,0,0,34.88,30.60,80.00,ANOMALY
11:49:29.094,-3.38,68.85,16.55,-0.75,0.00,0.00,98,0,0,34.88,30.60,80.00,ANOMALY
11:49:29.342,-3.38,68.85,16.55,-0.75,0.00,0.00,98,0,0,34.88,30.60,80.00,ANOMALY
11:49:29.634,-3.38,68.85,16.55,-0.75,0.00,0.00,98,0,0,34.88,30.60,80.10,ANOMALY
11:49:29.918,-3.38,68.85,16.55,-0.75,0.00,0.00,98,0,0,34.88,30.60,80.10,ANOMALY
11:49:30.220,-3.38,68.85,16.55,-0.75,0.00,0.00,98,0,0,34.88,30.60,80.10,ANOMALY
11:49:30.529,-3.38,68.85,16.55,-0.75,0.00,0.00,98,0,0,34.88,30.60,80.10,ANOMALY
11:49:30.769,-3.38,68.85,16.55,-0.75,0.00,0.00,98,0,0,34.88,30.60,80.10,ANOMALY
11:49:31.052,-3.38,68.85,16.55,-0.75,0.00,0.00,98,0,0,34.88,30.60,80.10,ANOMALY
11:49:31.347,-3.38,68.85,16.55,-0.75,0.00,0.00,98,0,0,34.88,30.60,80.10,ANOMALY
11:49:31.654,-3.38,68.85,16.55,-0.75,0.00,0.00,98,0,0,34.88,30.60,80.10,ANOMALY
11:49:31.991,-3.38,68.85,16.55,-0.75,0.00,0.00,98,0,0,34.94,30.60,80.10,ANOMALY
11:49:32.301,-3.38,68.85,16.55,-0.75,0.00,0.00,98,0,0,34.94,30.60,80.10,ANOMALY
11:49:32.506,-3.38,68.85,16.55,-0.75,0.00,0.00,98,0,0,34.94,30.60,80.10,ANOMALY
11:49:32.780,-3.38,68.85,16.55,-0.75,0.00,0.00,98,0,0,34.88,30.60,80.10,ANOMALY
11:49:33.087,-3.38,68.85,16.55,-0.75,0.00,0.00,98,0,0,34.88,30.60,80.10,ANOMALY
11:49:33.325,-3.38,68.85,16.55,-0.75,0.00,0.00,98,0,0,34.88,30.60,80.10,ANOMALY
11:49:33.610,-3.38,68.85,16.55,-0.75,0.00,0.00,98,0,0,34.94,30.60,80.10,ANOMALY
11:49:33.909,-3.38,68.85,16.55,-0.75,0.00,0.00,98,0,0,34.94,30.60,80.10,ANOMALY
11:49:34.216,-3.38,68.85,16.55,-0.75,0.00,0.00,98,0,0,34.94,30.60,80.10,ANOMALY
11:49:34.520,-3.38,68.85,16.55,-0.75,0.00,0.00,98,0,0,34.88,30.60,80.10,ANOMALY
11:49:34.748,-3.38,68.85,16.55,-0.75,0.00,0.00,98,0,0,34.88,30.60,80.10,ANOMALY
11:49:35.147,-3.38,68.85,16.55,-0.75,0.00,0.00,98,0,0,34.88,30.60,80.10,ANOMALY
11:49:35.456,-3.38,68.85,16.55,-0.75,0.00,0.00,98,0,0,34.88,30.60,80.10,ANOMALY
11:49:35.761,-3.38,68.85,16.55,-0.75,0.00,0.00,98,0,0,34.88,30.60,80.10,ANOMALY
11:49:35.971,-3.38,68.85,16.55,-0.75,0.00,0.00,98,0,0,34.88,30.60,80.10,ANOMALY
11:49:36.166,0.00,68.85,16.55,-0.75,0.00,0.00,98,0,0,34.88,30.60,80.10,ANOMALY
11:49:36.470,-3.38,68.85,16.55,-0.75,0.00,0.00,98,0,0,34.88,30.60,80.20,ANOMALY
11:49:36.774,-3.38,68.85,16.55,-0.75,0.00,0.00,98,0,0,34.88,30.60,80.20,ANOMALY
11:49:37.021,-3.38,68.85,16.55,-0.75,0.00,0.00,98,0,0,34.81,30.60,80.20,ANOMALY
11:49:37.306,-3.38,68.85,16.55,-0.75,0.00,0.00,98,0,0,34.81,30.60,80.20,ANOMALY
11:49:37.593,-3.38,68.85,16.55,-0.75,0.00,0.00,98,0,0,34.81,30.60,80.20,ANOMALY
11:49:37.902,-3.38,68.85,16.55,-0.75,0.00,0.00,98,0,0,34.81,30.60,80.20,ANOMALY
11:49:38.326,-3.38,68.85,16.55,-0.75,0.00,0.00,98,0,0,34.81,30.60,80.20,ANOMALY
11:49:38.514,-3.38,68.85,16.55,-0.75,0.00,0.00,98,0,0,34.81,30.60,80.20,ANOMALY
11:49:38.729,-3.38,68.85,16.55,-0.75,0.00,0.00,98,0,0,34.81,30.60,80.30,ANOMALY
11:49:39.136,-3.38,68.85,16.55,-0.75,0.00,0.00,98,0,0,34.81,30.60,80.30,ANOMALY
11:49:39.863,-3.38,68.85,16.55,-0.75,0.00,0.00,98,0,0,34.75,30.60,80.30,ANOMALY
11:49:39.866,-3.38,68.85,16.55,-0.75,0.00,0.00,98,0,0,34.75,30.60,80.30,ANOMALY
11:49:40.166,-3.38,68.85,16.55,-0.75,0.00,0.00,98,0,0,34.75,30.60,80.30,ANOMALY
11:49:40.466,-3.38,68.85,16.55,-0.75,0.00,0.00,98,0,0,34.75,30.60,80.30,ANOMALY
11:49:40.779,-3.38,68.85,16.55,-0.75,0.00,0.00,98,0,0,34.75,30.60,80.30,ANOMALY
11:49:41.003,-3.38,68.85,16.55,-0.75,0.00,0.00,98,0,0,34.75,30.60,80.40,ANOMALY
11:49:41.288,-3.38,68.85,16.55,-0.75,0.00,0.00,98,0,0,34.69,30.60,80.40,ANOMALY
11:49:41.588,-3.38,68.85,16.55,-0.75,0.00,0.00,98,0,0,34.69,30.60,80.40,ANOMALY
11:49:41.902,-3.38,68.85,16.55,-0.75,0.00,0.00,98,0,0,34.69,30.60,80.40,ANOMALY
11:49:42.136,-3.38,68.85,16.55,-0.75,0.00,0.00,98,0,0,34.69,30.60,80.40,ANOMALY
11:49:42.420,-3.38,68.85,16.55,-0.75,0.00,0.00,98,0,0,34.69,30.60,80.40,ANOMALY
11:49:42.713,-3.38,68.85,16.55,-0.75,0.00,0.00,98,0,0,34.69,30.60,80.40,ANOMALY
11:49:43.027,-3.38,68.85,16.55,-0.75,0.00,0.00,98,0,0,34.62,30.60,80.40,ANOMALY
11:49:43.327,-3.38,68.85,16.55,-0.75,0.00,0.00,98,0,0,34.62,30.70,80.50,ANOMALY
11:49:43.558,-3.38,68.85,16.55,-0.75,0.00,0.00,98,0,0,34.62,30.70,80.50,ANOMALY
11:49:43.841,-3.38,68.85,16.55,-0.75,0.00,0.00,98,0,0,34.62,30.70,80.50,ANOMALY
11:49:44.146,-3.38,68.85,16.55,-0.75,0.00,0.00,98,0,0,34.62,30.70,80.50,ANOMALY
11:49:44.454,-3.38,68.85,16.55,-0.75,0.00,0.00,98,0,0,34.62,30.70,80.50,ANOMALY
11:49:44.692,-3.38,68.85,16.55,-0.75,0.00,0.00,98,0,0,34.56,30.70,80.50,ANOMALY
11:49:44.976,-3.38,68.85,16.55,-0.75,0.00,0.00,98,0,0,34.56,30.70,80.50,ANOMALY
11:49:45.273,-3.38,68.85,16.55,-0.75,0.00,0.00,98,0,0,34.56,30.70,80.50,ANOMALY
11:49:45.581,-3.38,68.85,16.55,-0.75,0.00,0.00,98,0,0,34.56,30.60,80.70,ANOMALY
11:49:45.892,-3.38,68.85,16.55,-0.75,0.00,0.00,98,0,0,34.56,30.60,80.70,ANOMALY
11:49:46.114,-3.38,68.85,16.55,-0.75,0.00,0.00,98,0,0,34.56,30.60,80.70,ANOMALY
11:49:46.398,-3.38,68.85,16.55,-0.75,0.00,0.00,98,0,0,34.56,30.60,80.70,ANOMALY
11:49:46.707,-3.38,68.85,16.55,-0.75,0.00,0.00,98,0,0,34.56,30.60,80.70,ANOMALY
11:49:47.014,-3.38,68.85,16.55,-0.75,0.00,0.00,98,0,0,34.56,30.60,80.70,ANOMALY
11:49:47.248,-3.38,68.85,16.55,-0.75,0.00,0.00,98,0,0,34.50,30.60,80.70,ANOMALY
11:49:47.532,-3.38,68.85,16.55,-0.75,0.00,0.00,98,0,0,34.50,30.60,80.70,ANOMALY
11:49:47.834,-3.38,68.85,16.55,-0.75,0.00,0.00,98,0,0,34.50,30.60,80.70,ANOMALY
11:49:48.155,-3.38,68.85,16.55,-0.75,0.00,0.00,98,0,0,34.44,30.60,80.70,ANOMALY
11:49:48.387,-3.38,68.85,16.55,-0.75,0.00,0.00,98,0,0,34.44,30.60,80.70,ANOMALY
11:49:48.671,-3.38,68.85,16.55,-0.75,0.00,0.00,98,0,0,34.44,30.60,80.70,ANOMALY
11:49:48.959,-3.38,68.85,16.55,-0.75,0.00,0.00,98,0,0,34.44,30.60,80.70,ANOMALY
11:49:49.267,-3.38,68.85,16.55,-0.75,0.00,0.00,98,0,0,34.44,30.60,80.70,ANOMALY
11:49:49.573,-3.38,68.85,16.55,-0.75,0.00,0.00,98,0,0,34.44,30.60,80.70,ANOMALY
11:49:49.806,-3.38,68.85,16.55,-0.75,0.00,0.00,98,0,0,34.44,30.60,80.70,ANOMALY
11:49:50.095,-3.38,68.85,16.55,-0.75,0.00,0.00,98,0,0,34.44,30.70,80.70,ANOMALY
11:49:50.393,-3.38,68.85,16.55,-0.75,0.00,0.00,98,0,0,34.44,30.70,80.70,ANOMALY
11:49:50.701,-3.38,68.85,16.55,-0.75,0.00,0.00,98,0,0,34.44,30.70,80.70,ANOMALY
11:49:50.943,-3.38,68.85,16.55,-0.75,0.00,0.00,98,0,0,34.44,30.70,80.70,ANOMALY
11:49:51.227,-3.38,68.85,16.55,-0.75,0.00,0.00,98,0,0,34.44,30.70,80.70,ANOMALY
11:49:51.520,-3.38,68.85,16.55,-0.75,0.00,0.00,98,0,0,34.44,30.70,80.70,ANOMALY
11:49:51.826,-3.38,68.85,16.55,-0.75,0.00,0.00,98,0,0,34.44,30.70,80.70,ANOMALY
11:49:52.134,-3.38,68.85,16.55,-0.75,0.00,0.00,98,0,0,34.44,30.70,80.70,ANOMALY
11:49:52.367,-3.38,68.85,16.55,-0.75,0.00,0.00,98,0,0,34.44,30.60,80.80,ANOMALY
11:49:52.652,-3.38,68.85,16.55,-0.75,0.00,0.00,98,0,0,34.44,30.60,80.80,ANOMALY
11:49:52.953,-3.38,68.85,16.55,-0.75,0.00,0.00,98,0,0,34.44,30.60,80.80,ANOMALY
11:49:53.260,-3.38,68.85,16.55,-0.75,0.00,0.00,98,0,0,34.38,30.60,80.80,ANOMALY
11:49:53.503,-3.38,68.85,16.55,-0.75,0.00,0.00,98,0,0,34.38,30.60,80.80,ANOMALY
11:49:53.788,-3.38,68.85,16.55,-0.75,0.00,0.00,98,0,0,34.38,30.60,80.80,ANOMALY
11:49:54.080,-3.38,68.85,16.55,-0.75,0.00,0.00,98,0,0,34.44,30.60,80.80,ANOMALY
11:49:54.387,-3.38,68.85,16.55,-0.75,0.00,0.00,98,0,0,34.44,30.60,80.80,ANOMALY
11:49:54.694,-3.38,68.85,16.55,-0.75,0.00,0.00,98,0,0,34.44,30.70,80.90,ANOMALY
11:49:54.925,-3.38,68.85,16.55,-0.75,0.00,0.00,98,0,0,34.44,30.70,80.90,ANOMALY
11:49:55.209,-3.38,68.85,16.55,-0.75,0.00,0.00,98,0,0,34.44,30.70,80.90,ANOMALY
11:49:55.512,-3.38,68.85,16.55,-0.75,0.00,0.00,98,0,0,34.44,30.70,80.90,ANOMALY
11:49:55.821,-3.38,68.85,16.55,-0.75,0.00,0.00,98,0,0,34.44,30.70,80.90,ANOMALY
11:49:56.058,-3.38,68.85,16.55,-0.75,0.00,0.00,98,0,0,34.44,30.70,80.90,ANOMALY
11:49:56.343,-3.38,68.85,16.55,-0.75,0.00,0.00,98,0,0,34.44,30.70,80.90,ANOMALY
11:49:56.645,-3.38,68.85,16.55,-0.75,0.00,0.00,98,0,0,34.44,30.70,80.90,ANOMALY
11:49:56.948,-3.38,68.85,16.55,-0.75,0.00,0.00,98,0,0,34.44,30.70,80.90,ANOMALY
11:49:57.254,-3.38,68.85,16.55,-0.75,0.00,0.00,98,0,0,34.44,30.70,80.90,ANOMALY
11:49:57.480,-3.38,68.85,16.55,-0.75,0.00,0.00,98,0,0,34.44,30.70,80.90,ANOMALY
11:49:57.765,-3.38,68.85,16.55,-0.75,0.00,0.00,98,0,0,34.44,30.70,80.90,ANOMALY
11:49:58.073,-3.38,68.85,16.55,-0.75,0.00,0.00,98,0,0,34.44,30.70,80.90,ANOMALY
11:49:58.380,-3.38,68.85,16.55,-0.75,0.00,0.00,98,0,0,34.44,30.70,80.90,ANOMALY
11:49:58.613,-3.38,68.85,16.55,-0.75,0.00,0.00,98,0,0,34.44,30.70,80.90,ANOMALY
11:49:58.897,-3.38,68.85,16.55,-0.75,0.00,0.00,98,0,0,34.44,30.70,80.90,ANOMALY
11:49:59.200,-3.38,68.85,16.55,-0.75,0.00,0.00,98,0,0,34.44,30.70,80.90,ANOMALY
11:49:59.517,-3.38,68.85,16.55,-0.75,0.00,0.00,98,0,0,34.44,30.70,80.90,ANOMALY
11:49:59.751,-3.38,68.85,16.55,-0.75,0.00,0.00,98,0,0,34.44,30.70,80.90,ANOMALY
11:50:00.036,-3.38,68.85,16.55,-0.75,0.00,0.00,98,0,0,34.38,30.70,80.90,ANOMALY
11:50:00.326,-3.38,68.85,16.55,-0.75,0.00,0.00,98,0,0,34.38,30.70,80.90,ANOMALY
11:50:00.637,0.00,0.00,0.00,0.00,0.00,0.00,98,0,0,34.38,30.70,80.90,ANOMALY
11:50:00.952,-3.38,68.85,16.55,-0.75,0.00,0.00,98,0,0,34.38,30.70,80.90,ANOMALY
11:50:01.172,-3.38,68.85,16.55,-0.75,0.00,0.00,98,0,0,34.38,30.70,80.90,ANOMALY
11:50:01.460,-3.38,68.85,16.55,-0.75,0.00,0.00,98,0,0,34.38,30.70,81.00,ANOMALY
11:50:01.759,-3.38,68.85,16.55,-0.75,0.00,0.00,98,0,0,34.38,30.70,81.00,ANOMALY
11:50:02.067,-3.38,68.85,16.55,-0.75,0.00,0.00,98,0,0,34.38,30.70,81.00,ANOMALY
11:50:02.309,-3.38,68.85,16.55,-0.75,0.00,0.00,98,0,0,34.38,30.70,81.00,ANOMALY
11:50:02.593,-3.38,68.85,16.55,-0.75,0.00,0.00,98,0,0,34.38,30.70,81.00,ANOMALY
11:50:02.887,-3.38,68.85,16.55,-0.75,0.00,0.00,98,0,0,34.38,30.70,81.00,ANOMALY
11:50:03.193,-3.38,68.85,16.55,-0.75,0.00,0.00,98,0,0,34.38,30.70,81.00,ANOMALY
11:50:03.500,-3.38,68.85,16.55,-0.75,0.00,0.00,98,0,0,34.38,30.70,81.00,ANOMALY
11:50:03.736,-3.38,68.85,16.55,-0.75,0.00,0.00,98,0,0,34.38,30.70,80.90,ANOMALY
11:50:04.020,-3.38,68.85,16.55,-0.75,0.00,0.00,98,0,0,34.38,30.70,80.90,ANOMALY
11:50:04.323,-3.38,68.85,16.55,-0.75,0.00,0.00,98,0,0,34.31,30.70,80.90,ANOMALY
11:50:04.638,-3.38,68.85,16.55,-0.75,0.00,0.00,98,0,0,34.31,30.70,80.90,ANOMALY
11:50:04.871,-3.38,68.85,16.55,-0.75,0.00,0.00,98,0,0,34.31,30.70,80.90,ANOMALY
11:50:05.155,-3.38,68.85,16.55,-0.75,0.00,0.00,98,0,0,34.38,30.70,80.90,ANOMALY
11:50:05.457,-3.38,68.85,16.55,-0.75,0.00,0.00,98,0,0,34.38,30.70,80.90,ANOMALY
11:50:05.755,-3.38,68.85,16.55,-0.75,0.00,0.00,98,0,0,34.38,30.70,80.90,ANOMALY
11:50:06.061,-3.38,68.85,16.55,-0.75,0.00,0.00,98,0,0,34.31,30.70,80.90,ANOMALY
11:50:06.292,-3.38,68.85,16.55,-0.75,0.00,0.00,98,0,0,34.31,30.70,80.90,ANOMALY
11:50:06.575,-3.38,68.85,16.55,-0.75,0.00,0.00,98,0,0,34.31,30.70,80.90,ANOMALY
11:50:06.878,-3.38,68.85,16.55,-0.75,0.00,0.00,98,0,0,34.31,30.70,80.90,ANOMALY
11:50:07.187,-3.38,68.85,16.55,-0.75,0.00,0.00,98,0,0,34.31,30.70,80.90,ANOMALY
11:50:07.424,-3.38,68.85,16.55,-0.75,0.00,0.00,98,0,0,34.31,30.70,80.90,ANOMALY
11:50:07.709,-3.38,68.85,16.55,-0.75,0.00,0.00,98,0,0,34.31,30.70,80.90,ANOMALY
11:50:08.006,-3.38,68.85,16.55,-0.75,0.00,0.00,98,0,0,34.31,30.70,80.90,ANOMALY
11:50:08.314,-3.38,68.85,16.55,-0.75,0.00,0.00,98,0,0,34.31,30.70,81.10,ANOMALY
11:50:08.622,-3.38,68.85,16.55,-0.75,0.00,0.00,98,0,0,34.31,30.70,81.10,ANOMALY
11:50:08.846,-3.38,68.85,16.55,-0.75,0.00,0.00,98,0,0,34.31,30.70,81.10,ANOMALY
11:50:09.131,-3.38,68.85,16.55,-0.75,0.00,0.00,98,0,0,34.31,30.70,81.10,ANOMALY
11:50:09.440,-3.38,68.85,16.55,-0.75,0.00,0.00,98,0,0,34.31,30.70,81.10,ANOMALY
11:50:09.746,-3.38,68.85,16.55,-0.75,0.00,0.00,98,0,0,34.31,30.70,81.10,ANOMALY
11:50:09.981,-3.38,68.85,16.55,-0.75,0.00,0.00,98,0,0,34.31,30.70,81.10,ANOMALY
11:50:10.261,-3.38,68.85,16.55,-0.75,0.00,0.00,98,0,0,34.25,30.70,81.10,ANOMALY
11:50:10.566,-3.38,68.85,16.55,-0.75,0.00,0.00,98,0,0,34.25,30.70,81.20,ANOMALY
11:50:10.874,-3.38,68.85,16.55,-0.75,0.00,0.00,98,0,0,34.25,30.70,81.20,ANOMALY
11:50:11.115,-3.38,68.85,16.55,-0.75,0.00,0.00,98,0,0,34.31,30.70,81.20,ANOMALY
11:50:11.401,-3.38,68.85,16.55,-0.75,0.00,0.00,98,0,0,34.31,30.70,81.20,ANOMALY
11:50:11.693,-3.38,68.85,16.55,-0.75,0.00,0.00,98,0,0,34.31,30.70,81.20,ANOMALY
11:50:12.000,-3.38,68.85,16.55,-0.75,0.00,0.00,98,0,0,34.31,30.70,81.20,ANOMALY
11:50:12.307,-3.38,68.85,16.55,-0.75,0.00,0.00,98,0,0,34.31,30.70,81.20,ANOMALY
11:50:12.535,-3.38,68.85,16.55,-0.75,0.00,0.00,98,0,0,34.31,30.70,81.20,ANOMALY
11:50:12.823,-3.38,68.85,16.55,-0.75,0.00,0.00,98,0,0,34.25,30.80,81.30,ANOMALY
11:50:13.125,-3.38,68.85,16.55,-0.75,0.00,0.00,98,0,0,34.25,30.80,81.30,ANOMALY
11:50:13.432,-3.38,68.85,16.55,-0.75,0.00,0.00,98,0,0,34.25,30.80,81.30,ANOMALY
11:50:13.672,-3.38,68.85,16.55,-0.75,0.00,0.00,98,0,0,34.25,30.80,81.30,ANOMALY
11:50:13.955,-3.38,68.85,16.55,-0.75,0.00,0.00,98,0,0,34.25,30.80,81.30,ANOMALY
11:50:14.253,-3.38,68.85,16.55,-0.75,0.00,0.00,98,0,0,34.25,30.80,81.30,ANOMALY
11:50:14.559,-3.38,68.85,16.55,-0.75,0.00,0.00,98,0,0,34.25,30.80,81.30,ANOMALY
11:50:14.804,-3.38,68.85,16.55,-0.75,0.00,0.00,98,0,0,34.25,30.80,81.30,ANOMALY
11:50:15.095,-3.38,68.85,16.55,-0.75,0.00,0.00,98,0,0,34.25,30.70,81.30,ANOMALY
11:50:15.380,-3.38,68.85,16.55,-0.75,0.00,0.00,98,0,0,34.25,30.70,81.30,ANOMALY
11:50:15.697,-3.38,68.85,16.55,-0.75,0.00,0.00,98,0,0,34.25,30.70,81.30,ANOMALY
11:50:15.993,-3.38,68.85,16.55,-0.75,0.00,0.00,98,0,0,34.25,30.70,81.30,ANOMALY
11:50:16.231,-3.38,68.85,16.55,-0.75,0.00,0.00,98,0,0,34.19,30.70,81.30,ANOMALY
11:50:16.514,-3.38,68.85,16.55,-0.75,0.00,0.00,98,0,0,34.19,30.70,81.30,ANOMALY
11:50:16.812,-3.38,68.85,16.55,-0.75,0.00,0.00,98,0,0,34.19,30.70,81.30,ANOMALY
11:50:17.119,-3.38,68.85,16.55,-0.75,0.00,0.00,98,0,0,34.19,30.70,81.30,ANOMALY
11:50:17.427,-3.38,68.85,16.55,-0.75,0.00,0.00,98,0,0,34.19,30.80,81.30,ANOMALY
11:50:17.652,-3.38,68.85,16.55,-0.75,0.00,0.00,98,0,0,34.19,30.80,81.30,ANOMALY
11:50:17.938,-3.38,68.85,16.55,-0.75,0.00,0.00,98,0,0,34.19,30.80,81.30,ANOMALY
11:50:18.246,-3.38,68.85,16.55,-0.75,0.00,0.00,98,0,0,34.19,30.80,81.30,ANOMALY
11:50:18.552,-3.38,68.85,16.55,-0.75,0.00,0.00,98,0,0,34.19,30.80,81.30,ANOMALY
11:50:18.785,-3.38,68.85,16.55,-0.75,0.00,0.00,98,0,0,34.12,30.80,81.30,ANOMALY
11:50:19.070,-3.38,68.85,16.55,-0.75,0.00,0.00,98,0,0,34.12,30.80,81.30,ANOMALY
11:50:19.373,-3.38,68.85,16.55,-0.75,0.00,0.00,98,0,0,34.12,30.80,81.30,ANOMALY
11:50:19.681,-3.38,68.85,16.55,-0.75,0.00,0.00,98,0,0,34.12,30.80,81.00,ANOMALY
11:50:19.925,-3.38,68.85,16.55,-0.75,0.00,0.00,98,0,0,34.12,30.80,81.00,ANOMALY
11:50:20.208,-3.38,68.85,16.55,-0.75,0.00,0.00,98,0,0,34.12,30.80,81.00,ANOMALY
11:50:20.498,-3.38,68.85,16.55,-0.75,0.00,0.00,98,0,0,34.06,30.80,81.00,ANOMALY
11:50:20.806,-3.38,68.85,16.55,-0.75,0.00,0.00,98,0,0,34.06,30.80,81.00,ANOMALY
11:50:21.113,-3.38,68.85,16.55,-0.75,0.00,0.00,98,0,0,34.06,30.80,81.00,ANOMALY
11:50:21.342,-3.38,68.85,16.55,-0.75,0.00,0.00,98,0,0,34.06,30.80,81.00,ANOMALY
11:50:21.626,-3.38,68.85,16.55,-0.75,0.00,0.00,98,0,0,34.06,30.80,81.00,ANOMALY
11:50:21.932,-3.38,68.85,16.55,-0.75,0.00,0.00,98,0,0,34.06,30.80,80.40,ANOMALY
11:50:22.239,-3.38,68.85,16.55,-0.75,0.00,0.00,98,0,0,34.06,30.80,80.40,ANOMALY
11:50:22.480,-3.38,68.85,16.55,-0.75,0.00,0.00,98,0,0,34.06,30.80,80.40,ANOMALY
11:50:22.765,-3.38,68.85,16.55,-0.75,0.00,0.00,98,0,0,34.06,30.80,80.40,ANOMALY
11:50:23.059,-3.38,68.85,16.55,-0.75,0.00,0.00,98,0,0,34.00,30.80,80.40,ANOMALY
11:50:23.366,-3.38,68.85,16.55,-0.75,0.00,0.00,98,0,0,34.00,30.80,80.40,ANOMALY
11:50:24.186,-3.38,68.85,16.55,-0.75,0.00,0.00,98,0,0,34.00,30.80,80.40,ANOMALY
11:50:24.189,-3.38,68.85,16.55,-0.75,0.00,0.00,98,0,0,34.00,30.70,80.10,ANOMALY
11:50:24.492,-3.38,68.85,16.55,-0.75,0.00,0.00,98,0,0,34.00,30.70,80.10,ANOMALY
11:50:24.799,-3.38,68.85,16.55,-0.75,0.00,0.00,98,0,0,34.00,30.70,80.10,ANOMALY
11:50:25.036,-3.38,68.85,16.55,-0.75,0.00,0.00,98,0,0,34.00,30.70,80.10,ANOMALY
11:50:25.320,-3.38,68.85,16.55,-0.75,0.00,0.00,98,0,0,34.00,30.70,80.10,ANOMALY
11:50:25.618,-3.38,68.85,16.55,-0.75,0.00,0.00,98,0,0,34.06,30.70,80.10,ANOMALY
11:50:25.925,-3.38,68.85,16.55,-0.75,0.00,0.00,98,0,0,34.06,30.70,80.10,ANOMALY
11:50:26.168,-3.38,68.85,16.55,-0.75,0.00,0.00,98,0,0,34.06,30.70,80.10,ANOMALY
11:50:26.458,-3.38,68.85,16.55,-0.75,0.00,0.00,98,0,0,34.00,30.70,79.90,ANOMALY
11:50:26.744,-3.38,68.85,16.55,-0.75,0.00,0.00,98,0,0,34.00,30.70,79.90,ANOMALY
11:50:27.053,-3.38,68.85,16.55,-0.75,0.00,0.00,98,0,0,34.00,30.70,79.90,ANOMALY
11:50:27.359,-3.38,68.85,16.55,-0.75,0.00,0.00,98,0,0,34.06,30.70,79.90,ANOMALY
11:50:27.593,-3.38,68.85,16.55,-0.75,0.00,0.00,98,0,0,34.06,30.70,79.90,ANOMALY
11:50:27.876,-3.38,68.85,16.55,-0.75,0.00,0.00,98,0,0,34.06,30.70,79.90,ANOMALY
11:50:28.179,-3.38,68.85,16.55,-0.75,0.00,0.00,98,0,0,34.00,30.70,79.90,ANOMALY
11:50:28.486,-3.38,68.85,16.55,-0.75,0.00,0.00,98,0,0,34.00,30.70,79.90,ANOMALY
11:50:28.731,-3.38,68.85,16.55,-0.75,0.00,0.00,98,0,0,34.00,30.70,79.80,ANOMALY
11:50:29.014,-3.38,68.85,16.55,-0.75,0.00,0.00,98,0,0,34.06,30.70,79.80,ANOMALY
11:50:29.305,-3.38,68.85,16.55,-0.75,0.00,0.00,98,0,0,34.06,30.70,79.80,ANOMALY
11:50:29.612,-3.38,68.85,16.55,-0.75,0.00,0.00,98,0,0,34.06,30.70,79.80,ANOMALY
11:50:29.920,-3.38,68.85,16.55,-0.75,0.00,0.00,98,0,0,34.06,30.70,79.80,ANOMALY
11:50:30.149,-3.38,68.85,16.55,-0.75,0.00,0.00,98,0,0,34.06,30.70,79.80,ANOMALY
11:50:30.434,-3.38,68.85,16.55,-0.75,0.00,0.00,98,0,0,34.06,30.70,79.80,ANOMALY
11:50:30.737,-3.38,68.85,16.55,-0.75,0.00,0.00,98,0,0,34.06,30.70,79.80,ANOMALY
11:50:31.057,-3.38,68.85,16.55,-0.75,0.00,0.00,98,0,0,34.06,30.70,79.50,ANOMALY
11:50:31.290,-3.38,68.85,16.55,-0.75,0.00,0.00,98,0,0,34.06,30.70,79.50,ANOMALY
11:50:31.573,-3.38,68.85,16.55,-0.75,0.00,0.00,98,0,0,34.06,30.70,79.50,ANOMALY
11:50:31.875,-3.38,68.85,16.55,-0.75,0.00,0.00,98,0,0,34.06,30.70,79.50,GRAZING
11:50:32.172,-3.38,68.85,16.55,-0.75,0.00,0.00,98,0,0,34.06,30.70,79.50,GRAZING
11:50:32.479,-3.38,68.85,16.55,-0.75,0.00,0.00,98,0,0,34.06,30.70,79.50,GRAZING
11:50:32.706,-3.38,68.85,16.55,-0.75,0.00,0.00,98,0,0,34.06,30.70,79.50,GRAZING
11:50:32.991,-3.38,68.85,16.55,-0.75,0.00,0.00,98,0,0,34.06,30.70,79.50,GRAZING
11:50:33.298,-3.38,68.85,16.55,-0.75,0.00,0.00,98,0,0,34.12,30.70,79.10,GRAZING
11:50:33.605,-3.38,68.85,16.55,-0.75,0.00,0.00,98,0,0,34.12,30.70,79.10,GRAZING
11:50:33.845,-3.38,68.85,16.55,-0.75,0.00,0.00,98,0,0,34.12,30.70,79.10,GRAZING
11:50:34.130,-3.38,68.85,16.55,-0.75,0.00,0.00,98,0,0,34.12,30.70,79.10,GRAZING
11:50:34.425,-3.38,68.85,16.55,-0.75,0.00,0.00,98,0,0,34.12,30.70,79.10,GRAZING
11:50:34.732,-3.38,68.85,16.55,-0.75,0.00,0.00,98,0,0,34.12,30.70,79.10,GRAZING
11:50:34.981,-3.38,68.85,16.55,-0.75,0.00,0.00,98,0,0,34.12,30.70,79.10,GRAZING
11:50:35.264,-3.38,68.85,16.55,-0.75,0.00,0.00,98,0,0,34.12,30.70,79.10,GRAZING
11:50:35.554,-3.38,68.85,16.55,-0.75,0.00,0.00,98,0,0,34.12,30.60,79.00,GRAZING
11:50:35.859,-3.38,68.85,16.55,-0.75,0.00,0.00,98,0,0,34.12,30.60,79.00,GRAZING
11:50:36.165,-3.38,68.85,16.55,-0.75,0.00,0.00,98,0,0,34.12,30.60,79.00,GRAZING
11:50:36.403,-3.38,68.85,16.55,-0.75,0.00,0.00,98,0,0,34.12,30.60,79.00,GRAZING
11:50:36.687,-3.38,68.85,16.55,-0.75,0.00,0.00,98,0,0,34.12,30.60,79.00,GRAZING
11:50:36.985,-3.38,68.85,16.55,-0.75,0.00,0.00,98,0,0,34.12,30.60,79.00,GRAZING
11:50:37.292,-3.38,68.85,16.55,-0.75,0.00,0.00,98,0,0,34.12,30.60,79.00,GRAZING
11:50:37.538,-3.38,68.85,16.55,-0.75,0.00,0.00,98,0,0,34.12,30.60,79.00,GRAZING
11:50:37.828,-3.38,68.85,16.55,-0.75,0.00,0.00,98,0,0,34.12,30.60,79.10,GRAZING
11:50:38.114,-3.38,68.85,16.55,-0.75,0.00,0.00,98,0,0,34.12,30.60,79.10,GRAZING
11:50:38.418,-3.38,68.85,16.55,-0.75,0.00,0.00,98,0,0,34.12,30.60,79.10,GRAZING
11:50:38.725,-3.38,68.85,16.55,-0.75,0.00,0.00,98,0,0,34.12,30.60,79.10,GRAZING
11:50:38.964,-3.38,68.85,16.55,-0.75,0.00,0.00,98,0,0,34.12,30.60,79.10,GRAZING
11:50:39.249,-3.38,68.85,16.55,-0.75,0.00,0.00,98,0,0,34.12,30.60,79.10,GRAZING
11:50:39.546,-3.38,68.85,16.55,-0.75,0.00,0.00,98,0,0,34.12,30.60,79.10,GRAZING
11:50:39.852,-3.38,68.85,16.55,-0.75,0.00,0.00,98,0,0,34.12,30.60,79.10,GRAZING
11:50:40.159,-3.38,68.85,16.55,-0.75,0.00,0.00,98,0,0,34.12,30.60,79.50,GRAZING
11:50:40.387,-3.38,68.85,16.55,-0.75,0.00,0.00,98,0,0,34.12,30.60,79.50,GRAZING
11:50:40.671,-3.38,68.85,16.55,-0.75,0.00,0.00,98,0,0,34.12,30.60,79.50,GRAZING
11:50:40.978,-3.38,68.85,16.55,-0.75,0.00,0.00,98,0,0,34.12,30.60,79.50,GRAZING
11:50:41.289,-3.38,68.85,16.55,-0.75,0.00,0.00,98,0,0,34.12,30.60,79.50,GRAZING
11:50:41.522,-3.38,68.85,16.55,-0.75,0.00,0.00,98,0,0,34.12,30.60,79.50,GRAZING
11:50:41.919,-3.38,68.85,16.55,-0.75,0.00,0.00,98,0,0,34.19,30.60,79.50,GRAZING
11:50:42.218,-3.38,68.85,16.55,-0.75,0.00,0.00,98,0,0,34.19,30.60,79.50,GRAZING
11:50:42.444,-3.38,68.85,16.55,-0.75,0.00,0.00,98,0,0,34.19,30.60,79.90,GRAZING
11:50:42.724,-3.38,68.85,16.55,-0.75,0.00,0.00,98,0,0,34.19,30.60,79.90,GRAZING
11:50:42.948,-3.38,68.85,16.55,-0.75,0.00,0.00,98,0,0,34.19,30.60,79.90,GRAZING
11:50:43.233,-3.38,68.85,16.55,-0.75,0.00,0.00,98,0,0,34.19,30.60,79.90,GRAZING
11:50:43.545,-3.38,68.85,16.55,-0.75,0.00,0.00,98,0,0,34.19,30.60,79.90,GRAZING
11:50:43.847,-3.38,68.85,16.55,-0.75,0.00,0.00,98,0,0,34.19,30.60,79.90,GRAZING
11:50:44.080,-3.38,68.85,16.55,-0.75,0.00,0.00,98,0,0,34.19,30.60,79.90,GRAZING
11:50:44.362,-3.38,68.85,16.55,-0.75,0.00,0.00,98,0,0,34.19,30.60,79.90,GRAZING
11:50:44.665,-3.38,68.85,16.55,-0.75,0.00,0.00,98,0,0,34.19,30.60,80.20,GRAZING
11:50:44.973,-3.38,68.85,16.55,-0.75,0.00,0.00,98,0,0,34.19,30.60,80.20,GRAZING
11:50:45.218,-3.38,68.85,16.55,-0.75,0.00,0.00,98,0,0,34.19,30.60,80.20,GRAZING
11:50:45.504,-3.38,68.85,16.55,-0.75,0.00,0.00,98,0,0,34.19,30.60,80.20,GRAZING
11:50:45.791,-3.38,68.85,16.55,-0.75,0.00,0.00,98,0,0,34.19,30.60,80.20,GRAZING
11:50:46.100,-3.38,68.85,16.55,-0.75,0.00,0.00,98,0,0,34.25,30.60,80.20,GRAZING
11:50:46.408,-3.38,68.85,16.55,-0.75,0.00,0.00,98,0,0,34.25,30.60,80.20,GRAZING
11:50:46.637,-3.38,68.85,16.55,-0.75,0.00,0.00,98,0,0,34.25,30.60,80.20,GRAZING
11:50:46.925,-3.38,68.85,16.55,-0.75,0.00,0.00,98,0,0,34.25,30.60,80.50,GRAZING
11:50:47.227,-3.38,68.85,16.55,-0.75,0.00,0.00,98,0,0,34.25,30.60,80.50,GRAZING
11:50:47.542,-3.38,68.85,16.55,-0.75,0.00,0.00,98,0,0,34.25,30.60,80.50,GRAZING
11:50:47.775,-3.38,68.85,16.55,-0.75,0.00,0.00,98,0,0,34.25,30.60,80.50,GRAZING
11:50:48.060,-3.38,68.85,16.55,-0.75,0.00,0.00,98,0,0,34.25,30.60,80.50,GRAZING
11:50:48.351,-3.38,68.85,16.55,-0.75,0.00,0.00,98,0,0,34.25,30.60,80.50,GRAZING
11:50:48.770,-3.38,68.85,16.55,-0.75,0.00,0.00,98,0,0,34.25,30.60,80.50,GRAZING
11:50:49.068,-3.38,68.85,16.55,-0.75,0.00,0.00,98,0,0,34.25,30.60,80.50,GRAZING
11:50:49.200,-3.38,68.85,16.55,-0.75,0.00,0.00,98,0,0,34.25,30.70,80.60,GRAZING
11:50:49.486,-3.38,68.85,16.55,-0.75,0.00,0.00,98,0,0,34.25,30.70,80.60,GRAZING
11:50:49.785,-3.38,68.85,16.55,-0.75,0.00,0.00,98,0,0,34.25,30.70,80.60,GRAZING
11:50:50.093,-3.38,68.85,16.55,-0.75,0.00,0.00,98,0,0,34.25,30.70,80.60,GRAZING
11:50:50.336,-3.38,68.85,16.55,-0.75,0.00,0.00,98,0,0,34.25,30.70,80.60,GRAZING
11:50:50.620,-3.38,68.85,16.55,-0.75,0.00,0.00,98,0,0,34.25,30.70,80.60,GRAZING
11:50:50.912,-3.38,68.85,16.55,-0.75,0.00,0.00,98,0,0,34.25,30.70,80.60,GRAZING
11:50:51.220,-3.38,68.85,16.55,-0.75,0.00,0.00,98,0,0,34.25,30.70,80.60,GRAZING
11:50:51.525,-3.38,68.85,16.55,-0.75,0.00,0.00,98,0,0,34.25,30.60,80.70,GRAZING
11:50:51.758,-3.38,68.85,16.55,-0.75,0.00,0.00,98,0,0,34.25,30.60,80.70,GRAZING
11:50:52.041,-3.38,68.85,16.55,-0.75,0.00,0.00,98,0,0,34.31,30.60,80.70,GRAZING
11:50:52.346,-3.38,68.85,16.55,-0.75,0.00,0.00,98,0,0,34.31,30.60,80.70,GRAZING
11:50:52.652,-3.38,68.85,16.55,-0.75,0.00,0.00,98,0,0,34.31,30.60,80.70,GRAZING
11:50:52.892,-3.38,68.85,16.55,-0.75,0.00,0.00,98,0,0,34.31,30.60,80.70,GRAZING
11:50:53.177,-3.38,68.85,16.55,-0.75,0.00,0.00,98,0,0,34.31,30.60,80.70,GRAZING
11:50:53.472,-3.38,68.85,16.55,-0.75,0.00,0.00,98,0,0,34.31,30.60,80.70,GRAZING
11:50:53.779,-3.38,68.85,16.55,-0.75,0.00,0.00,98,0,0,34.25,30.70,80.60,GRAZING
11:50:54.189,-3.38,68.85,16.55,-0.75,0.00,0.00,98,0,0,34.25,30.70,80.60,GRAZING
11:50:54.319,-3.38,68.85,16.55,-0.75,0.00,0.00,98,0,0,34.25,30.70,80.60,GRAZING
11:50:54.601,-3.38,68.85,16.55,-0.75,0.00,0.00,98,0,0,34.31,30.70,80.60,GRAZING
11:50:54.905,-3.38,68.85,16.55,-0.75,0.00,0.00,98,0,0,34.31,30.70,80.60,GRAZING
11:50:55.213,-3.38,68.85,16.55,-0.75,0.00,0.00,98,0,0,34.31,30.70,80.60,GRAZING
11:50:55.453,-3.38,68.85,16.55,-0.75,0.00,0.00,98,0,0,34.31,30.70,80.60,GRAZING
11:50:55.737,-3.38,68.85,16.55,-0.75,0.00,0.00,98,0,0,34.31,30.70,80.60,GRAZING
11:50:56.037,-3.38,68.85,16.55,-0.75,0.00,0.00,98,0,0,34.31,30.70,80.40,GRAZING
11:50:56.453,-3.38,68.85,16.55,-0.75,0.00,0.00,98,0,0,34.25,30.70,80.40,GRAZING
11:50:56.649,-3.38,68.85,16.55,-0.75,0.00,0.00,98,0,0,34.25,30.70,80.40,GRAZING
11:50:56.876,-3.38,68.85,16.55,-0.75,0.00,0.00,98,0,0,34.25,30.70,80.40,GRAZING
11:50:57.161,-3.38,68.85,16.55,-0.75,0.00,0.00,98,0,0,34.31,30.70,80.40,GRAZING
11:50:57.465,-3.38,68.85,16.55,-0.75,0.00,0.00,98,0,0,34.31,30.70,80.40,GRAZING
11:50:57.776,-3.38,68.85,16.55,-0.75,0.00,0.00,98,0,0,34.31,30.70,80.40,GRAZING
11:50:58.106,-3.38,68.85,16.55,-0.75,0.00,0.00,98,0,0,34.25,30.70,80.40,GRAZING
11:50:58.299,-3.38,68.85,16.55,-0.75,0.00,0.00,98,0,0,34.25,30.70,80.40,GRAZING
11:50:58.592,-3.38,68.85,16.55,-0.75,0.00,0.00,98,0,0,34.25,30.70,80.40,GRAZING
11:50:58.899,-3.38,68.85,16.55,-0.75,0.00,0.00,98,0,0,34.31,30.70,80.40,GRAZING
11:50:59.206,-3.38,68.85,16.55,-0.75,0.00,0.00,98,0,0,34.31,30.70,80.40,GRAZING
11:50:59.433,-3.38,68.85,16.55,-0.75,0.00,0.00,98,0,0,34.31,30.70,80.40,GRAZING
11:50:59.718,-3.38,68.85,16.55,-0.75,0.00,0.00,98,0,0,34.31,30.70,80.40,GRAZING
11:51:00.026,-3.38,68.85,16.55,-0.75,0.00,0.00,98,0,0,34.31,30.70,80.40,GRAZING
11:51:00.435,-3.38,68.85,16.55,-0.75,0.00,0.00,98,0,0,34.31,30.70,80.40,GRAZING
11:51:00.574,-3.38,68.85,16.55,-0.75,0.00,0.00,98,0,0,34.31,30.70,80.30,GRAZING
11:51:00.859,-3.38,68.85,16.55,-0.75,0.00,0.00,98,0,0,34.31,30.70,80.30,GRAZING
11:51:01.152,-3.38,68.85,16.55,-0.75,0.00,0.00,98,0,0,34.31,30.70,80.30,GRAZING
11:51:01.458,-3.38,68.85,16.55,-0.75,0.00,0.00,98,0,0,34.38,30.70,80.30,GRAZING
11:51:01.766,-3.38,68.85,16.55,-0.75,0.00,0.00,98,0,0,34.38,30.70,80.30,GRAZING
11:51:01.993,-3.38,68.85,16.55,-0.75,0.00,0.00,98,0,0,34.38,30.70,80.30,GRAZING
11:51:02.277,-3.38,68.85,16.55,-0.75,0.00,0.00,98,0,0,34.38,30.70,80.30,GRAZING
11:51:02.586,-3.38,68.85,16.55,-0.75,0.00,0.00,98,0,0,34.38,30.70,80.30,GRAZING
11:51:02.891,-3.38,68.85,16.55,-0.75,0.00,0.00,98,0,0,34.38,30.70,79.80,GRAZING
11:51:03.133,-3.38,68.85,16.55,-0.75,0.00,0.00,98,0,0,34.38,30.70,79.80,GRAZING
11:51:03.417,-3.38,68.85,16.55,-0.75,0.00,0.00,98,0,0,34.38,30.70,79.80,GRAZING
11:51:03.711,-3.38,68.85,16.55,-0.75,0.00,0.00,98,0,0,34.38,30.70,79.80,GRAZING
11:51:04.020,-3.38,68.85,16.55,-0.75,0.00,0.00,98,0,0,34.38,30.70,79.80,GRAZING
11:51:04.325,-3.38,68.85,16.55,-0.75,0.00,0.00,98,0,0,34.38,30.70,79.80,GRAZING
11:51:04.554,-3.38,68.85,16.55,-0.75,0.00,0.00,98,0,0,34.38,30.70,79.80,GRAZING
11:51:04.838,-3.38,68.85,16.55,-0.75,0.00,0.00,98,0,0,34.44,30.70,79.80,GRAZING
11:51:05.145,-3.38,68.85,16.55,-0.75,0.00,0.00,98,0,0,34.44,30.70,79.70,GRAZING
11:51:05.452,-3.38,68.85,16.55,-0.75,0.00,0.00,98,0,0,34.44,30.70,79.70,GRAZING
11:51:05.690,-3.38,68.85,16.55,-0.75,0.00,0.00,98,0,0,34.38,30.70,79.70,GRAZING
11:51:05.974,-3.38,68.85,16.55,-0.75,0.00,0.00,98,0,0,34.38,30.70,79.70,GRAZING
11:51:06.271,-3.38,68.85,16.55,-0.75,0.00,0.00,98,0,0,34.38,30.70,79.70,GRAZING
11:51:06.579,-3.38,68.85,16.55,-0.75,0.00,0.00,98,0,0,34.38,30.70,79.70,GRAZING
11:51:06.824,-3.38,68.85,16.55,-0.75,0.00,0.00,98,0,0,34.38,30.70,79.70,GRAZING
11:51:07.109,-3.38,68.85,16.55,-0.75,0.00,0.00,98,0,0,34.38,30.70,79.70,GRAZING
11:51:07.397,-3.38,68.85,16.55,-0.75,0.00,0.00,98,0,0,34.38,30.70,79.70,GRAZING
11:51:07.705,-3.38,68.85,16.55,-0.75,0.00,0.00,98,0,0,34.38,30.70,79.70,GRAZING
11:51:08.012,-3.38,68.85,16.55,-0.75,0.00,0.00,98,0,0,34.38,30.70,79.70,GRAZING
11:51:08.249,-3.38,68.85,16.55,-0.75,0.00,0.00,98,0,0,34.38,30.70,79.70,GRAZING
11:51:08.533,-3.38,68.85,16.55,-0.75,0.00,0.00,98,0,0,34.38,30.70,79.70,GRAZING
11:51:08.831,-3.38,68.85,16.55,-0.75,0.00,0.00,98,0,0,34.38,30.70,79.70,GRAZING
11:51:09.138,-3.38,68.85,16.55,-0.75,0.00,0.00,98,0,0,34.44,30.70,79.70,GRAZING
11:51:09.384,-3.38,68.85,16.55,-0.75,0.00,0.00,98,0,0,34.44,30.70,79.70,GRAZING
11:51:09.672,-3.38,68.85,16.55,-0.75,0.00,0.00,98,0,0,34.44,30.70,79.50,GRAZING
11:51:09.957,-3.38,68.85,16.55,-0.75,0.00,0.00,98,0,0,34.44,30.70,79.50,GRAZING
11:51:10.265,-3.38,68.85,16.55,-0.75,0.00,0.00,98,0,0,34.44,30.70,79.50,GRAZING
11:51:10.592,-3.38,68.85,16.55,-0.75,0.00,0.00,98,0,0,34.44,30.70,79.50,GRAZING
11:51:10.812,-3.38,68.85,16.55,-0.75,0.00,0.00,98,0,0,34.38,30.70,79.50,GRAZING
11:51:11.093,-3.38,68.85,16.55,-0.75,0.00,0.00,98,0,0,34.38,30.70,79.50,GRAZING
11:51:11.393,-3.38,68.85,16.55,-0.75,0.00,0.00,98,0,0,34.38,30.70,79.50,GRAZING
11:51:11.698,-3.38,68.85,16.55,-0.75,0.00,0.00,98,0,0,34.38,30.70,79.50,GRAZING
11:51:12.007,-3.38,68.85,16.55,-0.75,0.00,0.00,98,0,0,34.38,30.70,79.10,GRAZING
11:51:12.234,-3.38,68.85,16.55,-0.75,0.00,0.00,98,0,0,34.38,30.70,79.10,GRAZING
11:51:12.519,-3.38,68.85,16.55,-0.75,0.00,0.00,98,0,0,34.38,30.70,79.10,GRAZING
11:51:12.825,-3.38,68.85,16.55,-0.75,0.00,0.00,98,0,0,34.38,30.70,79.10,GRAZING
11:51:13.132,-3.38,68.85,16.55,-0.75,0.00,0.00,98,0,0,34.38,30.70,79.10,GRAZING
11:51:13.366,-3.38,68.85,16.55,-0.75,0.00,0.00,98,0,0,34.44,30.70,79.10,GRAZING
11:51:13.650,-3.38,68.85,16.55,-0.75,0.00,0.00,98,0,0,34.44,30.70,79.10,GRAZING
11:51:13.954,-3.38,68.85,16.55,-0.75,0.00,0.00,98,0,0,34.44,30.70,79.10,GRAZING
11:51:14.258,-3.38,68.85,16.55,-0.75,0.00,0.00,98,0,0,34.38,30.70,79.00,GRAZING
11:51:14.504,-3.38,68.85,16.55,-0.75,0.00,0.00,98,0,0,34.38,30.70,79.00,GRAZING
11:51:14.788,-3.38,68.85,16.55,-0.75,0.00,0.00,98,0,0,34.38,30.70,79.00,GRAZING
11:51:15.079,-3.38,68.85,16.55,-0.75,0.00,0.00,98,0,0,34.38,30.70,79.00,GRAZING
11:51:15.385,-3.38,68.85,16.55,-0.75,0.00,0.00,98,0,0,34.38,30.70,79.00,GRAZING
11:51:15.692,-3.38,68.85,16.55,-0.75,0.00,0.00,98,0,0,34.38,30.70,79.00,GRAZING
11:51:15.925,-3.38,68.85,16.55,-0.75,0.00,0.00,98,0,0,34.38,30.70,79.00,GRAZING
11:51:16.208,-3.38,68.85,16.55,-0.75,0.00,0.00,98,0,0,34.38,30.70,79.00,GRAZING
11:51:16.512,-3.38,68.85,16.55,-0.75,0.00,0.00,98,0,0,34.38,30.60,79.10,GRAZING
11:51:16.819,-3.38,68.85,16.55,-0.75,0.00,0.00,98,0,0,34.38,30.60,79.10,GRAZING
11:51:17.063,-3.38,68.85,16.55,-0.75,0.00,0.00,98,0,0,34.38,30.60,79.10,GRAZING
11:51:17.347,-3.38,68.85,16.55,-0.75,0.00,0.00,98,0,0,34.38,30.60,79.10,GRAZING
11:51:17.638,-3.38,68.85,16.55,-0.75,0.00,0.00,98,0,0,34.38,30.60,79.10,GRAZING
11:51:17.945,-3.38,68.85,16.55,-0.75,0.00,0.00,98,0,0,34.38,30.60,79.10,GRAZING
11:51:18.252,-3.38,68.85,16.55,-0.75,0.00,0.00,98,0,0,34.38,30.60,79.10,GRAZING
11:51:18.480,-3.38,68.85,16.55,-0.75,0.00,0.00,98,0,0,34.31,30.60,79.10,GRAZING
11:51:18.872,-3.38,68.85,16.55,-0.75,0.00,0.00,98,0,0,34.31,30.60,79.30,GRAZING
11:51:19.074,-3.38,68.85,16.55,-0.75,0.00,0.00,98,0,0,34.31,30.60,79.30,GRAZING
11:51:19.380,-3.38,68.85,16.55,-0.75,0.00,0.00,98,0,0,34.31,30.60,79.30,GRAZING
11:51:19.618,-3.38,68.85,16.55,-0.75,0.00,0.00,98,0,0,34.31,30.60,79.30,GRAZING
11:51:19.903,-3.38,68.85,16.55,-0.75,0.00,0.00,98,0,0,34.31,30.60,79.30,GRAZING
11:51:20.200,-3.38,68.85,16.55,-0.75,0.00,0.00,98,0,0,34.31,30.60,79.30,GRAZING
11:51:20.505,-3.38,68.85,16.55,-0.75,0.00,0.00,98,0,0,34.31,30.60,79.30,GRAZING
11:51:20.920,-3.38,68.85,16.55,-0.75,0.00,0.00,98,0,0,34.31,30.60,79.30,GRAZING
11:51:21.044,-3.38,68.85,16.55,-0.75,0.00,0.00,98,0,0,34.31,30.70,79.40,GRAZING
11:51:21.438,-3.38,68.85,16.55,-0.75,0.00,0.00,98,0,0,34.31,30.70,79.40,GRAZING
11:51:21.631,-3.38,68.85,16.55,-0.75,0.00,0.00,98,0,0,34.31,30.70,79.40,GRAZING
11:51:21.940,-3.38,68.85,16.55,-0.75,0.00,0.00,98,0,0,34.31,30.70,79.40,GRAZING
11:51:22.176,-3.38,68.85,16.55,-0.75,0.00,0.00,98,0,0,34.31,30.70,79.40,GRAZING
11:51:22.460,-3.38,68.85,16.55,-0.75,0.00,0.00,98,0,0,34.31,30.70,79.40,GRAZING
11:51:22.758,-3.38,68.85,16.55,-0.75,0.00,0.00,98,0,0,34.31,30.70,79.40,GRAZING
11:51:23.167,-3.38,68.85,16.55,-0.75,0.00,0.00,98,0,0,34.31,30.70,79.40,GRAZING
11:51:23.374,-3.38,68.85,16.55,-0.75,0.00,0.00,98,0,0,34.31,30.70,79.50,GRAZING
11:51:23.602,-3.38,68.85,16.55,-0.75,0.00,0.00,98,0,0,34.31,30.70,79.50,GRAZING
11:51:23.885,-3.38,68.85,16.55,-0.75,0.00,0.00,98,0,0,34.31,30.70,79.50,GRAZING
11:51:24.193,-3.38,68.85,16.55,-0.75,0.00,0.00,98,0,0,34.31,30.70,79.50,GRAZING
11:51:24.499,-3.38,68.85,16.55,-0.75,0.00,0.00,98,0,0,34.31,30.70,79.50,GRAZING
11:51:24.734,-3.38,68.85,16.55,-0.75,0.00,0.00,98,0,0,34.31,30.70,79.50,GRAZING
11:51:25.018,-3.38,68.85,16.55,-0.75,0.00,0.00,98,0,0,34.31,30.70,79.50,GRAZING
11:51:25.317,-3.38,68.85,16.55,-0.75,0.00,0.00,98,0,0,34.25,30.70,79.50,GRAZING
11:51:25.624,-3.38,68.85,16.55,-0.75,0.00,0.00,98,0,0,34.25,30.70,79.70,GRAZING
11:51:25.933,-3.38,68.85,16.55,-0.75,0.00,0.00,98,0,0,34.25,30.70,79.70,GRAZING
11:51:26.159,-3.38,68.85,16.55,-0.75,0.00,0.00,98,0,0,34.25,30.70,79.70,GRAZING
11:51:26.443,-3.38,68.85,16.55,-0.75,0.00,0.00,98,0,0,34.25,30.70,79.70,GRAZING
11:51:26.753,-3.38,68.85,16.55,-0.75,0.00,0.00,98,0,0,34.25,30.70,79.70,GRAZING
11:51:27.058,-3.38,68.85,16.55,-0.75,0.00,0.00,98,0,0,34.25,30.70,79.70,GRAZING
11:51:27.292,-3.38,68.85,16.55,-0.75,0.00,0.00,98,0,0,34.25,30.70,79.70,GRAZING
11:51:27.576,-3.38,68.85,16.55,-0.75,0.00,0.00,98,0,0,34.25,30.70,79.70,GRAZING
11:51:27.878,-3.38,68.85,16.55,-0.75,0.00,0.00,98,0,0,34.25,30.70,79.90,GRAZING
11:51:28.185,-3.38,68.85,16.55,-0.75,0.00,0.00,98,0,0,34.25,30.70,79.90,GRAZING
11:51:28.432,-3.38,68.85,16.55,-0.75,0.00,0.00,98,0,0,34.25,30.70,79.90,GRAZING
11:51:28.716,-3.38,68.85,16.55,-0.75,0.00,0.00,98,0,0,34.25,30.70,79.90,GRAZING
11:51:29.005,-3.38,68.85,16.55,-0.75,0.00,0.00,98,0,0,34.25,30.70,79.90,GRAZING
11:51:29.313,-3.38,68.85,16.55,-0.75,0.00,0.00,98,0,0,34.25,30.70,79.90,GRAZING
11:51:29.618,-3.38,68.85,16.55,-0.75,0.00,0.00,98,0,0,34.19,30.70,79.90,GRAZING
11:51:29.850,-3.38,68.85,16.55,-0.75,0.00,0.00,98,0,0,34.19,30.70,79.90,GRAZING
11:51:30.140,-3.38,68.85,16.55,-0.75,0.00,0.00,98,0,0,34.19,30.70,79.80,GRAZING
11:51:30.440,-3.38,68.85,16.55,-0.75,0.00,0.00,98,0,0,34.19,30.70,79.80,GRAZING
11:51:30.747,-3.38,68.85,16.55,-0.75,0.00,0.00,98,0,0,34.19,30.70,79.80,GRAZING
11:51:30.989,-3.38,68.85,16.55,-0.75,0.00,0.00,98,0,0,34.19,30.70,79.80,GRAZING
11:51:31.275,-3.38,68.85,16.55,-0.75,0.00,0.00,98,0,0,34.19,30.70,79.80,GRAZING
11:51:31.666,-3.38,68.85,16.55,-0.75,0.00,0.00,98,0,0,34.19,30.70,79.80,GRAZING
11:51:31.871,-3.38,68.85,16.55,-0.75,0.00,0.00,98,0,0,34.19,30.70,79.80,GRAZING
11:51:32.180,-3.38,68.85,16.55,-0.75,0.00,0.00,98,0,0,34.25,30.70,79.80,GRAZING
11:51:32.414,-3.38,68.85,16.55,-0.75,0.00,0.00,98,0,0,34.25,30.70,79.60,GRAZING
11:51:32.698,-3.38,68.85,16.55,-0.75,0.00,0.00,98,0,0,34.25,30.70,79.60,GRAZING
11:51:32.997,-3.38,68.85,16.55,-0.75,0.00,0.00,98,0,0,34.19,30.70,79.60,GRAZING
11:51:33.305,-3.38,68.85,16.55,-0.75,0.00,0.00,98,0,0,34.19,30.70,79.60,GRAZING
11:51:33.548,-3.38,68.85,16.55,-0.75,0.00,0.00,98,0,0,34.19,30.70,79.60,GRAZING
11:51:33.832,-3.38,68.85,16.55,-0.75,0.00,0.00,98,0,0,34.19,30.70,79.60,GRAZING
11:51:34.241,-3.38,68.85,16.55,-0.75,0.00,0.00,98,0,0,34.19,30.70,79.60,GRAZING
11:51:34.544,-3.38,68.85,16.55,-0.75,0.00,0.00,98,0,0,34.19,30.70,79.60,GRAZING
11:51:34.740,-3.38,68.85,16.55,-0.75,0.00,0.00,98,0,0,34.25,30.70,79.60,GRAZING
11:51:34.970,-3.38,68.85,16.55,-0.75,0.00,0.00,98,0,0,34.25,30.70,79.60,GRAZING
11:51:35.255,-3.38,68.85,16.55,-0.75,0.00,0.00,98,0,0,34.25,30.70,79.60,GRAZING
11:51:35.559,-3.38,68.85,16.55,-0.75,0.00,0.00,98,0,0,34.25,30.70,79.60,GRAZING
11:51:35.866,-3.38,68.85,16.55,-0.75,0.00,0.00,98,0,0,34.25,30.70,79.60,GRAZING
11:51:36.106,-3.38,68.85,16.55,-0.75,0.00,0.00,98,0,0,34.25,30.70,79.60,GRAZING
11:51:36.392,-3.38,68.85,16.55,-0.75,0.00,0.00,98,0,0,34.25,30.70,79.60,GRAZING
11:51:36.686,-3.38,68.85,16.55,-0.75,0.00,0.00,98,0,0,34.25,30.70,79.60,GRAZING
11:51:36.992,-3.38,68.85,16.55,-0.75,0.00,0.00,98,0,0,34.25,30.80,79.80,GRAZING
11:51:37.298,-3.38,68.85,16.55,-0.75,0.00,0.00,98,0,0,34.31,30.80,79.80,GRAZING
11:51:37.530,-3.38,68.85,16.55,-0.75,0.00,0.00,98,0,0,34.31,30.80,79.80,GRAZING
11:51:37.811,-3.38,68.85,16.55,-0.75,0.00,0.00,98,0,0,34.31,30.80,79.80,GRAZING
11:51:38.117,-3.38,68.85,16.55,-0.75,0.00,0.00,98,0,0,34.25,30.80,79.80,GRAZING
11:51:38.426,-3.38,68.85,16.55,-0.75,0.00,0.00,98,0,0,34.25,30.80,79.80,GRAZING
11:51:38.661,-3.38,68.85,16.55,-0.75,0.00,0.00,98,0,0,34.25,30.80,79.80,GRAZING
11:51:38.946,-3.38,68.85,16.55,-0.75,0.00,0.00,98,0,0,34.25,30.80,79.80,GRAZING
11:51:39.244,-3.38,68.85,16.55,-0.75,0.00,0.00,98,0,0,34.25,30.70,79.30,GRAZING
11:51:39.661,-3.38,68.85,16.55,-0.75,0.00,0.00,98,0,0,34.25,30.70,79.30,GRAZING
11:51:39.972,-3.38,68.85,16.55,-0.75,0.00,0.00,98,0,0,34.25,30.70,79.30,GRAZING
11:51:40.184,-3.38,68.85,16.55,-0.75,0.00,0.00,98,0,0,34.25,30.70,79.30,GRAZING
11:51:40.476,-3.38,68.85,16.55,-0.75,0.00,0.00,98,0,0,34.25,30.70,79.30,GRAZING
11:51:40.679,-3.38,68.85,16.55,-0.75,0.00,0.00,98,0,0,34.31,30.70,79.30,GRAZING
11:51:41.095,-3.38,68.85,16.55,-0.75,0.00,0.00,98,0,0,34.31,30.70,79.30,GRAZING
11:51:41.221,-3.38,68.85,16.55,-0.75,0.00,0.00,98,0,0,34.31,30.70,79.30,GRAZING
11:51:41.510,-3.38,68.85,16.55,-0.75,0.00,0.00,98,0,0,34.31,30.70,78.70,GRAZING
11:51:41.804,-3.38,68.85,16.55,-0.75,0.00,0.00,98,0,0,34.31,30.70,78.70,GRAZING
11:51:42.112,-3.38,68.85,16.55,-0.75,0.00,0.00,98,0,0,34.31,30.70,78.70,GRAZING
11:51:42.522,-3.38,68.85,16.55,-0.75,0.00,0.00,98,0,0,34.31,30.70,78.70,GRAZING
11:51:42.649,-3.38,68.85,16.55,-0.75,0.00,0.00,98,0,0,34.31,30.70,78.70,GRAZING
11:51:42.931,-3.38,68.85,16.55,-0.75,0.00,0.00,98,0,0,34.31,30.70,78.70,GRAZING
11:51:43.239,-3.38,68.85,16.55,-0.75,0.00,0.00,98,0,0,34.31,30.70,78.70,GRAZING
11:51:43.546,-3.38,68.85,16.55,-0.75,0.00,0.00,98,0,0,34.31,30.70,78.70,GRAZING
11:51:43.786,-3.38,68.85,16.55,-0.75,0.00,0.00,98,0,0,34.31,30.70,78.60,GRAZING
11:51:44.070,-3.38,68.85,16.55,-0.75,0.00,0.00,98,0,0,34.31,30.70,78.60,GRAZING
11:51:44.364,-3.38,68.85,16.55,-0.75,0.00,0.00,98,0,0,34.31,30.70,78.60,GRAZING
11:51:44.672,-3.38,68.85,16.55,-0.75,0.00,0.00,98,0,0,34.31,30.70,78.60,GRAZING
11:51:44.979,-3.38,68.85,16.55,-0.75,0.00,0.00,98,0,0,34.38,30.70,78.60,GRAZING
11:51:45.207,-3.38,68.85,16.55,-0.75,0.00,0.00,98,0,0,34.38,30.70,78.60,GRAZING
11:51:45.490,-3.38,68.85,16.55,-0.75,0.00,0.00,98,0,0,34.38,30.70,78.60,GRAZING
11:51:45.797,-3.38,68.85,16.55,-0.75,0.00,0.00,98,0,0,34.31,30.70,78.60,GRAZING
11:51:46.107,-3.38,68.85,16.55,-0.75,0.00,0.00,98,0,0,34.31,30.70,78.40,GRAZING
11:51:46.344,-3.38,68.85,16.55,-0.75,0.00,0.00,98,0,0,34.31,30.70,78.40,GRAZING
11:51:46.628,-3.38,68.85,16.55,-0.75,0.00,0.00,98,0,0,34.38,30.70,78.40,GRAZING
11:51:46.925,-3.38,68.85,16.55,-0.75,0.00,0.00,98,0,0,34.38,30.70,78.40,GRAZING
11:51:47.228,-3.38,68.85,16.55,-0.75,0.00,0.00,98,0,0,34.38,30.70,78.40,GRAZING
11:51:47.479,-3.38,68.85,16.55,-0.75,0.00,0.00,98,0,0,34.38,30.70,78.40,GRAZING
11:51:47.763,-3.38,68.85,16.55,-0.75,0.00,0.00,98,0,0,34.38,30.70,78.40,GRAZING
11:51:48.051,-3.38,68.85,16.55,-0.75,0.00,0.00,98,0,0,34.38,30.70,78.40,GRAZING
11:51:48.358,-3.38,68.85,16.55,-0.75,0.00,0.00,98,0,0,34.44,30.80,78.40,GRAZING
11:51:48.665,-3.38,68.85,16.55,-0.75,0.00,0.00,98,0,0,34.44,30.80,78.40,GRAZING
11:51:48.902,-3.38,68.85,16.55,-0.75,0.00,0.00,98,0,0,34.44,30.80,78.40,GRAZING
11:51:49.188,-3.38,68.85,16.55,-0.75,0.00,0.00,98,0,0,34.44,30.80,78.40,GRAZING
11:51:49.484,-3.38,68.85,16.55,-0.75,0.00,0.00,98,0,0,34.44,30.80,78.40,GRAZING
11:51:49.791,-3.38,68.85,16.55,-0.75,0.00,0.00,98,0,0,34.44,30.80,78.40,GRAZING
11:51:50.036,-3.38,68.85,16.55,-0.75,0.00,0.00,98,0,0,34.44,30.80,78.40,GRAZING
11:51:50.436,-3.38,68.85,16.55,-0.75,0.00,0.00,98,0,0,34.44,30.80,78.40,GRAZING
11:51:50.721,-3.38,68.85,16.55,-0.75,0.00,0.00,98,0,0,34.44,30.80,78.30,GRAZING
11:51:51.036,-3.38,68.85,16.55,-0.75,0.00,0.00,98,0,0,34.44,30.80,78.30,GRAZING
11:51:51.331,-3.38,68.85,16.55,-0.75,0.00,0.00,98,0,0,34.44,30.80,78.30,GRAZING
11:51:51.464,-3.38,68.85,16.55,-0.75,0.00,0.00,98,0,0,34.44,30.80,78.30,GRAZING
11:51:51.840,-3.38,68.85,16.55,-0.75,0.00,0.00,98,0,0,34.44,30.80,78.30,GRAZING
11:51:52.048,-3.38,68.85,16.55,-0.75,0.00,0.00,98,0,0,34.44,30.80,78.30,GRAZING
11:51:52.361,-3.38,68.85,16.55,-0.75,0.00,0.00,98,0,0,34.44,30.80,78.30,GRAZING
11:51:52.661,-3.38,68.85,16.55,-0.75,0.00,0.00,98,0,0,34.44,30.80,78.30,GRAZING
11:51:52.968,-3.38,68.85,16.55,-0.75,0.00,0.00,98,0,0,34.44,30.80,78.00,GRAZING
11:51:53.284,-3.38,68.85,16.55,-0.75,0.00,0.00,98,0,0,34.44,30.80,78.00,GRAZING
11:51:53.484,-3.38,68.85,16.55,-0.75,0.00,0.00,98,0,0,34.44,30.80,78.00,GRAZING
11:51:53.786,-3.38,68.85,16.55,-0.75,0.00,0.00,98,0,0,34.44,30.80,78.00,GRAZING
11:51:54.017,-3.38,68.85,16.55,-0.75,0.00,0.00,98,0,0,34.44,30.80,78.00,GRAZING
11:51:54.412,-3.38,68.85,16.55,-0.75,0.00,0.00,98,0,0,34.44,30.80,78.00,GRAZING
11:51:54.604,-3.38,68.85,16.55,-0.75,0.00,0.00,98,0,0,34.44,30.80,78.00,GRAZING
11:51:54.917,-3.38,68.85,16.55,-0.75,0.00,0.00,98,0,0,34.44,30.80,78.00,GRAZING
11:51:55.156,-3.38,68.85,16.55,-0.75,0.00,0.00,98,0,0,34.44,30.80,78.10,GRAZING
11:51:55.439,-3.38,68.85,16.55,-0.75,0.00,0.00,98,0,0,34.44,30.80,78.10,GRAZING
11:51:55.731,-3.38,68.85,16.55,-0.75,0.00,0.00,98,0,0,34.44,30.80,78.10,GRAZING
11:51:56.040,-3.38,68.85,16.55,-0.75,0.00,0.00,98,0,0,34.44,30.80,78.10,GRAZING
11:51:56.354,-3.38,68.85,16.55,-0.75,0.00,0.00,98,0,0,34.44,30.80,78.10,GRAZING
11:51:56.575,-3.38,68.85,16.55,-0.75,0.00,0.00,98,0,0,34.44,30.80,78.10,GRAZING
11:51:56.857,-3.38,68.85,16.55,-0.75,0.00,0.00,98,0,0,34.38,30.80,78.10,GRAZING
11:51:57.163,-3.38,68.85,16.55,-0.75,0.00,0.00,98,0,0,34.38,30.80,78.10,GRAZING
11:51:57.471,-3.38,68.85,16.55,-0.75,0.00,0.00,98,0,0,34.38,30.80,78.00,GRAZING
11:51:57.713,-3.38,68.85,16.55,-0.75,0.00,0.00,98,0,0,34.44,30.80,78.00,GRAZING
11:51:57.996,-3.38,68.85,16.55,-0.75,0.00,0.00,98,0,0,34.44,30.80,78.00,GRAZING
11:51:58.290,-3.38,68.85,16.55,-0.75,0.00,0.00,98,0,0,34.44,30.80,78.00,GRAZING
11:51:58.598,-3.38,68.85,16.55,-0.75,0.00,0.00,98,0,0,34.44,30.80,78.00,GRAZING
11:51:58.913,-3.38,68.85,16.55,-0.75,0.00,0.00,98,0,0,34.44,30.80,78.00,GRAZING
11:51:59.131,-3.38,68.85,16.55,-0.75,0.00,0.00,98,0,0,34.44,30.80,78.00,GRAZING
11:51:59.416,-3.38,68.85,16.55,-0.75,0.00,0.00,98,0,0,34.44,30.80,78.00,GRAZING
11:51:59.725,-3.38,68.85,16.55,-0.75,0.00,0.00,98,0,0,34.44,30.80,78.10,GRAZING
11:52:00.031,-3.38,68.85,16.55,-0.75,0.00,0.00,98,0,0,34.44,30.80,78.10,GRAZING
11:52:00.268,-3.38,68.85,16.55,-0.75,0.00,0.00,98,0,0,34.44,30.80,78.10,GRAZING
11:52:00.551,-3.38,68.85,16.55,-0.75,0.00,0.00,98,0,0,34.44,30.80,78.10,GRAZING
11:52:00.851,-3.38,68.85,16.55,-0.75,0.00,0.00,98,0,0,34.44,30.80,78.10,GRAZING
11:52:01.159,-3.38,68.85,16.55,-0.75,0.00,0.00,98,0,0,34.50,30.80,78.10,GRAZING
11:52:01.401,-3.38,68.85,16.55,-0.75,0.00,0.00,98,0,0,34.50,30.80,78.10,GRAZING
11:52:01.685,-3.38,68.85,16.55,-0.75,0.00,0.00,98,0,0,34.50,30.80,78.10,GRAZING
11:52:01.977,-3.38,68.85,16.55,-0.75,0.00,0.00,98,0,0,34.50,30.80,78.20,GRAZING
11:52:02.284,-3.38,68.85,16.55,-0.75,0.00,0.00,98,0,0,34.50,30.80,78.20,GRAZING
11:52:02.591,-3.38,68.85,16.55,-0.75,0.00,0.00,98,0,0,34.50,30.80,78.20,GRAZING
11:52:02.823,-3.38,68.85,16.55,-0.75,0.00,0.00,98,0,0,34.50,30.80,78.20,GRAZING
11:52:03.106,-3.38,68.85,16.55,-0.75,0.00,0.00,98,0,0,34.50,30.80,78.20,GRAZING
11:52:03.411,-3.38,68.85,16.55,-0.75,0.00,0.00,98,0,0,34.50,30.80,78.20,GRAZING
11:52:03.719,-3.38,68.85,16.55,-0.75,0.00,0.00,98,0,0,34.50,30.80,78.20,GRAZING
11:52:03.956,-3.38,68.85,16.55,-0.75,0.00,0.00,98,0,0,34.50,30.80,78.20,GRAZING
11:52:04.245,-3.38,68.85,16.55,-0.75,0.00,0.00,98,0,0,34.50,30.80,78.40,GRAZING
11:52:04.537,-3.38,68.85,16.55,-0.75,0.00,0.00,98,0,0,34.44,30.80,78.40,GRAZING
11:52:04.845,-3.38,68.85,16.55,-0.75,0.00,0.00,98,0,0,34.44,30.80,78.40,GRAZING
11:52:05.152,-3.38,68.85,16.55,-0.75,0.00,0.00,98,0,0,34.44,30.80,78.40,GRAZING
11:52:05.379,-3.38,68.85,16.55,-0.75,0.00,0.00,98,0,0,34.50,30.80,78.40,GRAZING
11:52:05.664,-3.38,68.85,16.55,-0.75,0.00,0.00,98,0,0,34.50,30.80,78.40,GRAZING
11:52:05.971,-3.38,68.85,16.55,-0.75,0.00,0.00,98,0,0,34.50,30.80,78.40,GRAZING
11:52:06.278,-3.38,68.85,16.55,-0.75,0.00,0.00,98,0,0,34.50,30.80,78.40,GRAZING
11:52:06.517,-3.38,68.85,16.55,-0.75,0.00,0.00,98,0,0,34.50,30.80,78.40,GRAZING
11:52:06.800,-3.38,68.85,16.55,-0.75,0.00,0.00,98,0,0,34.50,30.80,78.40,GRAZING
11:52:07.098,-3.38,68.85,16.55,-0.75,0.00,0.00,98,0,0,34.50,30.80,78.40,GRAZING
11:52:07.405,-3.38,68.85,16.55,-0.75,0.00,0.00,98,0,0,34.50,30.80,78.40,GRAZING
11:52:07.649,-3.38,68.85,16.55,-0.75,0.00,0.00,98,0,0,34.50,30.80,78.40,GRAZING
11:52:07.934,-3.38,68.85,16.55,-0.75,0.00,0.00,98,0,0,34.44,30.80,78.40,GRAZING
11:52:08.225,-3.38,68.85,16.55,-0.75,0.00,0.00,98,0,0,34.44,30.80,78.40,GRAZING
11:52:08.530,-3.38,68.85,16.55,-0.75,0.00,0.00,98,0,0,34.44,30.80,78.40,GRAZING
11:52:08.838,-3.38,68.85,16.55,-0.75,0.00,0.00,98,0,0,34.44,30.80,78.60,GRAZING
11:52:09.071,-3.38,68.85,16.55,-0.75,0.00,0.00,98,0,0,34.44,30.80,78.60,GRAZING
11:52:09.356,-3.38,68.85,16.55,-0.75,0.00,0.00,98,0,0,34.44,30.80,78.60,GRAZING
11:52:09.658,-3.38,68.85,16.55,-0.75,0.00,0.00,98,0,0,34.44,30.80,78.60,GRAZING
11:52:09.964,-3.38,68.85,16.55,-0.75,0.00,0.00,98,0,0,34.44,30.80,78.60,GRAZING
11:52:10.207,-3.38,68.85,16.55,-0.75,0.00,0.00,98,0,0,34.44,30.80,78.60,GRAZING
11:52:10.490,-3.38,68.85,16.55,-0.75,0.00,0.00,98,0,0,34.38,30.80,78.60,GRAZING
11:52:10.784,-3.38,68.85,16.55,-0.75,0.00,0.00,98,0,0,34.38,30.80,78.60,GRAZING
11:52:11.091,-3.38,68.85,16.55,-0.75,0.00,0.00,98,0,0,34.38,30.80,78.80,GRAZING
11:52:11.398,-3.38,68.85,16.55,-0.75,0.00,0.00,98,0,0,34.38,30.80,78.80,GRAZING
11:52:11.628,-3.38,68.85,16.55,-0.75,0.00,0.00,98,0,0,34.38,30.80,78.80,GRAZING
11:52:11.911,-3.38,68.85,16.55,-0.75,0.00,0.00,98,0,0,34.38,30.80,78.80,GRAZING
11:52:12.217,-3.38,68.85,16.55,-0.75,0.00,0.00,98,0,0,34.38,30.80,78.80,GRAZING
11:52:12.524,-3.38,68.85,16.55,-0.75,0.00,0.00,98,0,0,34.38,30.80,78.80,GRAZING
11:52:12.760,-3.38,68.85,16.55,-0.75,0.00,0.00,98,0,0,34.38,30.80,78.80,GRAZING
11:52:13.045,-3.38,68.85,16.55,-0.75,0.00,0.00,98,0,0,34.38,30.80,78.80,GRAZING
11:52:13.344,-3.38,68.85,16.55,-0.75,0.00,0.00,98,0,0,34.38,30.90,78.70,GRAZING
11:52:13.651,-3.38,68.85,16.55,-0.75,0.00,0.00,98,0,0,34.38,30.90,78.70,GRAZING
11:52:13.959,-3.38,68.85,16.55,-0.75,0.00,0.00,98,0,0,34.31,30.90,78.70,GRAZING
11:52:14.183,-3.38,68.85,16.55,-0.75,0.00,0.00,98,0,0,34.31,30.90,78.70,GRAZING
11:52:14.470,-3.38,68.85,16.55,-0.75,0.00,0.00,98,0,0,34.31,30.90,78.70,GRAZING
11:52:14.777,-3.38,68.85,16.55,-0.75,0.00,0.00,98,0,0,34.31,30.90,78.70,GRAZING
11:52:15.083,-3.38,68.85,16.55,-0.75,0.00,0.00,98,0,0,34.31,30.90,78.70,GRAZING
11:52:15.315,-3.38,68.85,16.55,-0.75,0.00,0.00,98,0,0,34.31,30.90,78.70,GRAZING
11:52:15.603,-3.38,68.85,16.55,-0.75,0.00,0.00,98,0,0,34.25,30.80,78.80,GRAZING
11:52:15.903,-3.38,68.85,16.55,-0.75,0.00,0.00,98,0,0,34.25,30.80,78.80,GRAZING
11:52:16.211,-3.38,68.85,16.55,-0.75,0.00,0.00,98,0,0,34.25,30.80,78.80,GRAZING
11:52:16.455,-3.38,68.85,16.55,-0.75,0.00,0.00,98,0,0,34.25,30.80,78.80,GRAZING
11:52:16.739,-3.38,68.85,16.55,-0.75,0.00,0.00,98,0,0,34.25,30.80,78.80,GRAZING
11:52:17.030,-3.38,68.85,16.55,-0.75,0.00,0.00,98,0,0,34.25,30.80,78.80,GRAZING
11:52:17.338,-3.38,68.85,16.55,-0.75,0.00,0.00,98,0,0,34.25,30.80,78.80,GRAZING
11:52:17.644,-3.38,68.85,16.55,-0.75,0.00,0.00,98,0,0,34.25,30.80,78.80,GRAZING
11:52:17.876,-3.38,68.85,16.55,-0.75,0.00,0.00,98,0,0,34.25,30.80,78.90,GRAZING
11:52:18.159,-3.38,68.85,16.55,-0.75,0.00,0.00,98,0,0,34.25,30.80,78.90,GRAZING
11:52:18.463,-3.38,68.85,16.55,-0.75,0.00,0.00,98,0,0,34.25,30.80,78.90,GRAZING
11:52:18.771,-3.38,68.85,16.55,-0.75,0.00,0.00,98,0,0,34.25,30.80,78.90,GRAZING
11:52:19.010,-3.38,68.85,16.55,-0.75,0.00,0.00,98,0,0,34.19,30.80,78.90,GRAZING
11:52:19.293,-3.38,68.85,16.55,-0.75,0.00,0.00,98,0,0,34.19,30.80,78.90,GRAZING
11:52:19.590,-3.38,68.85,16.55,-0.75,0.00,0.00,98,0,0,34.19,30.80,78.90,GRAZING
11:52:19.897,-3.38,68.85,16.55,-0.75,0.00,0.00,98,0,0,34.19,30.80,78.90,GRAZING
11:52:20.716,-3.38,68.85,16.55,-0.75,0.00,0.00,98,0,0,34.19,30.80,78.50,GRAZING
11:52:20.719,-3.38,68.85,16.55,-0.75,0.00,0.00,98,0,0,34.19,30.80,78.50,GRAZING
11:52:21.024,-3.38,68.85,16.55,-0.75,0.00,0.00,98,0,0,34.19,30.80,78.50,GRAZING
11:52:21.331,-3.38,68.85,16.55,-0.75,0.00,0.00,98,0,0,34.19,30.80,78.50,GRAZING
11:52:21.564,-3.38,68.85,16.55,-0.75,0.00,0.00,98,0,0,34.19,30.80,78.50,GRAZING
11:52:21.847,-3.38,68.85,16.55,-0.75,0.00,0.00,98,0,0,34.19,30.80,78.50,GRAZING
11:52:22.151,-3.38,68.85,16.55,-0.75,0.00,0.00,98,0,0,34.19,30.80,78.50,GRAZING
11:52:22.458,-3.38,68.85,16.55,-0.75,0.00,0.00,98,0,0,34.19,30.80,78.40,GRAZING
11:52:22.702,-3.38,68.85,16.55,-0.75,0.00,0.00,98,0,0,34.19,30.80,78.40,GRAZING
11:52:22.986,-3.38,68.85,16.55,-0.75,0.00,0.00,98,0,0,34.19,30.80,78.40,GRAZING
11:52:23.276,-3.38,68.85,16.55,-0.75,0.00,0.00,98,0,0,34.19,30.80,78.40,GRAZING
11:52:23.584,-3.38,68.85,16.55,-0.75,0.00,0.00,98,0,0,34.19,30.80,78.40,GRAZING
11:52:23.890,-3.38,68.85,16.55,-0.75,0.00,0.00,98,0,0,34.19,30.80,78.40,GRAZING
11:52:24.120,-3.38,68.85,16.55,-0.75,0.00,0.00,98,0,0,34.19,30.80,78.40,GRAZING
11:52:24.406,-3.38,68.85,16.55,-0.75,0.00,0.00,98,0,0,34.19,30.80,78.40,GRAZING
11:52:24.710,-3.38,68.85,16.55,-0.75,0.00,0.00,98,0,0,34.19,30.80,78.40,GRAZING
11:52:25.017,-3.38,68.85,16.55,-0.75,0.00,0.00,98,0,0,34.19,30.80,78.40,GRAZING
11:52:25.261,-3.38,68.85,16.55,-0.75,0.00,0.00,98,0,0,34.19,30.80,78.40,GRAZING
11:52:25.545,-3.38,68.85,16.55,-0.75,0.00,0.00,98,0,0,34.19,30.80,78.40,GRAZING
11:52:25.836,-3.38,68.85,16.55,-0.75,0.00,0.00,98,0,0,34.19,30.80,78.40,GRAZING
11:52:26.144,-3.38,68.85,16.55,-0.75,0.00,0.00,98,0,0,34.19,30.80,78.40,GRAZING
11:52:26.450,-3.38,68.85,16.55,-0.75,0.00,0.00,98,0,0,34.19,30.80,78.40,GRAZING
11:52:26.678,-3.38,68.85,16.55,-0.75,0.00,0.00,98,0,0,34.25,30.80,78.40,GRAZING
11:52:26.966,-3.38,68.85,16.55,-0.75,0.00,0.00,98,0,0,34.25,30.90,78.40,GRAZING
11:52:27.269,-3.38,68.85,16.55,-0.75,0.00,0.00,98,0,0,34.25,30.90,78.40,GRAZING
11:52:27.577,-3.38,68.85,16.55,-0.75,0.00,0.00,98,0,0,34.25,30.90,78.40,GRAZING
11:52:27.817,-3.38,68.85,16.55,-0.75,0.00,0.00,98,0,0,34.25,30.90,78.40,GRAZING
11:52:28.101,-3.38,68.85,16.55,-0.75,0.00,0.00,98,0,0,34.25,30.90,78.40,GRAZING
11:52:28.396,-3.38,68.85,16.55,-0.75,0.00,0.00,98,0,0,34.25,30.90,78.40,GRAZING
11:52:28.703,-3.38,68.85,16.55,-0.75,0.00,0.00,98,0,0,34.25,30.90,78.40,GRAZING
11:52:28.951,-3.38,68.85,16.55,-0.75,0.00,0.00,98,0,0,34.25,30.90,78.40,GRAZING
11:52:29.238,-3.38,68.85,16.55,-0.75,0.00,0.00,98,0,0,34.19,30.90,78.60,GRAZING
11:52:29.523,-3.38,68.85,16.55,-0.75,0.00,0.00,98,0,0,34.19,30.90,78.60,GRAZING
11:52:29.830,-3.38,68.85,16.55,-0.75,0.00,0.00,98,0,0,34.19,30.90,78.60,GRAZING
11:52:30.137,-3.38,68.85,16.55,-0.75,0.00,0.00,98,0,0,34.31,30.90,78.60,GRAZING
11:52:30.374,-3.38,68.85,16.55,-0.75,0.00,0.00,98,0,0,34.31,30.90,78.60,GRAZING
11:52:30.656,-3.38,68.85,16.55,-0.75,0.00,0.00,98,0,0,34.31,30.90,78.60,GRAZING
11:52:30.956,-3.38,68.85,16.55,-0.75,0.00,0.00,98,0,0,34.31,30.90,78.60,GRAZING
11:52:31.264,-3.38,68.85,16.55,-0.75,0.00,0.00,98,0,0,34.31,30.90,78.60,GRAZING
11:52:31.510,-3.38,68.85,16.55,-0.75,0.00,0.00,98,0,0,34.31,30.90,78.90,GRAZING
11:52:31.795,-3.38,68.85,16.55,-0.75,0.00,0.00,98,0,0,34.31,30.90,78.90,GRAZING
11:52:32.083,-3.38,68.85,16.55,-0.75,0.00,0.00,98,0,0,34.31,30.90,78.90,GRAZING
11:52:32.391,-3.38,68.85,16.55,-0.75,0.00,0.00,98,0,0,34.31,30.90,78.90,GRAZING
11:52:32.698,-3.38,68.85,16.55,-0.75,0.00,0.00,98,0,0,34.25,30.90,78.90,GRAZING
11:52:32.927,-3.38,68.85,16.55,-0.75,0.00,0.00,98,0,0,34.25,30.90,78.90,GRAZING
11:52:33.210,-3.38,68.85,16.55,-0.75,0.00,0.00,98,0,0,34.25,30.90,78.90,GRAZING
11:52:33.517,-3.38,68.85,16.55,-0.75,0.00,0.00,98,0,0,34.31,30.90,78.90,GRAZING
11:52:33.824,-3.38,68.85,16.55,-0.75,0.00,0.00,98,0,0,34.31,30.90,79.50,GRAZING
11:52:34.066,-3.38,68.85,16.55,-0.75,0.00,0.00,98,0,0,34.31,30.90,79.50,GRAZING
11:52:34.348,-3.38,68.85,16.55,-0.75,0.00,0.00,98,0,0,34.31,30.90,79.50,GRAZING
11:52:34.643,-3.38,68.85,16.55,-0.75,0.00,0.00,98,0,0,34.31,30.90,79.50,GRAZING
11:52:34.949,-3.38,68.85,16.55,-0.75,0.00,0.00,98,0,0,34.31,30.90,79.50,GRAZING
11:52:35.198,-3.38,68.85,16.55,-0.75,0.00,0.00,98,0,0,34.31,30.90,79.50,GRAZING
11:52:35.483,-3.38,68.85,16.55,-0.75,0.00,0.00,98,0,0,34.31,30.90,79.50,GRAZING
11:52:35.768,-3.38,68.85,16.55,-0.75,0.00,0.00,98,0,0,34.31,30.90,79.50,GRAZING
11:52:36.077,-3.38,68.85,16.55,-0.75,0.00,0.00,98,0,0,34.31,30.90,79.80,GRAZING
11:52:36.384,-3.38,68.85,16.55,-0.75,0.00,0.00,98,0,0,34.31,30.90,79.80,GRAZING
11:52:36.621,-3.38,68.85,16.55,-0.75,0.00,0.00,98,0,0,34.31,30.90,79.80,GRAZING
11:52:36.905,-3.38,68.85,16.55,-0.75,0.00,0.00,98,0,0,34.31,30.90,79.80,GRAZING
11:52:37.208,-3.38,68.85,16.55,-0.75,0.00,0.00,98,0,0,34.31,30.90,79.80,GRAZING
11:52:37.510,-3.38,68.85,16.55,-0.75,0.00,0.00,98,0,0,34.31,30.90,79.80,GRAZING
11:52:37.755,-3.38,68.85,16.55,-0.75,0.00,0.00,98,0,0,34.31,30.90,79.80,GRAZING
11:52:38.039,-3.38,68.85,16.55,-0.75,0.00,0.00,98,0,0,34.31,30.90,79.80,GRAZING
11:52:38.328,-3.38,68.85,16.55,-0.75,0.00,0.00,98,0,0,34.31,30.90,80.10,GRAZING
11:52:38.636,-3.38,68.85,16.55,-0.75,0.00,0.00,98,0,0,34.31,30.90,80.10,GRAZING
11:52:38.943,-3.38,68.85,16.55,-0.75,0.00,0.00,98,0,0,34.31,30.90,80.10,GRAZING
11:52:39.176,-3.38,68.85,16.55,-0.75,0.00,0.00,98,0,0,34.31,30.90,80.10,GRAZING
11:52:39.461,-3.38,68.85,16.55,-0.75,0.00,0.00,98,0,0,34.31,30.90,80.10,GRAZING
11:52:39.762,-3.38,68.85,16.55,-0.75,0.00,0.00,98,0,0,34.31,30.90,80.10,GRAZING
11:52:40.070,-3.38,68.85,16.55,-0.75,0.00,0.00,98,0,0,34.31,30.90,80.10,GRAZING
11:52:40.311,-3.38,68.85,16.55,-0.75,0.00,0.00,98,0,0,34.31,30.90,80.10,GRAZING
11:52:40.599,-3.38,68.85,16.55,-0.75,0.00,0.00,98,0,0,34.31,30.90,80.20,GRAZING
11:52:40.889,-3.38,68.85,16.55,-0.75,0.00,0.00,98,0,0,34.31,30.90,80.20,GRAZING
11:52:41.196,-3.38,68.85,16.55,-0.75,0.00,0.00,98,0,0,34.31,30.90,80.20,GRAZING
11:52:41.503,-3.38,68.85,16.55,-0.75,0.00,0.00,98,0,0,34.31,30.90,80.20,GRAZING
11:52:41.733,-3.38,68.85,16.55,-0.75,0.00,0.00,98,0,0,34.31,30.90,80.20,GRAZING
11:52:42.016,-3.38,68.85,16.55,-0.75,0.00,0.00,98,0,0,34.31,30.90,80.20,GRAZING
11:52:42.323,-3.38,68.85,16.55,-0.75,0.00,0.00,98,0,0,34.31,30.90,80.20,GRAZING
11:52:42.630,-3.38,68.85,16.55,-0.75,0.00,0.00,98,0,0,34.31,30.90,80.20,GRAZING
11:52:42.873,-3.38,68.85,16.55,-0.75,0.00,0.00,98,0,0,34.31,31.00,80.30,GRAZING
11:52:43.159,-3.38,68.85,16.55,-0.75,0.00,0.00,98,0,0,34.31,31.00,80.30,GRAZING
11:52:43.450,-3.38,68.85,16.55,-0.75,0.00,0.00,98,0,0,34.31,31.00,80.30,GRAZING
11:52:43.757,-3.38,68.85,16.55,-0.75,0.00,0.00,98,0,0,34.31,31.00,80.30,GRAZING
11:52:44.066,-3.38,68.85,16.55,-0.75,0.00,0.00,98,0,0,34.31,31.00,80.30,GRAZING
11:52:44.292,-3.38,68.85,16.55,-0.75,0.00,0.00,98,0,0,34.31,31.00,80.30,GRAZING
11:52:44.575,-3.38,68.85,16.55,-0.75,0.00,0.00,98,0,0,34.25,31.00,80.30,GRAZING
11:52:44.883,-3.38,68.85,16.55,-0.75,0.00,0.00,98,0,0,34.25,31.00,80.30,GRAZING
11:52:45.191,-3.38,68.85,16.55,-0.75,0.00,0.00,98,0,0,34.25,31.00,80.80,GRAZING
11:52:45.430,-3.38,68.85,16.55,-0.75,0.00,0.00,98,0,0,34.25,31.00,80.80,GRAZING
11:52:45.714,-3.38,68.85,16.55,-0.75,0.00,0.00,98,0,0,34.25,31.00,80.80,GRAZING
11:52:46.016,-3.38,68.85,16.55,-0.75,0.00,0.00,98,0,0,34.25,31.00,80.80,GRAZING
11:52:46.317,-3.38,68.85,16.55,-0.75,0.00,0.00,98,0,0,34.25,31.00,80.80,GRAZING
11:52:46.564,-3.38,68.85,16.55,-0.75,0.00,0.00,98,0,0,34.25,31.00,80.80,GRAZING
11:52:46.848,-3.38,68.85,16.55,-0.75,0.00,0.00,98,0,0,34.25,31.00,80.80,GRAZING
11:52:47.135,-3.38,68.85,16.55,-0.75,0.00,0.00,98,0,0,34.25,31.00,80.80,GRAZING
11:52:47.443,-3.38,68.85,16.55,-0.75,0.00,0.00,98,0,0,34.25,31.00,80.80,GRAZING
11:52:47.750,-3.38,68.85,16.55,-0.75,0.00,0.00,98,0,0,34.25,31.00,80.80,GRAZING
11:52:47.988,-3.38,68.85,16.55,-0.75,0.00,0.00,98,0,0,34.25,31.00,80.80,GRAZING
11:52:48.271,-3.38,68.85,16.55,-0.75,0.00,0.00,98,0,0,34.25,31.00,80.80,GRAZING
11:52:48.570,-3.38,68.85,16.55,-0.75,0.00,0.00,98,0,0,34.25,31.00,80.80,GRAZING
11:52:48.876,-3.38,68.85,16.55,-0.75,0.00,0.00,98,0,0,34.25,31.00,80.80,GRAZING
11:52:49.121,-3.38,68.85,16.55,-0.75,0.00,0.00,98,0,0,34.25,31.00,80.80,GRAZING
11:52:49.405,-3.38,68.85,16.55,-0.75,0.00,0.00,98,0,0,34.25,31.00,80.80,GRAZING
11:52:49.695,-3.38,68.85,16.55,-0.75,0.00,0.00,98,0,0,34.25,31.00,80.60,GRAZING
11:52:50.003,-3.38,68.85,16.55,-0.75,0.00,0.00,98,0,0,34.25,31.00,80.60,GRAZING
11:52:50.310,-3.38,68.85,16.55,-0.75,0.00,0.00,98,0,0,34.25,31.00,80.60,GRAZING
11:52:50.543,-3.38,68.85,16.55,-0.75,0.00,0.00,98,0,0,34.19,31.00,80.60,GRAZING
11:52:50.828,-3.38,68.85,16.55,-0.75,0.00,0.00,98,0,0,34.19,31.00,80.60,GRAZING
11:52:51.130,-3.38,68.85,16.55,-0.75,0.00,0.00,98,0,0,34.19,31.00,80.60,GRAZING
11:52:51.442,-3.38,68.85,16.55,-0.75,0.00,0.00,98,0,0,34.25,31.00,80.60,GRAZING
11:52:51.751,-3.38,68.85,16.55,-0.75,0.00,0.00,98,0,0,34.25,31.00,80.60,GRAZING
11:52:52.051,-3.38,68.85,16.55,-0.75,0.00,0.00,98,0,0,34.25,31.00,80.80,GRAZING
11:52:52.258,-3.38,68.85,16.55,-0.75,0.00,0.00,98,0,0,34.19,31.00,80.80,GRAZING
11:52:52.564,-3.38,68.85,16.55,-0.75,0.00,0.00,98,0,0,34.19,31.00,80.80,GRAZING
11:52:52.870,-3.38,68.85,16.55,-0.75,0.00,0.00,98,0,0,34.19,31.00,80.80,GRAZING
11:52:53.098,-3.38,68.85,16.55,-0.75,0.00,0.00,98,0,0,34.25,31.00,80.80,GRAZING
11:52:53.484,-3.38,68.85,16.55,-0.75,0.00,0.00,98,0,0,34.25,31.00,80.80,GRAZING
11:52:53.690,-3.38,68.85,16.55,-0.75,0.00,0.00,98,0,0,34.25,31.00,80.80,GRAZING
11:52:53.997,-3.38,68.85,16.55,-0.75,0.00,0.00,98,0,0,34.25,31.00,80.80,GRAZING
11:52:54.237,-3.38,68.85,16.55,-0.75,0.00,0.00,98,0,0,34.25,31.00,80.60,GRAZING
11:52:54.524,-3.38,68.85,16.55,-0.75,0.00,0.00,98,0,0,34.25,31.00,80.60,GRAZING
11:52:54.815,-3.38,68.85,16.55,-0.75,0.00,0.00,98,0,0,34.25,31.00,80.60,GRAZING
11:52:55.124,-3.38,68.85,16.55,-0.75,0.00,0.00,98,0,0,34.25,31.00,80.60,GRAZING
11:52:55.431,-3.38,68.85,16.55,-0.75,0.00,0.00,98,0,0,34.25,31.00,80.60,GRAZING
11:52:55.656,-3.38,68.85,16.55,-0.75,0.00,0.00,98,0,0,34.25,31.00,80.60,GRAZING
11:52:55.941,-3.38,68.85,16.55,-0.75,0.00,0.00,98,0,0,34.25,31.00,80.60,GRAZING
11:52:56.252,-3.38,68.85,16.55,-0.75,0.00,0.00,98,0,0,34.25,31.00,80.60,GRAZING
11:52:56.556,-3.38,68.85,16.55,-0.75,0.00,0.00,98,0,0,34.25,31.00,80.40,GRAZING
11:52:56.798,-3.38,68.85,16.55,-0.75,0.00,0.00,98,0,0,34.25,31.00,80.40,GRAZING
11:52:57.082,-3.38,68.85,16.55,-0.75,0.00,0.00,98,0,0,34.25,31.00,80.40,GRAZING
11:52:57.376,-3.38,68.85,16.55,-0.75,0.00,0.00,98,0,0,34.25,31.00,80.40,GRAZING
11:52:57.683,-3.38,68.85,16.55,-0.75,0.00,0.00,98,0,0,34.25,31.00,80.40,GRAZING
11:52:57.989,-3.38,68.85,16.55,-0.75,0.00,0.00,98,0,0,34.25,31.00,80.40,GRAZING
11:52:58.218,-3.38,68.85,16.55,-0.75,0.00,0.00,98,0,0,34.19,31.00,80.40,GRAZING
11:52:58.502,-3.38,68.85,16.55,-0.75,0.00,0.00,98,0,0,34.19,31.00,80.40,GRAZING
11:52:58.809,-3.38,68.85,16.55,-0.75,0.00,0.00,98,0,0,34.19,31.00,80.40,GRAZING
11:52:59.116,-3.38,68.85,16.55,-0.75,0.00,0.00,98,0,0,34.25,31.00,80.40,GRAZING
11:52:59.357,-3.38,68.85,16.55,-0.75,0.00,0.00,98,0,0,34.25,31.00,80.40,GRAZING
11:52:59.640,-3.38,68.85,16.55,-0.75,0.00,0.00,98,0,0,34.25,31.00,80.40,GRAZING
11:52:59.937,-3.38,68.85,16.55,-0.75,0.00,0.00,98,0,0,34.19,31.00,80.40,GRAZING
11:53:00.244,-3.38,68.85,16.55,-0.75,0.00,0.00,98,0,0,34.19,31.00,80.40,GRAZING
11:53:00.550,-3.38,68.85,16.55,-0.75,0.00,0.00,98,0,0,34.19,31.00,80.40,GRAZING
11:53:00.776,-3.38,68.85,16.55,-0.75,0.00,0.00,98,0,0,34.12,31.00,80.40,GRAZING
11:53:01.067,-3.38,68.85,16.55,-0.75,0.00,0.00,98,0,0,34.12,31.00,80.70,GRAZING
11:53:01.369,-3.38,68.85,16.55,-0.75,0.00,0.00,98,0,0,34.12,31.00,80.70,GRAZING
11:53:01.679,-3.38,68.85,16.55,-0.75,0.00,0.00,98,0,0,34.12,31.00,80.70,GRAZING
11:53:01.919,-3.38,68.85,16.55,-0.75,0.00,0.00,98,0,0,34.12,31.00,80.70,GRAZING
11:53:02.203,-3.38,68.85,16.55,-0.75,0.00,0.00,98,0,0,34.12,31.00,80.70,GRAZING
11:53:02.497,-3.38,68.85,16.55,-0.75,0.00,0.00,98,0,0,34.12,31.00,80.70,GRAZING
11:53:02.803,-3.38,68.85,16.55,-0.75,0.00,0.00,98,0,0,34.12,31.00,80.70,GRAZING
11:53:03.050,-3.38,68.85,16.55,-0.75,0.00,0.00,98,0,0,34.12,31.00,80.70,GRAZING
11:53:03.339,-3.38,68.85,16.55,-0.75,0.00,0.00,98,0,0,34.12,31.00,80.90,GRAZING
11:53:03.623,-3.38,68.85,16.55,-0.75,0.00,0.00,98,0,0,34.12,31.00,80.90,GRAZING
11:53:03.929,-3.38,68.85,16.55,-0.75,0.00,0.00,98,0,0,34.12,31.00,80.90,GRAZING
11:53:04.236,-3.38,68.85,16.55,-0.75,0.00,0.00,98,0,0,34.19,31.00,80.90,GRAZING
11:53:04.474,-3.38,68.85,16.55,-0.75,0.00,0.00,98,0,0,34.19,31.00,80.90,GRAZING
11:53:04.758,-3.38,68.85,16.55,-0.75,0.00,0.00,98,0,0,34.19,31.00,80.90,GRAZING
11:53:05.056,-3.38,68.85,16.55,-0.75,0.00,0.00,98,0,0,34.19,31.00,80.90,GRAZING
11:53:05.363,-3.38,68.85,16.55,-0.75,0.00,0.00,98,0,0,34.19,31.00,80.90,GRAZING
11:53:05.670,-3.38,68.85,16.55,-0.75,0.00,0.00,98,0,0,34.19,31.00,80.70,GRAZING
11:53:05.900,-3.38,68.85,16.55,-0.75,0.00,0.00,98,0,0,34.19,31.00,80.70,GRAZING
11:53:06.184,-3.38,68.85,16.55,-0.75,0.00,0.00,98,0,0,34.19,31.00,80.70,GRAZING
11:53:06.490,-3.38,68.85,16.55,-0.75,0.00,0.00,98,0,0,34.19,31.00,80.70,GRAZING
11:53:06.797,-3.38,68.85,16.55,-0.75,0.00,0.00,98,0,0,34.19,31.00,80.70,GRAZING
11:53:07.033,-3.38,68.85,16.55,-0.75,0.00,0.00,98,0,0,34.19,31.00,80.70,GRAZING
11:53:07.318,-3.38,68.85,16.55,-0.75,0.00,0.00,98,0,0,34.19,31.00,80.70,GRAZING
11:53:07.616,-3.38,68.85,16.55,-0.75,0.00,0.00,98,0,0,34.19,31.00,80.70,GRAZING
11:53:07.923,-3.38,68.85,16.55,-0.75,0.00,0.00,98,0,0,34.19,31.00,80.60,GRAZING
11:53:08.231,-3.38,68.85,16.55,-0.75,0.00,0.00,98,0,0,34.19,31.00,80.60,GRAZING
11:53:08.457,-3.38,68.85,16.55,-0.75,0.00,0.00,98,0,0,34.19,31.00,80.60,GRAZING
11:53:08.741,-3.38,68.85,16.55,-0.75,0.00,0.00,98,0,0,34.19,31.00,80.60,GRAZING
11:53:09.050,-3.38,68.85,16.55,-0.75,0.00,0.00,98,0,0,34.19,31.00,80.60,GRAZING
11:53:09.362,-3.38,68.85,16.55,-0.75,0.00,0.00,98,0,0,34.25,31.00,80.60,GRAZING
11:53:09.878,-3.38,68.85,16.55,-0.75,0.00,0.00,98,0,0,34.25,31.00,80.60,GRAZING
11:53:09.880,-3.38,68.85,16.55,-0.75,0.00,0.00,98,0,0,34.25,31.00,80.60,GRAZING
11:53:10.177,-3.38,68.85,16.55,-0.75,0.00,0.00,98,0,0,34.25,30.90,80.60,GRAZING
11:53:10.483,-3.38,68.85,16.55,-0.75,0.00,0.00,98,0,0,34.25,30.90,80.60,GRAZING
11:53:10.732,-3.38,68.85,16.55,-0.75,0.00,0.00,98,0,0,34.25,30.90,80.60,GRAZING
11:53:11.014,-3.38,68.85,16.55,-0.75,0.00,0.00,98,0,0,34.25,30.90,80.60,GRAZING
11:53:11.301,-3.38,68.85,16.55,-0.75,0.00,0.00,98,0,0,34.25,30.90,80.60,GRAZING
11:53:11.609,-3.38,68.85,16.55,-0.75,0.00,0.00,98,0,0,34.25,30.90,80.60,GRAZING
11:53:11.917,-3.38,68.85,16.55,-0.75,0.00,0.00,98,0,0,34.25,30.90,80.60,GRAZING
11:53:12.148,-3.38,68.85,16.55,-0.75,0.00,0.00,98,0,0,34.25,30.90,80.60,GRAZING
11:53:12.437,-3.38,68.85,16.55,-0.75,0.00,0.00,98,0,0,34.25,30.90,80.10,GRAZING
11:53:12.736,-3.38,68.85,16.55,-0.75,0.00,0.00,98,0,0,34.31,30.90,80.10,GRAZING
11:53:13.042,-3.38,68.85,16.55,-0.75,0.00,0.00,98,0,0,34.31,30.90,80.10,GRAZING
11:53:13.288,-3.38,68.85,16.55,-0.75,0.00,0.00,98,0,0,34.31,30.90,80.10,GRAZING
11:53:13.573,-3.38,68.85,16.55,-0.75,0.00,0.00,98,0,0,34.31,30.90,80.10,GRAZING
11:53:13.862,-3.38,68.85,16.55,-0.75,0.00,0.00,98,0,0,34.31,30.90,80.10,GRAZING
11:53:14.169,-3.38,68.85,16.55,-0.75,0.00,0.00,98,0,0,34.31,30.90,80.10,GRAZING
11:53:14.477,-3.38,68.85,16.55,-0.75,0.00,0.00,98,0,0,34.31,30.90,80.10,GRAZING
11:53:14.712,-3.38,68.85,16.55,-0.75,0.00,0.00,98,0,0,34.31,30.90,79.30,GRAZING
11:53:14.996,-3.38,68.85,16.55,-0.75,0.00,0.00,98,0,0,34.31,30.90,79.30,GRAZING
11:53:15.296,-3.38,68.85,16.55,-0.75,0.00,0.00,98,0,0,34.31,30.90,79.30,GRAZING
11:53:15.603,-3.38,68.85,16.55,-0.75,0.00,0.00,98,0,0,34.31,30.90,79.30,GRAZING
11:53:15.846,-3.38,68.85,16.55,-0.75,0.00,0.00,98,0,0,34.31,30.90,79.30,GRAZING
11:53:16.130,-3.38,68.85,16.55,-0.75,0.00,0.00,98,0,0,34.31,30.90,79.30,GRAZING
11:53:16.428,-3.38,68.85,16.55,-0.75,0.00,0.00,98,0,0,34.31,30.90,79.30,GRAZING
11:53:16.732,-3.38,68.85,16.55,-0.75,0.00,0.00,98,0,0,34.31,30.90,79.30,GRAZING
11:53:17.036,-3.38,68.85,16.55,-0.75,0.00,0.00,98,0,0,34.31,30.80,79.20,GRAZING
11:53:17.271,0.00,68.85,16.55,-0.75,0.00,0.00,98,0,0,34.31,30.80,79.20,GRAZING
11:53:17.556,-3.38,68.85,16.55,-0.75,0.00,0.00,98,0,0,34.31,30.80,79.20,GRAZING
11:53:17.855,-3.38,68.85,16.55,-0.75,0.00,0.00,98,0,0,34.31,30.80,79.20,GRAZING
11:53:18.164,-3.38,68.85,16.55,-0.75,0.00,0.00,98,0,0,34.31,30.80,79.20,GRAZING
11:53:18.405,-3.38,68.85,16.55,-0.75,0.00,0.00,98,0,0,34.31,30.80,79.20,GRAZING
11:53:18.689,-3.38,68.85,16.55,-0.75,0.00,0.00,98,0,0,34.38,30.80,79.20,GRAZING
11:53:18.984,-3.38,68.85,16.55,-0.75,0.00,0.00,98,0,0,34.38,30.80,79.20,GRAZING
11:53:19.290,-3.38,68.85,16.55,-0.75,0.00,0.00,98,0,0,34.38,30.80,79.40,GRAZING
11:53:19.598,-3.38,68.85,16.55,-0.75,0.00,0.00,98,0,0,34.31,30.80,79.40,GRAZING
11:53:19.827,-3.38,68.85,16.55,-0.75,0.00,0.00,98,0,0,34.31,30.80,79.40,GRAZING
11:53:20.111,-3.38,68.85,16.55,-0.75,0.00,0.00,98,0,0,34.31,30.80,79.40,GRAZING
11:53:20.416,-3.38,68.85,16.55,-0.75,0.00,0.00,98,0,0,34.38,30.80,79.40,GRAZING
11:53:20.723,-3.38,68.85,16.55,-0.75,0.00,0.00,98,0,0,34.38,30.80,79.40,GRAZING
11:53:20.961,-3.38,68.85,16.55,-0.75,0.00,0.00,98,0,0,34.38,30.80,79.40,GRAZING
11:53:21.246,-3.38,68.85,16.55,-0.75,0.00,0.00,98,0,0,34.38,30.80,79.40,GRAZING
11:53:21.681,-3.38,68.85,16.55,-0.75,0.00,0.00,98,0,0,34.38,30.80,79.20,GRAZING
11:53:21.965,-3.38,68.85,16.55,-0.75,0.00,0.00,98,0,0,34.38,30.80,79.20,GRAZING
11:53:22.158,-3.38,68.85,16.55,-0.75,0.00,0.00,98,0,0,34.31,30.80,79.20,GRAZING
11:53:22.385,-3.38,68.85,16.55,-0.75,0.00,0.00,98,0,0,34.31,30.80,79.20,GRAZING
11:53:22.669,-3.38,68.85,16.55,-0.75,0.00,0.00,98,0,0,34.31,30.80,79.20,GRAZING
11:53:22.976,-3.38,68.85,16.55,-0.75,0.00,0.00,98,0,0,34.38,30.80,79.20,GRAZING
11:53:23.282,-3.38,68.85,16.55,-0.75,0.00,0.00,98,0,0,34.38,30.80,79.20,GRAZING
11:53:23.724,-3.38,68.85,16.55,-0.75,0.00,0.00,98,0,0,34.38,30.80,79.20,GRAZING
11:53:23.902,-3.38,68.85,16.55,-0.75,0.00,0.00,98,0,0,34.38,30.80,79.10,GRAZING
11:53:24.122,-3.38,68.85,16.55,-0.75,0.00,0.00,98,0,0,34.38,30.80,79.10,GRAZING
11:53:24.512,-3.38,68.85,16.55,-0.75,0.00,0.00,98,0,0,34.38,30.80,79.10,GRAZING
11:53:24.717,-3.38,68.85,16.55,-0.75,0.00,0.00,98,0,0,34.38,30.80,79.10,GRAZING
11:53:24.947,-3.38,68.85,16.55,-0.75,0.00,0.00,98,0,0,34.38,30.80,79.10,GRAZING
11:53:25.346,-3.38,68.85,16.55,-0.75,0.00,0.00,98,0,0,34.38,30.80,79.10,GRAZING
11:53:25.646,-3.38,68.85,16.55,-0.75,0.00,0.00,98,0,0,34.38,30.80,79.10,GRAZING
11:53:25.844,-3.38,68.85,16.55,-0.75,0.00,0.00,98,0,0,34.38,30.80,79.10,GRAZING
11:53:26.088,-3.38,68.85,16.55,-0.75,0.00,0.00,98,0,0,34.38,30.80,79.30,GRAZING
11:53:26.372,-3.38,68.85,16.55,-0.75,0.00,0.00,98,0,0,34.44,30.80,79.30,GRAZING
11:53:26.662,-3.38,68.85,16.55,-0.75,0.00,0.00,98,0,0,34.44,30.80,79.30,GRAZING
11:53:26.969,-3.38,68.85,16.55,-0.75,0.00,0.00,98,0,0,34.44,30.80,79.30,GRAZING
11:53:27.276,-3.38,68.85,16.55,-0.75,0.00,0.00,98,0,0,34.38,30.80,79.30,GRAZING
11:53:27.506,-3.38,68.85,16.55,-0.75,0.00,0.00,98,0,0,34.38,30.80,79.30,GRAZING
11:53:27.790,-3.38,68.85,16.55,-0.75,0.00,0.00,98,0,0,34.38,30.80,79.30,GRAZING
11:53:28.095,-3.38,68.85,16.55,-0.75,0.00,0.00,98,0,0,34.44,30.80,79.30,GRAZING
11:53:28.403,-3.38,68.85,16.55,-0.75,0.00,0.00,98,0,0,34.44,30.80,79.60,GRAZING
11:53:28.645,-3.38,68.85,16.55,-0.75,0.00,0.00,98,0,0,34.44,30.80,79.60,GRAZING
11:53:28.930,-3.38,68.85,16.55,-0.75,0.00,0.00,98,0,0,34.44,30.80,79.60,GRAZING
11:53:29.222,-3.38,68.85,16.55,-0.75,0.00,0.00,98,0,0,34.44,30.80,79.60,GRAZING
11:53:29.529,-3.38,68.85,16.55,-0.75,0.00,0.00,98,0,0,34.44,30.80,79.60,GRAZING
11:53:29.837,-3.38,68.85,16.55,-0.75,0.00,0.00,98,0,0,34.44,30.80,79.60,GRAZING
11:53:30.064,-3.38,68.85,16.55,-0.75,0.00,0.00,98,0,0,34.44,30.80,79.60,GRAZING
11:53:30.348,-3.38,68.85,16.55,-0.75,0.00,0.00,98,0,0,34.44,30.80,79.60,GRAZING
11:53:30.657,-3.38,68.85,16.55,-0.75,0.00,0.00,98,0,0,34.44,30.80,79.90,GRAZING
11:53:30.964,-3.38,68.85,16.55,-0.75,0.00,0.00,98,0,0,34.44,30.80,79.90,GRAZING
11:53:31.203,-3.38,68.85,16.55,-0.75,0.00,0.00,98,0,0,34.44,30.80,79.90,GRAZING
11:53:31.487,-3.38,68.85,16.55,-0.75,0.00,0.00,98,0,0,34.44,30.80,79.90,GRAZING
11:53:31.783,-3.38,68.85,16.55,-0.75,0.00,0.00,98,0,0,34.44,30.80,79.90,GRAZING
11:53:32.093,-3.38,68.85,16.55,-0.75,0.00,0.00,98,0,0,34.44,30.80,79.90,GRAZING
11:53:32.396,-3.38,68.85,16.55,-0.75,0.00,0.00,98,0,0,34.44,30.80,79.90,GRAZING
11:53:32.720,-3.38,68.85,16.55,-0.75,0.00,0.00,98,0,0,34.44,30.80,79.90,GRAZING
11:53:32.914,-3.38,68.85,16.55,-0.75,0.00,0.00,98,0,0,34.44,30.80,80.10,GRAZING
11:53:33.215,-3.38,68.85,16.55,-0.75,0.00,0.00,98,0,0,34.50,30.80,80.10,GRAZING
11:53:33.525,-3.38,68.85,16.55,-0.75,0.00,0.00,98,0,0,34.50,30.80,80.10,GRAZING
11:53:33.764,-3.38,68.85,16.55,-0.75,0.00,0.00,98,0,0,34.50,30.80,80.10,GRAZING
11:53:34.048,-3.38,68.85,16.55,-0.75,0.00,0.00,98,0,0,34.50,30.80,80.10,GRAZING
11:53:34.343,-3.38,68.85,16.55,-0.75,0.00,0.00,98,0,0,34.50,30.80,80.10,GRAZING
11:53:34.649,-3.38,68.85,16.55,-0.75,0.00,0.00,98,0,0,34.50,30.80,80.10,GRAZING
11:53:34.957,-3.38,68.85,16.55,-0.75,0.00,0.00,98,0,0,34.50,30.80,80.10,GRAZING
11:53:35.186,-3.38,68.85,16.55,-0.75,0.00,0.00,98,0,0,34.50,30.80,80.20,GRAZING
11:53:35.470,-3.38,68.85,16.55,-0.75,0.00,0.00,98,0,0,34.50,30.80,80.20,GRAZING
11:53:35.776,-3.38,68.85,16.55,-0.75,0.00,0.00,98,0,0,34.50,30.80,80.20,GRAZING
11:53:36.083,-3.38,68.85,16.55,-0.75,0.00,0.00,98,0,0,34.50,30.80,80.20,GRAZING
11:53:36.320,-3.38,68.85,16.55,-0.75,0.00,0.00,98,0,0,34.50,30.80,80.20,GRAZING
11:53:36.605,-3.38,68.85,16.55,-0.75,0.00,0.00,98,0,0,34.50,30.80,80.20,GRAZING
11:53:36.902,-3.38,68.85,16.55,-0.75,0.00,0.00,98,0,0,34.50,30.80,80.20,GRAZING
11:53:37.209,-3.38,68.85,16.55,-0.75,0.00,0.00,98,0,0,34.50,30.80,80.20,GRAZING
11:53:37.516,-3.38,68.85,16.55,-0.75,0.00,0.00,98,0,0,34.56,30.80,80.30,GRAZING
11:53:37.743,-3.38,68.85,16.55,-0.75,0.00,0.00,98,0,0,34.56,30.80,80.30,GRAZING
11:53:38.027,-3.38,68.85,16.55,-0.75,0.00,0.00,98,0,0,34.56,30.80,80.30,GRAZING
11:53:38.335,-3.38,68.85,16.55,-0.75,0.00,0.00,98,0,0,34.56,30.80,80.30,GRAZING
11:53:38.642,-3.38,68.85,16.55,-0.75,0.00,0.00,98,0,0,34.56,30.80,80.30,GRAZING
11:53:38.877,-3.38,68.85,16.55,-0.75,0.00,0.00,98,0,0,34.56,30.80,80.30,GRAZING
11:53:39.162,-3.38,68.85,16.55,-0.75,0.00,0.00,98,0,0,34.56,30.80,80.30,GRAZING
11:53:39.464,-3.38,68.85,16.55,-0.75,0.00,0.00,98,0,0,34.56,30.80,80.30,GRAZING
11:53:39.769,-3.38,68.85,16.55,-0.75,0.00,0.00,98,0,0,34.56,30.80,81.00,GRAZING
11:53:40.015,-3.38,68.85,16.55,-0.75,0.00,0.00,98,0,0,34.56,30.80,81.00,GRAZING
11:53:40.300,-3.38,68.85,16.55,-0.75,0.00,0.00,98,0,0,34.56,30.80,81.00,GRAZING
11:53:40.589,-3.38,68.85,16.55,-0.75,0.00,0.00,98,0,0,34.56,30.80,81.00,GRAZING
11:53:40.895,-3.38,68.85,16.55,-0.75,0.00,0.00,98,0,0,34.56,30.80,81.00,GRAZING
11:53:41.305,-3.38,68.85,16.55,-0.75,0.00,0.00,98,0,0,34.56,30.80,81.00,GRAZING
11:53:41.436,-3.38,68.85,16.55,-0.75,0.00,0.00,98,0,0,34.56,30.80,81.00,GRAZING
11:53:41.721,-3.38,68.85,16.55,-0.75,0.00,0.00,98,0,0,34.56,30.80,81.00,GRAZING
11:53:42.022,-3.38,68.85,16.55,-0.75,0.00,0.00,98,0,0,34.56,30.80,81.00,GRAZING
11:53:42.329,-3.38,68.85,16.55,-0.75,0.00,0.00,98,0,0,34.56,30.80,81.00,GRAZING
11:53:42.748,-3.38,68.85,16.55,-0.75,0.00,0.00,98,0,0,34.56,30.80,81.00,GRAZING
11:53:42.972,-3.38,68.85,16.55,-0.75,0.00,0.00,98,0,0,34.56,30.80,81.00,GRAZING
11:53:43.262,-3.38,68.85,16.55,-0.75,0.00,0.00,98,0,0,34.56,30.80,81.00,GRAZING
11:53:43.569,-3.38,68.85,16.55,-0.75,0.00,0.00,98,0,0,34.62,30.80,81.00,GRAZING
11:53:43.765,-3.38,68.85,16.55,-0.75,0.00,0.00,98,0,0,34.62,30.80,81.00,GRAZING
11:53:43.996,-3.38,68.85,16.55,-0.75,0.00,0.00,98,0,0,34.62,30.80,81.00,GRAZING
11:53:44.285,-3.38,68.85,16.55,-0.75,0.00,0.00,98,0,0,34.62,30.80,81.00,GRAZING
11:53:44.583,-3.38,68.85,16.55,-0.75,0.00,0.00,98,0,0,34.62,30.80,81.00,GRAZING
11:53:44.889,-3.38,68.85,16.55,-0.75,0.00,0.00,98,0,0,34.62,30.80,81.00,GRAZING
11:53:45.135,-3.38,68.85,16.55,-0.75,0.00,0.00,98,0,0,34.62,30.80,81.00,GRAZING
11:53:45.509,-3.38,68.85,16.55,-0.75,0.00,0.00,98,0,0,34.62,30.80,81.00,GRAZING
11:53:45.817,-3.38,68.85,16.55,-0.75,0.00,0.00,98,0,0,34.62,30.80,81.00,GRAZING
11:53:46.123,-3.38,68.85,16.55,-0.75,0.00,0.00,98,0,0,34.62,30.80,81.00,GRAZING
11:53:46.439,-3.38,68.85,16.55,-0.75,0.00,0.00,98,0,0,34.62,30.80,81.00,GRAZING
11:53:46.647,-3.38,68.85,16.55,-0.75,0.00,0.00,98,0,0,34.62,30.70,81.10,GRAZING
11:53:46.859,-3.38,68.85,16.55,-0.75,0.00,0.00,98,0,0,34.62,30.70,81.10,GRAZING
11:53:47.143,-3.38,68.85,16.55,-0.75,0.00,0.00,98,0,0,34.62,30.70,81.10,GRAZING
11:53:47.485,-3.38,68.85,16.55,-0.75,0.00,0.00,98,0,0,34.62,30.70,81.10,GRAZING
11:53:47.771,-3.38,68.85,16.55,-0.75,0.00,0.00,98,0,0,34.62,30.70,81.10,GRAZING
11:53:47.980,-3.38,68.85,16.55,-0.75,0.00,0.00,98,0,0,34.62,30.70,81.10,GRAZING
11:53:48.268,-3.38,68.85,16.55,-0.75,0.00,0.00,98,0,0,34.62,30.70,81.10,GRAZING
11:53:48.581,-3.38,68.85,16.55,-0.75,0.00,0.00,98,0,0,34.62,30.70,81.10,GRAZING
11:53:48.885,-3.38,68.85,16.55,-0.75,0.00,0.00,98,0,0,34.62,30.70,80.40,GRAZING
11:53:49.120,-3.38,68.85,16.55,-0.75,0.00,0.00,98,0,0,34.62,30.70,80.40,GRAZING
11:53:49.410,-3.38,68.85,16.55,-0.75,0.00,0.00,98,0,0,34.62,30.70,80.40,GRAZING
11:53:49.701,-3.38,68.85,16.55,-0.75,0.00,0.00,98,0,0,34.62,30.70,80.40,GRAZING
11:53:50.122,-3.38,68.85,16.55,-0.75,0.00,0.00,98,0,0,34.62,30.70,80.40,GRAZING
11:53:50.253,-3.38,68.85,16.55,-0.75,0.00,0.00,98,0,0,34.62,30.70,80.40,GRAZING
11:53:50.537,-3.38,68.85,16.55,-0.75,0.00,0.00,98,0,0,34.62,30.70,80.40,GRAZING
11:53:50.948,-3.38,68.85,16.55,-0.75,0.00,0.00,98,0,0,34.62,30.70,80.40,GRAZING
11:53:51.140,-3.38,68.85,16.55,-0.75,0.00,0.00,98,0,0,34.69,30.60,80.00,GRAZING
11:53:51.548,-3.38,68.85,16.55,-0.75,0.00,0.00,98,0,0,34.69,30.60,80.00,GRAZING
11:53:51.678,-3.38,68.85,16.55,-0.75,0.00,0.00,98,0,0,34.69,30.60,80.00,GRAZING
11:53:52.067,-3.38,68.85,16.55,-0.75,0.00,0.00,98,0,0,34.62,30.60,80.00,GRAZING
11:53:53.096,-3.38,68.85,16.55,-0.75,0.00,0.00,98,0,0,34.62,30.60,80.00,GRAZING
11:53:53.099,-3.38,68.85,16.55,-0.75,0.00,0.00,98,0,0,34.62,30.60,80.00,GRAZING
11:53:53.101,-3.38,68.85,16.55,-0.75,0.00,0.00,98,0,0,34.62,30.60,80.00,GRAZING
11:53:53.388,-3.38,68.85,16.55,-0.75,0.00,0.00,98,0,0,34.62,30.60,79.60,GRAZING
11:53:53.696,-3.38,68.85,16.55,-0.75,0.00,0.00,98,0,0,34.62,30.60,79.60,GRAZING
11:53:54.003,-3.38,68.85,16.55,-0.75,0.00,0.00,98,0,0,34.62,30.60,79.60,GRAZING
11:53:54.234,-3.38,68.85,16.55,-0.75,0.00,0.00,98,0,0,34.62,30.60,79.60,GRAZING
11:53:54.518,-3.38,68.85,16.55,-0.75,0.00,0.00,98,0,0,34.62,30.60,79.60,GRAZING
11:53:54.819,-3.38,68.85,16.55,-0.75,0.00,0.00,98,0,0,34.62,30.60,79.60,GRAZING
11:53:55.129,-3.38,68.85,16.55,-0.75,0.00,0.00,98,0,0,34.62,30.60,79.60,GRAZING
11:53:55.368,-3.38,68.85,16.55,-0.75,0.00,0.00,98,0,0,34.62,30.60,79.60,GRAZING
11:53:55.659,-3.38,68.85,16.55,-0.75,0.00,0.00,98,0,0,34.62,30.50,79.90,GRAZING
11:53:55.949,-3.38,68.85,16.55,-0.75,0.00,0.00,98,0,0,34.62,30.50,79.90,GRAZING
11:53:56.255,-3.38,68.85,16.55,-0.75,0.00,0.00,98,0,0,34.62,30.50,79.90,GRAZING
11:53:56.563,-3.38,68.85,16.55,-0.75,0.00,0.00,98,0,0,34.62,30.50,79.90,GRAZING
11:53:56.792,-3.38,68.85,16.55,-0.75,0.00,0.00,98,0,0,34.62,30.50,79.90,GRAZING
11:53:57.076,-3.38,68.85,16.55,-0.75,0.00,0.00,98,0,0,34.69,30.50,79.90,GRAZING
11:53:57.382,-3.38,68.85,16.55,-0.75,0.00,0.00,98,0,0,34.69,30.50,79.90,GRAZING
11:53:57.690,-3.38,68.85,16.55,-0.75,0.00,0.00,98,0,0,34.69,30.50,79.90,GRAZING
11:53:57.930,-3.38,68.85,16.55,-0.75,0.00,0.00,98,0,0,34.69,30.60,80.10,GRAZING
11:53:58.213,-3.38,68.85,16.55,-0.75,0.00,0.00,98,0,0,34.69,30.60,80.10,GRAZING
11:53:58.508,-3.38,68.85,16.55,-0.75,0.00,0.00,98,0,0,34.69,30.60,80.10,GRAZING
11:53:58.815,-3.38,68.85,16.55,-0.75,0.00,0.00,98,0,0,34.69,30.60,80.10,GRAZING
11:53:59.063,-3.38,68.85,16.55,-0.75,0.00,0.00,98,0,0,34.69,30.60,80.10,GRAZING
11:53:59.347,-3.38,68.85,16.55,-0.75,0.00,0.00,98,0,0,34.69,30.60,80.10,GRAZING
11:53:59.635,-3.38,68.85,16.55,-0.75,0.00,0.00,98,0,0,34.69,30.60,80.10,GRAZING
11:53:59.942,-3.38,68.85,16.55,-0.75,0.00,0.00,98,0,0,34.69,30.60,80.10,GRAZING
11:54:00.249,-3.38,68.85,16.55,-0.75,0.00,0.00,98,0,0,34.69,30.60,80.20,GRAZING
11:54:00.486,-3.38,68.85,16.55,-0.75,0.00,0.00,98,0,0,34.69,30.60,80.20,GRAZING
11:54:00.769,-3.38,68.85,16.55,-0.75,0.00,0.00,98,0,0,34.69,30.60,80.20,GRAZING
11:54:01.068,-3.38,68.85,16.55,-0.75,0.00,0.00,98,0,0,34.69,30.60,80.20,GRAZING
11:54:01.376,-3.38,68.85,16.55,-0.75,0.00,0.00,98,0,0,34.75,30.60,80.20,GRAZING
11:54:01.618,-3.38,68.85,16.55,-0.75,0.00,0.00,98,0,0,34.75,30.60,80.20,GRAZING
11:54:01.901,-3.38,68.85,16.55,-0.75,0.00,0.00,98,0,0,34.75,30.60,80.20,GRAZING
11:54:02.194,-3.38,68.85,16.55,-0.75,0.00,0.00,98,0,0,34.75,30.60,80.20,GRAZING
11:54:02.502,-3.38,68.85,16.55,-0.75,0.00,0.00,98,0,0,34.75,30.50,80.40,GRAZING
11:54:02.808,-3.38,68.85,16.55,-0.75,0.00,0.00,98,0,0,34.75,30.50,80.40,GRAZING
11:54:03.039,-3.38,68.85,16.55,-0.75,0.00,0.00,98,0,0,34.75,30.50,80.40,GRAZING
11:54:03.324,-3.38,68.85,16.55,-0.75,0.00,0.00,98,0,0,34.75,30.50,80.40,GRAZING
11:54:03.628,-3.38,68.85,16.55,-0.75,0.00,0.00,98,0,0,34.75,30.50,80.40,GRAZING
11:54:03.936,-3.38,68.85,16.55,-0.75,0.00,0.00,98,0,0,34.75,30.50,80.40,GRAZING
11:54:04.175,-3.38,68.85,16.55,-0.75,0.00,0.00,98,0,0,34.75,30.50,80.40,GRAZING
11:54:04.458,-3.38,68.85,16.55,-0.75,0.00,0.00,98,0,0,34.75,30.50,80.40,GRAZING
11:54:04.756,-3.38,68.85,16.55,-0.75,0.00,0.00,98,0,0,34.75,30.50,80.50,GRAZING
11:54:05.062,-3.38,68.85,16.55,-0.75,0.00,0.00,98,0,0,34.75,30.50,80.50,GRAZING
11:54:05.370,-3.38,68.85,16.55,-0.75,0.00,0.00,98,0,0,34.75,30.50,80.50,GRAZING
11:54:05.598,-3.38,68.85,16.55,-0.75,0.00,0.00,98,0,0,34.75,30.50,80.50,GRAZING
11:54:05.881,-3.38,68.85,16.55,-0.75,0.00,0.00,98,0,0,34.75,30.50,80.50,GRAZING
11:54:06.189,-3.38,68.85,16.55,-0.75,0.00,0.00,98,0,0,34.75,30.50,80.50,GRAZING
11:54:06.495,-3.38,68.85,16.55,-0.75,0.00,0.00,98,0,0,34.75,30.50,80.50,GRAZING
11:54:06.731,-3.38,68.85,16.55,-0.75,0.00,0.00,98,0,0,34.75,30.50,80.50,GRAZING
11:54:07.020,-3.38,68.85,16.55,-0.75,0.00,0.00,98,0,0,34.75,30.50,80.70,GRAZING
11:54:07.315,-3.38,68.85,16.55,-0.75,0.00,0.00,98,0,0,34.75,30.50,80.70,GRAZING
11:54:07.622,-3.38,68.85,16.55,-0.75,0.00,0.00,98,0,0,34.75,30.50,80.70,GRAZING
11:54:07.870,-3.38,68.85,16.55,-0.75,0.00,0.00,98,0,0,34.75,30.50,80.70,GRAZING
11:54:08.153,-3.38,68.85,16.55,-0.75,0.00,0.00,98,0,0,34.75,30.50,80.70,GRAZING
11:54:08.441,-3.38,68.85,16.55,-0.75,0.00,0.00,98,0,0,34.75,30.50,80.70,GRAZING
11:54:08.748,-3.38,68.85,16.55,-0.75,0.00,0.00,98,0,0,34.75,30.50,80.70,GRAZING
11:54:09.056,-3.38,68.85,16.55,-0.75,0.00,0.00,98,0,0,34.75,30.50,80.70,GRAZING
11:54:09.291,-3.38,68.85,16.55,-0.75,0.00,0.00,98,0,0,34.75,30.50,80.70,GRAZING
11:54:09.575,-3.38,68.85,16.55,-0.75,0.00,0.00,98,0,0,34.75,30.50,80.70,GRAZING
11:54:09.875,-3.38,68.85,16.55,-0.75,0.00,0.00,98,0,0,34.75,30.50,80.70,GRAZING
11:54:10.183,-3.38,68.85,16.55,-0.75,0.00,0.00,98,0,0,34.75,30.50,80.70,GRAZING
11:54:10.424,-3.38,68.85,16.55,-0.75,0.00,0.00,98,0,0,34.75,30.50,80.70,GRAZING
11:54:10.709,-3.38,68.85,16.55,-0.75,0.00,0.00,98,0,0,34.75,30.50,80.70,GRAZING
11:54:11.001,-3.38,68.85,16.55,-0.75,0.00,0.00,98,0,0,34.75,30.50,80.70,GRAZING
11:54:11.310,-3.38,68.85,16.55,-0.75,0.00,0.00,98,0,0,34.75,30.50,80.70,GRAZING
11:54:11.615,-3.38,68.85,16.55,-0.75,0.00,0.00,98,0,0,34.81,30.60,80.70,GRAZING
11:54:11.847,-3.38,68.85,16.55,-0.75,0.00,0.00,98,0,0,34.81,30.60,80.70,GRAZING
11:54:12.130,-3.38,68.85,16.55,-0.75,0.00,0.00,98,0,0,34.81,30.60,80.70,GRAZING
11:54:12.435,-3.38,68.85,16.55,-0.75,0.00,0.00,98,0,0,34.75,30.60,80.70,GRAZING
11:54:12.742,-3.38,68.85,16.55,-0.75,0.00,0.00,98,0,0,34.75,30.60,80.70,GRAZING
11:54:12.981,-3.38,68.85,16.55,-0.75,0.00,0.00,98,0,0,34.75,30.60,80.70,GRAZING
11:54:13.264,-3.38,68.85,16.55,-0.75,0.00,0.00,98,0,0,34.75,30.60,80.70,GRAZING
11:54:13.561,-3.38,68.85,16.55,-0.75,0.00,0.00,98,0,0,34.75,30.60,80.70,GRAZING
11:54:13.868,-3.38,68.85,16.55,-0.75,0.00,0.00,98,0,0,34.75,30.60,80.70,GRAZING
11:54:14.176,-3.38,68.85,16.55,-0.75,0.00,0.00,98,0,0,34.75,30.60,80.70,GRAZING
11:54:14.404,-3.38,68.85,16.55,-0.75,0.00,0.00,98,0,0,34.75,30.60,80.70,GRAZING
11:54:14.690,-3.38,68.85,16.55,-0.75,0.00,0.00,98,0,0,34.75,30.60,80.70,GRAZING
11:54:14.995,-3.38,68.85,16.55,-0.75,0.00,0.00,98,0,0,34.81,30.60,80.70,GRAZING
11:54:15.302,-3.38,68.85,16.55,-0.75,0.00,0.00,98,0,0,34.81,30.60,80.70,GRAZING
11:54:15.539,-3.38,68.85,16.55,-0.75,0.00,0.00,98,0,0,34.81,30.60,80.70,GRAZING
11:54:15.823,-3.38,68.85,16.55,-0.75,0.00,0.00,98,0,0,34.81,30.60,80.70,GRAZING
11:54:16.121,-3.38,68.85,16.55,-0.75,0.00,0.00,98,0,0,34.81,30.60,80.80,GRAZING
11:54:16.429,-3.38,68.85,16.55,-0.75,0.00,0.00,98,0,0,34.81,30.60,80.80,GRAZING
11:54:17.248,-3.38,68.85,16.55,-0.75,0.00,0.00,98,0,0,34.81,30.60,80.80,GRAZING
11:54:17.250,-3.38,68.85,16.55,-0.75,0.00,0.00,98,0,0,34.81,30.60,80.80,GRAZING
11:54:17.555,-3.38,68.85,16.55,-0.75,0.00,0.00,98,0,0,34.81,30.60,80.80,GRAZING
11:54:17.862,-3.38,68.85,16.55,-0.75,0.00,0.00,98,0,0,34.81,30.60,80.80,GRAZING
11:54:18.095,-3.38,68.85,16.55,-0.75,0.00,0.00,98,0,0,34.81,30.60,80.80,GRAZING
11:54:18.384,-3.38,68.85,16.55,-0.75,0.00,0.00,98,0,0,34.88,30.50,80.60,GRAZING
11:54:18.681,-3.38,68.85,16.55,-0.75,0.00,0.00,98,0,0,34.88,30.50,80.60,GRAZING
11:54:18.988,-3.38,68.85,16.55,-0.75,0.00,0.00,98,0,0,34.88,30.50,80.60,GRAZING
11:54:19.234,-3.38,68.85,16.55,-0.75,0.00,0.00,98,0,0,34.81,30.50,80.60,GRAZING
11:54:19.518,-3.38,68.85,16.55,-0.75,0.00,0.00,98,0,0,34.81,30.50,80.60,GRAZING
11:54:19.807,-3.38,68.85,16.55,-0.75,0.00,0.00,98,0,0,34.81,30.50,80.60,GRAZING
11:54:20.115,-3.38,68.85,16.55,-0.75,0.00,0.00,98,0,0,34.88,30.50,80.60,GRAZING
11:54:20.422,-3.38,68.85,16.55,-0.75,0.00,0.00,98,0,0,34.88,30.50,80.60,GRAZING
11:54:20.657,-3.38,68.85,16.55,-0.75,0.00,0.00,98,0,0,34.88,30.50,80.60,GRAZING
11:54:20.940,-3.38,68.85,16.55,-0.75,0.00,0.00,98,0,0,34.81,30.50,80.60,GRAZING
11:54:21.242,-3.38,68.85,16.55,-0.75,0.00,0.00,98,0,0,34.81,30.50,80.60,GRAZING
11:54:21.550,-3.38,68.85,16.55,-0.75,0.00,0.00,98,0,0,34.81,30.50,80.60,GRAZING
11:54:21.789,-3.38,68.85,16.55,-0.75,0.00,0.00,98,0,0,34.81,30.50,80.60,GRAZING
11:54:22.074,-3.38,68.85,16.55,-0.75,0.00,0.00,98,0,0,34.81,30.50,80.60,GRAZING
11:54:22.368,-3.38,68.85,16.55,-0.75,0.00,0.00,98,0,0,34.81,30.50,80.60,GRAZING
11:54:22.675,-3.38,68.85,16.55,-0.75,0.00,0.00,98,0,0,34.81,30.50,80.60,GRAZING
11:54:22.982,-3.38,68.85,16.55,-0.75,0.00,0.00,98,0,0,34.81,30.50,80.00,GRAZING
11:54:23.213,-3.38,68.85,16.55,-0.75,0.00,0.00,98,0,0,34.81,30.50,80.00,GRAZING
11:54:23.497,-3.38,68.85,16.55,-0.75,0.00,0.00,98,0,0,34.88,30.50,80.00,GRAZING
11:54:23.801,-3.38,68.85,16.55,-0.75,0.00,0.00,98,0,0,34.88,30.50,80.00,GRAZING
11:54:24.108,-3.38,68.85,16.55,-0.75,0.00,0.00,98,0,0,34.88,30.50,80.00,GRAZING
11:54:24.349,-3.38,68.85,16.55,-0.75,0.00,0.00,98,0,0,34.88,30.50,80.00,GRAZING
11:54:24.633,-3.38,68.85,16.55,-0.75,0.00,0.00,98,0,0,34.88,30.50,80.00,GRAZING
11:54:24.928,-3.38,68.85,16.55,-0.75,0.00,0.00,98,0,0,34.88,30.50,80.00,GRAZING
11:54:25.235,-3.38,68.85,16.55,-0.75,0.00,0.00,98,0,0,34.88,30.50,79.70,GRAZING
11:54:25.543,-3.38,68.85,16.55,-0.75,0.00,0.00,98,0,0,34.88,30.50,79.70,GRAZING
11:54:25.773,-3.38,68.85,16.55,-0.75,0.00,0.00,98,0,0,34.88,30.50,79.70,GRAZING
11:54:26.058,-3.38,68.85,16.55,-0.75,0.00,0.00,98,0,0,34.88,30.50,79.70,GRAZING
11:54:26.361,-3.38,68.85,16.55,-0.75,0.00,0.00,98,0,0,34.88,30.50,79.70,GRAZING
11:54:26.669,-3.38,68.85,16.55,-0.75,0.00,0.00,98,0,0,34.88,30.50,79.70,GRAZING
11:54:26.908,-3.38,68.85,16.55,-0.75,0.00,0.00,98,0,0,34.88,30.50,79.70,GRAZING
11:54:27.193,-3.38,68.85,16.55,-0.75,0.00,0.00,98,0,0,34.88,30.50,79.70,GRAZING
11:54:27.488,-3.38,68.85,16.55,-0.75,0.00,0.00,98,0,0,34.88,30.40,79.70,GRAZING
11:54:27.795,-3.38,68.85,16.55,-0.75,0.00,0.00,98,0,0,34.88,30.40,79.70,GRAZING
11:54:28.103,-3.38,68.85,16.55,-0.75,0.00,0.00,98,0,0,34.88,30.40,79.70,GRAZING
11:54:28.332,-3.38,68.85,16.55,-0.75,0.00,0.00,98,0,0,34.88,30.40,79.70,GRAZING
11:54:28.617,-3.38,68.85,16.55,-0.75,0.00,0.00,98,0,0,34.88,30.40,79.70,GRAZING
11:54:28.921,-3.38,68.85,16.55,-0.75,0.00,0.00,98,0,0,34.88,30.40,79.70,GRAZING
11:54:29.229,-3.38,68.85,16.55,-0.75,0.00,0.00,98,0,0,34.88,30.40,79.70,GRAZING
11:54:29.469,-3.38,68.85,16.55,-0.75,0.00,0.00,98,0,0,34.88,30.40,79.70,GRAZING
11:54:29.758,-3.38,68.85,16.55,-0.75,0.00,0.00,98,0,0,34.88,30.40,79.90,GRAZING
11:54:30.047,-3.38,68.85,16.55,-0.75,0.00,0.00,98,0,0,34.88,30.40,79.90,GRAZING
11:54:30.355,-3.38,68.85,16.55,-0.75,0.00,0.00,98,0,0,34.88,30.40,79.90,GRAZING
11:54:30.662,-3.38,68.85,16.55,-0.75,0.00,0.00,98,0,0,34.88,30.40,79.90,GRAZING
11:54:30.893,-3.38,68.85,16.55,-0.75,0.00,0.00,98,0,0,34.88,30.40,79.90,GRAZING
11:54:31.177,-3.38,68.85,16.55,-0.75,0.00,0.00,98,0,0,34.81,30.40,79.90,GRAZING
11:54:31.482,-3.38,68.85,16.55,-0.75,0.00,0.00,98,0,0,34.81,30.40,79.90,GRAZING
11:54:31.788,-3.38,68.85,16.55,-0.75,0.00,0.00,98,0,0,34.81,30.40,79.90,GRAZING
11:54:32.031,-3.38,68.85,16.55,-0.75,0.00,0.00,98,0,0,34.88,30.40,80.00,GRAZING
11:54:32.315,-3.38,68.85,16.55,-0.75,0.00,0.00,98,0,0,34.88,30.40,80.00,GRAZING
11:54:32.617,-3.38,68.85,16.55,-0.75,0.00,0.00,98,0,0,34.88,30.40,80.00,GRAZING
11:54:32.915,-3.38,68.85,16.55,-0.75,0.00,0.00,98,0,0,34.81,30.40,80.00,GRAZING
11:54:33.222,-3.38,68.85,16.55,-0.75,0.00,0.00,98,0,0,34.81,30.40,80.00,GRAZING
11:54:33.449,-3.38,68.85,16.55,-0.75,0.00,0.00,98,0,0,34.81,30.40,80.00,GRAZING
11:54:33.734,-3.38,68.85,16.55,-0.75,0.00,0.00,98,0,0,34.81,30.40,80.00,GRAZING
11:54:34.041,-3.38,68.85,16.55,-0.75,0.00,0.00,98,0,0,34.81,30.40,80.00,GRAZING
11:54:34.348,-3.38,68.85,16.55,-0.75,0.00,0.00,98,0,0,34.81,30.40,79.70,GRAZING
11:54:34.586,-3.38,68.85,16.55,-0.75,0.00,0.00,98,0,0,34.88,30.40,79.70,GRAZING
11:54:34.870,-3.38,68.85,16.55,-0.75,0.00,0.00,98,0,0,34.88,30.40,79.70,GRAZING
11:54:35.169,-3.38,68.85,16.55,-0.75,0.00,0.00,98,0,0,34.88,30.40,79.70,GRAZING
11:54:35.474,-3.38,68.85,16.55,-0.75,0.00,0.00,98,0,0,34.81,30.40,79.70,GRAZING
11:54:35.722,-3.38,68.85,16.55,-0.75,0.00,0.00,98,0,0,34.81,30.40,79.70,GRAZING
11:54:36.004,-3.38,68.85,16.55,-0.75,0.00,0.00,98,0,0,34.81,30.40,79.70,GRAZING
11:54:36.294,-3.38,68.85,16.55,-0.75,0.00,0.00,98,0,0,34.88,30.40,79.70,GRAZING
11:54:36.601,-3.38,68.85,16.55,-0.75,0.00,0.00,98,0,0,34.88,30.40,79.50,GRAZING
11:54:36.908,-3.38,68.85,16.55,-0.75,0.00,0.00,98,0,0,34.88,30.40,79.50,GRAZING
11:54:37.142,-3.38,68.85,16.55,-0.75,0.00,0.00,98,0,0,34.81,30.40,79.50,GRAZING
11:54:37.427,-3.38,68.85,16.55,-0.75,0.00,0.00,98,0,0,34.81,30.40,79.50,GRAZING
11:54:37.729,-3.38,68.85,16.55,-0.75,0.00,0.00,98,0,0,34.81,30.40,79.50,GRAZING
11:54:38.035,-3.38,68.85,16.55,-0.75,0.00,0.00,98,0,0,34.88,30.40,79.50,GRAZING
11:54:38.278,-3.38,68.85,16.55,-0.75,0.00,0.00,98,0,0,34.88,30.40,79.50,GRAZING
11:54:38.562,-3.38,68.85,16.55,-0.75,0.00,0.00,98,0,0,34.88,30.40,79.50,GRAZING
11:54:38.854,-3.38,68.85,16.55,-0.75,0.00,0.00,98,0,0,34.81,30.40,79.50,GRAZING
11:54:39.161,-3.38,68.85,16.55,-0.75,0.00,0.00,98,0,0,34.81,30.40,79.50,GRAZING
11:54:39.470,-3.38,68.85,16.55,-0.75,0.00,0.00,98,0,0,34.81,30.40,79.50,GRAZING
11:54:39.699,-3.38,68.85,16.55,-0.75,0.00,0.00,98,0,0,34.81,30.40,79.50,GRAZING
11:54:39.982,-3.38,68.85,16.55,-0.75,0.00,0.00,98,0,0,34.81,30.40,79.50,GRAZING
11:54:40.288,-3.38,68.85,16.55,-0.75,0.00,0.00,98,0,0,34.81,30.40,79.50,GRAZING
11:54:40.596,-3.38,68.85,16.55,-0.75,0.00,0.00,98,0,0,34.88,30.40,79.50,GRAZING
11:54:40.834,-3.38,68.85,16.55,-0.75,0.00,0.00,98,0,0,34.88,30.40,79.50,GRAZING
11:54:41.124,-3.38,68.85,16.55,-0.75,0.00,0.00,98,0,0,34.88,30.50,79.50,GRAZING
11:54:41.414,-3.38,68.85,16.55,-0.75,0.00,0.00,98,0,0,34.88,30.50,79.50,GRAZING
11:54:41.721,-3.38,68.85,16.55,-0.75,0.00,0.00,98,0,0,34.88,30.50,79.50,GRAZING
11:54:42.028,-3.38,68.85,16.55,-0.75,0.00,0.00,98,0,0,34.88,30.50,79.50,GRAZING
11:54:42.259,-3.38,68.85,16.55,-0.75,0.00,0.00,98,0,0,34.88,30.50,79.50,GRAZING
11:54:42.543,-3.38,68.85,16.55,-0.75,0.00,0.00,98,0,0,34.88,30.50,79.50,GRAZING
11:54:42.848,-3.38,68.85,16.55,-0.75,0.00,0.00,98,0,0,34.88,30.50,79.50,GRAZING
11:54:43.156,-3.38,68.85,16.55,-0.75,0.00,0.00,98,0,0,34.88,30.50,79.50,GRAZING
11:54:43.397,-3.38,68.85,16.55,-0.75,0.00,0.00,98,0,0,34.88,30.50,79.30,GRAZING
11:54:43.681,-3.38,68.85,16.55,-0.75,0.00,0.00,98,0,0,34.88,30.50,79.30,GRAZING
11:54:43.974,-3.38,68.85,16.55,-0.75,0.00,0.00,98,0,0,34.94,30.50,79.30,GRAZING
11:54:44.282,-3.38,68.85,16.55,-0.75,0.00,0.00,98,0,0,34.94,30.50,79.30,GRAZING
11:54:44.588,-3.38,68.85,16.55,-0.75,0.00,0.00,98,0,0,34.94,30.50,79.30,GRAZING
11:54:44.817,-3.38,68.85,16.55,-0.75,0.00,0.00,98,0,0,34.94,30.50,79.30,GRAZING
11:54:45.102,-3.38,68.85,16.55,-0.75,0.00,0.00,98,0,0,34.94,30.50,79.30,GRAZING
11:54:45.407,0.00,68.85,16.55,-0.75,0.00,0.00,98,0,0,34.94,30.50,79.30,GRAZING
11:54:45.715,-3.38,68.85,16.55,-0.75,0.00,0.00,98,0,0,34.94,30.50,79.60,GRAZING
11:54:45.957,-3.38,68.85,16.55,-0.75,0.00,0.00,98,0,0,34.94,30.50,79.60,GRAZING
11:54:46.241,-3.38,68.85,16.55,-0.75,0.00,0.00,98,0,0,34.94,30.50,79.60,GRAZING
11:54:46.535,-3.38,68.85,16.55,-0.75,0.00,0.00,98,0,0,34.88,30.50,79.60,GRAZING
11:54:46.841,-3.38,68.85,16.55,-0.75,0.00,0.00,98,0,0,34.88,30.50,79.60,GRAZING
11:54:47.149,-3.38,68.85,16.55,-0.75,0.00,0.00,98,0,0,34.88,30.50,79.60,GRAZING
11:54:47.376,-3.38,68.85,16.55,-0.75,0.00,0.00,98,0,0,34.88,30.50,79.60,GRAZING
11:54:47.659,-3.38,68.85,16.55,-0.75,0.00,0.00,98,0,0,34.88,30.50,79.60,GRAZING
11:54:47.967,-3.38,68.85,16.55,-0.75,0.00,0.00,98,0,0,34.88,30.50,79.90,GRAZING
11:54:48.275,-3.38,68.85,16.55,-0.75,0.00,0.00,98,0,0,34.81,30.50,79.90,GRAZING
11:54:48.516,-3.38,68.85,16.55,-0.75,0.00,0.00,98,0,0,34.81,30.50,79.90,GRAZING
11:54:48.800,-3.38,68.85,16.55,-0.75,0.00,0.00,98,0,0,34.81,30.50,79.90,GRAZING
11:54:49.096,-3.38,68.85,16.55,-0.75,0.00,0.00,98,0,0,34.81,30.50,79.90,GRAZING
11:54:49.402,-3.38,68.85,16.55,-0.75,0.00,0.00,98,0,0,34.81,30.50,79.90,GRAZING
11:54:49.649,-3.38,68.85,16.55,-0.75,0.00,0.00,98,0,0,34.81,30.50,79.90,GRAZING
11:54:49.933,-3.38,68.85,16.55,-0.75,0.00,0.00,98,0,0,34.81,30.50,79.90,GRAZING
11:54:50.222,-3.38,68.85,16.55,-0.75,0.00,0.00,98,0,0,34.81,30.50,79.90,GRAZING
11:54:50.528,-3.38,68.85,16.55,-0.75,0.00,0.00,98,0,0,34.81,30.50,79.90,GRAZING
11:54:50.835,-3.38,68.85,16.55,-0.75,0.00,0.00,98,0,0,34.75,30.50,79.90,GRAZING
11:54:51.074,-3.38,68.85,16.55,-0.75,0.00,0.00,98,0,0,34.75,30.50,79.90,GRAZING
11:54:51.358,-3.38,68.85,16.55,-0.75,0.00,0.00,98,0,0,34.75,30.50,79.90,GRAZING
11:54:51.654,-3.38,68.85,16.55,-0.75,0.00,0.00,98,0,0,34.75,30.50,79.90,GRAZING
11:54:51.962,-3.38,68.85,16.55,-0.75,0.00,0.00,98,0,0,34.75,30.50,79.90,GRAZING
11:54:52.208,-3.38,68.85,16.55,-0.75,0.00,0.00,98,0,0,34.75,30.50,79.90,GRAZING
11:54:52.499,-3.38,68.85,16.55,-0.75,0.00,0.00,98,0,0,34.75,30.50,79.90,GRAZING
11:54:52.785,-3.38,68.85,16.55,-0.75,0.00,0.00,98,0,0,34.75,30.50,79.90,GRAZING
11:54:53.087,-3.38,68.85,16.55,-0.75,0.00,0.00,98,0,0,34.75,30.50,79.90,GRAZING
11:54:53.395,-3.38,68.85,16.55,-0.75,0.00,0.00,98,0,0,34.75,30.50,79.90,GRAZING
11:54:53.635,-3.38,68.85,16.55,-0.75,0.00,0.00,98,0,0,34.75,30.50,79.90,GRAZING
11:54:53.919,-3.38,68.85,16.55,-0.75,0.00,0.00,98,0,0,34.75,30.50,79.90,GRAZING
11:54:54.215,-3.38,68.85,16.55,-0.75,0.00,0.00,98,0,0,34.75,30.50,79.90,GRAZING
11:54:54.521,-3.38,68.85,16.55,-0.75,0.00,0.00,98,0,0,34.75,30.50,79.90,GRAZING
11:54:54.829,-3.38,68.85,16.55,-0.75,0.00,0.00,98,0,0,34.75,30.50,80.00,GRAZING
11:54:55.058,-3.38,68.85,16.55,-0.75,0.00,0.00,98,0,0,34.75,30.50,80.00,GRAZING
11:54:55.342,-3.38,68.85,16.55,-0.75,0.00,0.00,98,0,0,34.75,30.50,80.00,GRAZING
11:54:55.649,-3.38,68.85,16.55,-0.75,0.00,0.00,98,0,0,34.75,30.50,80.00,GRAZING
11:54:55.955,-3.38,68.85,16.55,-0.75,0.00,0.00,98,0,0,34.81,30.50,80.00,GRAZING
11:54:56.192,-3.38,68.85,16.55,-0.75,0.00,0.00,98,0,0,34.81,30.50,80.00,GRAZING
11:54:56.477,-3.38,68.85,16.55,-0.75,0.00,0.00,98,0,0,34.81,30.50,80.00,GRAZING
11:54:56.775,-3.38,68.85,16.55,-0.75,0.00,0.00,98,0,0,34.81,30.50,80.00,GRAZING
11:54:57.081,-3.38,68.85,16.55,-0.75,0.00,0.00,98,0,0,34.81,30.50,80.30,GRAZING
11:54:57.393,-3.38,68.85,16.55,-0.75,0.00,0.00,98,0,0,34.81,30.50,80.30,GRAZING
11:54:57.615,-3.38,68.85,16.55,-0.75,0.00,0.00,98,0,0,34.81,30.50,80.30,GRAZING
11:54:57.900,-3.38,68.85,16.55,-0.75,0.00,0.00,98,0,0,34.81,30.50,80.30,GRAZING
11:54:58.208,-3.38,68.85,16.55,-0.75,0.00,0.00,98,0,0,34.81,30.50,80.30,GRAZING
11:54:58.516,-3.38,68.85,16.55,-0.75,0.00,0.00,98,0,0,34.81,30.50,80.30,GRAZING
11:54:58.749,-3.38,68.85,16.55,-0.75,0.00,0.00,98,0,0,34.81,30.50,80.30,GRAZING
11:54:59.033,-3.38,68.85,16.55,-0.75,0.00,0.00,98,0,0,34.81,30.50,80.30,GRAZING
11:54:59.335,-3.38,68.85,16.55,-0.75,0.00,0.00,98,0,0,34.75,30.50,80.90,GRAZING
11:54:59.641,-3.38,68.85,16.55,-0.75,0.00,0.00,98,0,0,34.75,30.50,80.90,GRAZING
11:54:59.888,-3.38,68.85,16.55,-0.75,0.00,0.00,98,0,0,34.75,30.50,80.90,GRAZING
11:55:00.173,-3.38,68.85,16.55,-0.75,0.00,0.00,98,0,0,34.75,30.50,80.90,GRAZING
11:55:00.667,-3.38,68.85,16.55,-0.75,0.00,0.00,98,0,0,34.75,30.50,80.90,GRAZING
11:55:00.768,-3.38,68.85,16.55,-0.75,0.00,0.00,98,0,0,34.75,30.50,80.90,GRAZING
11:55:01.075,-3.38,68.85,16.55,-0.75,0.00,0.00,98,0,0,34.75,30.50,80.90,GRAZING
11:55:01.306,-3.38,68.85,16.55,-0.75,0.00,0.00,98,0,0,34.75,30.50,80.90,GRAZING
11:55:01.594,-3.38,68.85,16.55,-0.75,0.00,0.00,98,0,0,34.75,30.50,80.40,GRAZING
11:55:01.894,-3.38,68.85,16.55,-0.75,0.00,0.00,98,0,0,34.75,30.50,80.40,GRAZING
11:55:02.202,-3.38,68.85,16.55,-0.75,0.00,0.00,98,0,0,34.75,30.50,80.40,GRAZING
11:55:02.446,-3.38,68.85,16.55,-0.75,0.00,0.00,98,0,0,34.75,30.50,80.40,GRAZING
11:55:02.730,-3.38,68.85,16.55,-0.75,0.00,0.00,98,0,0,34.75,30.50,80.40,GRAZING
11:55:03.021,-3.38,68.85,16.55,-0.75,0.00,0.00,98,0,0,34.75,30.50,80.40,GRAZING
11:55:03.327,-3.38,68.85,16.55,-0.75,0.00,0.00,98,0,0,34.75,30.50,80.40,GRAZING
11:55:03.635,-3.38,68.85,16.55,-0.75,0.00,0.00,98,0,0,34.75,30.50,80.40,GRAZING
11:55:03.870,-3.38,68.85,16.55,-0.75,0.00,0.00,98,0,0,34.75,30.50,80.30,GRAZING
11:55:04.155,-3.38,68.85,16.55,-0.75,0.00,0.00,98,0,0,34.75,30.50,80.30,GRAZING
11:55:04.454,-3.38,68.85,16.55,-0.75,0.00,0.00,98,0,0,34.75,30.50,80.30,GRAZING
11:55:04.761,-3.38,68.85,16.55,-0.75,0.00,0.00,98,0,0,34.75,30.50,80.30,GRAZING
11:55:05.005,-3.38,68.85,16.55,-0.75,0.00,0.00,98,0,0,34.75,30.50,80.30,GRAZING
11:55:05.290,-3.38,68.85,16.55,-0.75,0.00,0.00,98,0,0,34.75,30.50,80.30,GRAZING
11:55:05.631,-3.38,68.85,16.55,-0.75,0.00,0.00,98,0,0,34.75,30.50,80.30,GRAZING
11:55:05.888,-3.38,68.85,16.55,-0.75,0.00,0.00,98,0,0,34.75,30.50,80.30,GRAZING
11:55:06.195,-3.38,68.85,16.55,-0.75,0.00,0.00,98,0,0,34.75,30.50,80.30,GRAZING
11:55:06.427,-3.38,68.85,16.55,-0.75,0.00,0.00,98,0,0,34.75,30.50,80.30,GRAZING
11:55:06.711,-3.38,68.85,16.55,-0.75,0.00,0.00,98,0,0,34.75,30.50,80.30,GRAZING
11:55:07.014,-3.38,68.85,16.55,-0.75,0.00,0.00,98,0,0,34.75,30.50,80.30,GRAZING
11:55:07.324,-3.38,68.85,16.55,-0.75,0.00,0.00,98,0,0,34.75,30.50,80.30,GRAZING
11:55:07.562,-3.38,68.85,16.55,-0.75,0.00,0.00,98,0,0,34.75,30.50,80.30,GRAZING
11:55:07.846,-3.38,68.85,16.55,-0.75,0.00,0.00,98,0,0,34.75,30.50,80.30,GRAZING
11:55:09.112,-3.38,68.85,16.55,-0.75,0.00,0.00,98,0,0,34.75,30.50,80.30,GRAZING
11:55:09.117,-3.38,68.85,16.55,-0.75,0.00,0.00,98,0,0,34.75,30.50,80.30,GRAZING
11:55:09.119,-3.38,68.85,16.55,-0.75,0.00,0.00,98,0,0,34.81,30.50,80.30,GRAZING
11:55:09.127,-3.38,68.85,16.55,-0.75,0.00,0.00,98,0,0,34.81,30.50,80.30,GRAZING
11:55:09.268,-3.38,68.85,16.55,-0.75,0.00,0.00,98,0,0,34.81,30.50,80.30,GRAZING
11:55:09.574,-3.38,68.85,16.55,-0.75,0.00,0.00,98,0,0,34.81,30.50,80.30,GRAZING
11:55:09.882,-3.38,68.85,16.55,-0.75,0.00,0.00,98,0,0,34.81,30.50,80.30,GRAZING
11:55:10.121,-3.38,68.85,16.55,-0.75,0.00,0.00,98,0,0,34.81,30.50,80.30,GRAZING
11:55:10.405,-3.38,68.85,16.55,-0.75,0.00,0.00,98,0,0,34.81,30.50,80.30,GRAZING
11:55:10.702,-3.38,68.85,16.55,-0.75,0.00,0.00,98,0,0,34.81,30.50,80.70,GRAZING
11:55:11.473,-3.38,68.85,16.55,-0.75,0.00,0.00,98,0,0,34.81,30.50,80.70,GRAZING
11:55:11.475,-3.38,68.85,16.55,-0.75,0.00,0.00,98,0,0,34.81,30.50,80.70,GRAZING
11:55:11.540,-3.38,68.85,16.55,-0.75,0.00,0.00,98,0,0,34.81,30.50,80.70,GRAZING
11:55:11.827,-3.38,68.85,16.55,-0.75,0.00,0.00,98,0,0,34.81,30.50,80.70,GRAZING
11:55:12.135,-3.38,68.85,16.55,-0.75,0.00,0.00,98,0,0,34.88,30.50,80.70,GRAZING
11:55:12.442,-3.38,68.85,16.55,-0.75,0.00,0.00,98,0,0,34.88,30.50,80.70,GRAZING
11:55:12.674,-3.38,68.85,16.55,-0.75,0.00,0.00,98,0,0,34.88,30.50,80.70,GRAZING
11:55:12.963,-3.38,68.85,16.55,-0.75,0.00,0.00,98,0,0,34.88,30.50,81.50,GRAZING
11:55:13.262,-3.38,68.85,16.55,-0.75,0.00,0.00,98,0,0,34.88,30.50,81.50,GRAZING
11:55:13.570,-3.38,68.85,16.55,-0.75,0.00,0.00,98,0,0,34.88,30.50,81.50,GRAZING
11:55:13.814,-3.38,68.85,16.55,-0.75,0.00,0.00,98,0,0,34.88,30.50,81.50,GRAZING
11:55:14.098,-3.38,68.85,16.55,-0.75,0.00,0.00,98,0,0,34.88,30.50,81.50,GRAZING
11:55:14.387,-3.38,68.85,16.55,-0.75,0.00,0.00,98,0,0,34.88,30.50,81.50,GRAZING
11:55:14.694,-3.38,68.85,16.55,-0.75,0.00,0.00,98,0,0,34.88,30.50,81.50,GRAZING
11:55:15.000,-3.38,68.85,16.55,-0.75,0.00,0.00,98,0,0,34.88,30.50,81.50,GRAZING
11:55:15.239,-3.38,68.85,16.55,-0.75,0.00,0.00,98,0,0,34.88,30.50,81.90,GRAZING
11:55:15.527,-3.38,68.85,16.55,-0.75,0.00,0.00,98,0,0,34.94,30.50,81.90,GRAZING
11:55:15.822,-3.38,68.85,16.55,-0.75,0.00,0.00,98,0,0,34.94,30.50,81.90,GRAZING
11:55:16.127,-3.38,68.85,16.55,-0.75,0.00,0.00,98,0,0,34.94,30.50,81.90,GRAZING
11:55:16.376,-3.38,68.85,16.55,-0.75,0.00,0.00,98,0,0,34.88,30.50,81.90,GRAZING
11:55:16.658,-3.38,68.85,16.55,-0.75,0.00,0.00,98,0,0,34.88,30.50,81.90,GRAZING
11:55:16.948,-3.38,68.85,16.55,-0.75,0.00,0.00,98,0,0,34.88,30.50,81.90,GRAZING
11:55:17.255,-3.38,68.85,16.55,-0.75,0.00,0.00,98,0,0,34.88,30.50,81.90,GRAZING
11:55:17.751,-3.38,68.85,16.55,-0.75,0.00,0.00,98,0,0,34.88,30.50,81.80,GRAZING
11:55:17.952,-3.38,68.85,16.55,-0.75,0.00,0.00,98,0,0,34.88,30.50,81.80,GRAZING
11:55:18.083,-3.38,68.85,16.55,-0.75,0.00,0.00,98,0,0,34.88,30.50,81.80,GRAZING
11:55:18.382,-3.38,68.85,16.55,-0.75,0.00,0.00,98,0,0,34.88,30.50,81.80,GRAZING
11:55:18.690,-3.38,68.85,16.55,-0.75,0.00,0.00,98,0,0,34.88,30.50,81.80,GRAZING
11:55:18.934,-3.38,68.85,16.55,-0.75,0.00,0.00,98,0,0,34.94,30.50,81.80,GRAZING
11:55:19.216,-3.38,68.85,16.55,-0.75,0.00,0.00,98,0,0,34.94,30.50,81.80,GRAZING
11:55:19.508,-3.38,68.85,16.55,-0.75,0.00,0.00,98,0,0,34.94,30.50,81.80,GRAZING
11:55:19.815,-3.38,68.85,16.55,-0.75,0.00,0.00,98,0,0,34.88,30.60,81.70,GRAZING
11:55:21.361,-3.38,68.85,16.55,-0.75,0.00,0.00,98,0,0,34.88,30.60,81.70,GRAZING
11:55:21.366,-3.38,68.85,16.55,-0.75,0.00,0.00,98,0,0,34.88,30.60,81.70,GRAZING
11:55:21.368,-3.38,68.85,16.55,-0.75,0.00,0.00,98,0,0,34.88,30.60,81.70,GRAZING
11:55:21.370,-3.38,68.85,16.55,-0.75,0.00,0.00,98,0,0,34.88,30.60,81.70,GRAZING
11:55:21.372,-3.38,68.85,16.55,-0.75,0.00,0.00,98,0,0,34.88,30.60,81.70,GRAZING
11:55:21.490,-3.38,68.85,16.55,-0.75,0.00,0.00,98,0,0,34.94,30.60,81.70,GRAZING
11:55:21.818,-3.38,68.85,16.55,-0.75,0.00,0.00,98,0,0,34.94,30.60,81.70,GRAZING
11:55:22.070,-3.38,68.85,16.55,-0.75,0.00,0.00,98,0,0,34.94,30.60,82.00,GRAZING
11:55:22.374,-3.38,68.85,16.55,-0.75,0.00,0.00,98,0,0,34.94,30.60,82.00,GRAZING
11:55:22.683,-3.38,68.85,16.55,-0.75,0.00,0.00,98,0,0,34.94,30.60,82.00,GRAZING
11:55:22.914,-3.38,68.85,16.55,-0.75,0.00,0.00,98,0,0,34.94,30.60,82.00,GRAZING
11:55:23.197,-3.38,68.85,16.55,-0.75,0.00,0.00,98,0,0,34.88,30.60,82.00,GRAZING
11:55:23.500,-3.38,68.85,16.55,-0.75,0.00,0.00,98,0,0,34.88,30.60,82.00,GRAZING
11:55:23.810,-3.38,68.85,16.55,-0.75,0.00,0.00,98,0,0,34.88,30.60,82.00,GRAZING
11:55:24.047,-3.38,68.85,16.55,-0.75,0.00,0.00,98,0,0,34.94,30.60,82.00,GRAZING
11:55:24.336,-3.38,68.85,16.55,-0.75,0.00,0.00,98,0,0,34.94,30.60,82.00,GRAZING
11:55:24.627,-3.38,68.85,16.55,-0.75,0.00,0.00,98,0,0,34.94,30.60,82.00,GRAZING
11:55:24.935,-3.38,68.85,16.55,-0.75,0.00,0.00,98,0,0,34.94,30.60,82.00,GRAZING
11:55:25.241,-3.38,68.85,16.55,-0.75,0.00,0.00,98,0,0,34.94,30.60,82.00,GRAZING
11:55:25.470,-3.38,68.85,16.55,-0.75,0.00,0.00,98,0,0,34.94,30.60,82.00,GRAZING
11:55:25.753,-3.38,68.85,16.55,-0.75,0.00,0.00,98,0,0,35.00,30.60,82.00,GRAZING
11:55:27.040,-3.38,68.85,16.55,-0.75,0.00,0.00,98,0,0,35.00,30.60,82.00,GRAZING
11:55:27.043,-3.38,68.85,16.55,-0.75,0.00,0.00,98,0,0,35.00,30.60,82.00,GRAZING
11:55:27.047,-3.38,68.85,16.55,-0.75,0.00,0.00,98,0,0,35.00,30.60,82.00,GRAZING
11:55:27.052,-3.38,68.85,16.55,-0.75,0.00,0.00,98,0,0,35.00,30.60,82.00,GRAZING
11:55:27.187,-3.38,68.85,16.55,-0.75,0.00,0.00,98,0,0,35.00,30.60,82.00,GRAZING
11:55:27.494,-3.38,68.85,16.55,-0.75,0.00,0.00,98,0,0,35.00,30.60,82.00,GRAZING
11:55:27.801,-3.38,68.85,16.55,-0.75,0.00,0.00,98,0,0,35.00,30.60,82.00,GRAZING
11:55:28.030,-3.38,68.85,16.55,-0.75,0.00,0.00,98,0,0,35.00,30.60,82.00,GRAZING
11:55:28.316,-3.38,68.85,16.55,-0.75,0.00,0.00,98,0,0,35.00,30.60,82.00,GRAZING
11:55:29.494,-3.38,68.85,16.55,-0.75,0.00,0.00,98,0,0,35.00,30.60,82.00,GRAZING
11:55:29.496,-3.38,68.85,16.55,-0.75,0.00,0.00,98,0,0,35.00,30.60,82.10,GRAZING
11:55:29.498,-3.38,68.85,16.55,-0.75,0.00,0.00,98,0,0,35.00,30.60,82.10,GRAZING
11:55:29.543,-3.38,68.85,16.55,-0.75,0.00,0.00,98,0,0,35.00,30.60,82.10,GRAZING
11:55:29.775,-3.38,68.85,16.55,-0.75,0.00,0.00,98,0,0,35.00,30.60,82.10,GRAZING
11:55:31.041,-3.38,68.85,16.55,-0.75,0.00,0.00,98,0,0,35.06,30.60,82.10,GRAZING
11:55:31.056,-3.38,68.85,16.55,-0.75,0.00,0.00,98,0,0,35.06,30.60,82.10,GRAZING
11:55:31.066,-3.38,68.85,16.55,-0.75,0.00,0.00,98,0,0,35.06,30.60,82.10,GRAZING
11:55:31.073,-3.38,68.85,16.55,-0.75,0.00,0.00,98,0,0,35.06,30.60,82.10,GRAZING
11:55:31.183,-3.38,68.85,16.55,-0.75,0.00,0.00,98,0,0,35.06,30.60,82.00,GRAZING
11:55:31.488,-3.38,68.85,16.55,-0.75,0.00,0.00,98,0,0,35.06,30.60,82.00,GRAZING
11:55:31.731,-3.38,68.85,16.55,-0.75,0.00,0.00,98,0,0,35.06,30.60,82.00,GRAZING
11:55:32.009,-3.38,68.85,16.55,-0.75,0.00,0.00,98,0,0,35.06,30.60,82.00,GRAZING
11:55:32.307,-3.38,68.85,16.55,-0.75,0.00,0.00,98,0,0,35.06,30.60,82.00,GRAZING
11:55:32.615,-3.38,68.85,16.55,-0.75,0.00,0.00,98,0,0,35.06,30.60,82.00,GRAZING
11:55:32.861,-3.38,68.85,16.55,-0.75,0.00,0.00,98,0,0,35.06,30.60,82.00,GRAZING
11:55:33.143,-3.38,68.85,16.55,-0.75,0.00,0.00,98,0,0,35.06,30.60,82.00,GRAZING
11:55:34.080,-3.38,68.85,16.55,-0.75,0.00,0.00,98,0,0,35.06,30.60,81.90,GRAZING
11:55:34.082,-3.38,68.85,16.55,-0.75,0.00,0.00,98,0,0,35.06,30.60,81.90,GRAZING
11:55:34.085,-3.38,68.85,16.55,-0.75,0.00,0.00,98,0,0,35.06,30.60,81.90,GRAZING
11:55:34.281,-3.38,68.85,16.55,-0.75,0.00,0.00,98,0,0,35.06,30.60,81.90,GRAZING
11:55:34.567,-3.38,68.85,16.55,-0.75,0.00,0.00,98,0,0,35.06,30.60,81.90,GRAZING
11:55:34.875,-3.38,68.85,16.55,-0.75,0.00,0.00,98,0,0,35.06,30.60,81.90,GRAZING
11:55:35.176,-3.38,68.85,16.55,-0.75,0.00,0.00,98,0,0,35.00,30.60,81.90,GRAZING
11:55:35.693,-3.38,68.85,16.55,-0.75,0.00,0.00,98,0,0,35.00,30.60,81.90,GRAZING
11:55:35.705,-3.38,68.85,16.55,-0.75,0.00,0.00,98,0,0,35.00,30.60,81.60,GRAZING
11:55:35.994,-3.38,68.85,16.55,-0.75,0.00,0.00,98,0,0,35.00,30.60,81.60,GRAZING
11:55:36.302,-3.38,68.85,16.55,-0.75,0.00,0.00,98,0,0,35.00,30.60,81.60,GRAZING
11:55:36.609,-3.38,68.85,16.55,-0.75,0.00,0.00,98,0,0,35.00,30.60,81.60,GRAZING
11:55:36.840,-3.38,68.85,16.55,-0.75,0.00,0.00,98,0,0,35.00,30.60,81.60,GRAZING
11:55:37.123,-3.38,68.85,16.55,-0.75,0.00,0.00,98,0,0,35.00,30.60,81.60,GRAZING
11:55:37.428,-3.38,68.85,16.55,-0.75,0.00,0.00,98,0,0,35.00,30.60,81.60,GRAZING
11:55:37.734,-3.38,68.85,16.55,-0.75,0.00,0.00,98,0,0,35.00,30.60,81.60,GRAZING
11:55:37.976,-3.38,68.85,16.55,-0.75,0.00,0.00,98,0,0,35.00,30.50,81.50,GRAZING
11:55:38.374,-3.38,68.85,16.55,-0.75,0.00,0.00,98,0,0,35.00,30.50,81.50,GRAZING
11:55:38.553,-3.38,68.85,16.55,-0.75,0.00,0.00,98,0,0,35.00,30.50,81.50,GRAZING
11:55:38.860,-3.38,68.85,16.55,-0.75,0.00,0.00,98,0,0,35.00,30.50,81.50,GRAZING
11:55:39.168,-3.38,68.85,16.55,-0.75,0.00,0.00,98,0,0,35.00,30.50,81.50,GRAZING
11:55:39.395,-3.38,68.85,16.55,-0.75,0.00,0.00,98,0,0,35.00,30.50,81.50,GRAZING
11:55:39.858,-3.38,68.85,16.55,-0.75,0.00,0.00,98,0,0,35.00,30.50,81.50,GRAZING
11:55:39.988,-3.38,68.85,16.55,-0.75,0.00,0.00,98,0,0,35.00,30.50,81.50,GRAZING
11:55:40.294,-3.38,68.85,16.55,-0.75,0.00,0.00,98,0,0,35.06,30.50,81.30,GRAZING
11:55:40.535,-3.38,68.85,16.55,-0.75,0.00,0.00,98,0,0,35.06,30.50,81.30,GRAZING
11:55:40.820,-3.38,68.85,16.55,-0.75,0.00,0.00,98,0,0,35.06,30.50,81.30,GRAZING
11:55:41.113,-3.38,68.85,16.55,-0.75,0.00,0.00,98,0,0,35.06,30.50,81.30,GRAZING
11:55:41.420,-3.38,68.85,16.55,-0.75,0.00,0.00,98,0,0,35.06,30.50,81.30,ANOMALY
11:55:41.728,-3.38,68.85,16.55,-0.75,0.00,0.00,98,0,0,35.06,30.50,81.30,ANOMALY
11:55:41.954,-3.38,68.85,16.55,-0.75,0.00,0.00,98,0,0,35.06,30.50,81.30,ANOMALY
11:55:42.240,-3.38,68.85,16.55,-0.75,0.00,0.00,98,0,0,35.06,30.50,81.30,ANOMALY
11:55:42.547,-3.38,68.85,16.55,-0.75,0.00,0.00,98,0,0,35.06,30.50,81.00,ANOMALY
11:55:42.854,-3.38,68.85,16.55,-0.75,0.00,0.00,98,0,0,35.06,30.50,81.00,ANOMALY
11:55:43.096,-3.38,68.85,16.55,-0.75,0.00,0.00,98,0,0,35.06,30.50,81.00,ANOMALY
11:55:43.380,-3.38,68.85,16.55,-0.75,0.00,0.00,98,0,0,35.06,30.50,81.00,ANOMALY
11:55:43.674,-3.38,68.85,16.55,-0.75,0.00,0.00,98,0,0,35.06,30.50,81.00,ANOMALY
11:55:43.981,-3.38,68.85,16.55,-0.75,0.00,0.00,98,0,0,35.06,30.50,81.00,ANOMALY
11:55:44.287,-3.38,68.85,16.55,-0.75,0.00,0.00,98,0,0,35.06,30.50,81.00,ANOMALY
11:55:44.513,-3.38,68.85,16.55,-0.75,0.00,0.00,98,0,0,35.12,30.50,81.00,ANOMALY
11:55:44.804,-3.38,68.85,16.55,-0.75,0.00,0.00,98,0,0,35.12,30.40,81.20,ANOMALY
11:55:45.679,-3.38,68.85,16.55,-0.75,0.00,0.00,98,0,0,35.12,30.40,81.20,ANOMALY
11:55:45.681,-3.38,68.85,16.55,-0.75,0.00,0.00,98,0,0,35.12,30.40,81.20,ANOMALY
11:55:45.684,-3.38,68.85,16.55,-0.75,0.00,0.00,98,0,0,35.12,30.40,81.20,ANOMALY
11:55:45.937,-3.38,68.85,16.55,-0.75,0.00,0.00,98,0,0,35.12,30.40,81.20,ANOMALY
11:55:46.238,-3.38,68.85,16.55,-0.75,0.00,0.00,98,0,0,35.06,30.40,81.20,ANOMALY
11:55:46.544,-3.38,68.85,16.55,-0.75,0.00,0.00,98,0,0,35.06,30.40,81.20,ANOMALY
11:55:46.787,-3.38,68.85,16.55,-0.75,0.00,0.00,98,0,0,35.06,30.40,81.20,ANOMALY
11:55:47.076,-3.38,68.85,16.55,-0.75,0.00,0.00,98,0,0,35.06,30.50,81.30,ANOMALY
11:55:47.397,-3.38,68.85,16.55,-0.75,0.00,0.00,98,0,0,35.06,30.50,81.30,ANOMALY
11:55:48.807,-3.38,68.85,16.55,-0.75,0.00,0.00,98,0,0,35.06,30.50,81.30,ANOMALY
11:55:48.809,-3.38,68.85,16.55,-0.75,0.00,0.00,98,0,0,35.06,30.50,81.30,ANOMALY
11:55:48.812,-3.38,68.85,16.55,-0.75,0.00,0.00,98,0,0,35.06,30.50,81.30,ANOMALY
11:55:48.814,-3.38,68.85,16.55,-0.75,0.00,0.00,98,0,0,35.06,30.50,81.30,ANOMALY
11:55:48.816,-3.38,68.85,16.55,-0.75,0.00,0.00,98,0,0,35.06,30.50,81.30,ANOMALY
11:55:49.100,-3.38,68.85,16.55,-0.75,0.00,0.00,98,0,0,35.06,30.50,81.30,ANOMALY
11:55:49.409,-3.38,68.85,16.55,-0.75,0.00,0.00,98,0,0,35.06,30.50,81.60,ANOMALY
11:55:49.638,-3.38,68.85,16.55,-0.75,0.00,0.00,98,0,0,35.06,30.50,81.60,ANOMALY
11:55:49.928,-3.38,68.85,16.55,-0.75,0.00,0.00,98,0,0,35.06,30.50,81.60,ANOMALY
11:55:50.227,-3.38,68.85,16.55,-0.75,0.00,0.00,98,0,0,35.06,30.50,81.60,ANOMALY
11:55:50.920,-3.38,68.85,16.55,-0.75,0.00,0.00,98,0,0,35.06,30.50,81.60,ANOMALY
11:55:50.922,-3.38,68.85,16.55,-0.75,0.00,0.00,98,0,0,35.06,30.50,81.60,ANOMALY
11:55:51.056,-3.38,68.85,16.55,-0.75,0.00,0.00,98,0,0,35.06,30.50,81.60,ANOMALY
11:55:51.353,-3.38,68.85,16.55,-0.75,0.00,0.00,98,0,0,35.06,30.50,81.60,ANOMALY
11:55:51.661,-3.38,68.85,16.55,-0.75,0.00,0.00,98,0,0,35.06,30.50,81.80,ANOMALY
11:55:52.947,-3.38,68.85,16.55,-0.75,0.00,0.00,98,0,0,35.06,30.50,81.80,ANOMALY
11:55:52.949,-3.38,68.85,16.55,-0.75,0.00,0.00,98,0,0,35.12,30.50,81.80,ANOMALY
11:55:52.951,-3.38,68.85,16.55,-0.75,0.00,0.00,98,0,0,35.12,30.50,81.80,ANOMALY
11:55:52.954,-3.38,68.85,16.55,-0.75,0.00,0.00,98,0,0,35.12,30.50,81.80,ANOMALY
11:55:53.200,-3.38,68.85,16.55,-0.75,0.00,0.00,98,0,0,35.06,30.50,81.80,ANOMALY
11:55:53.331,-3.38,68.85,16.55,-0.75,0.00,0.00,98,0,0,35.06,30.50,81.80,ANOMALY
11:55:53.618,-3.38,68.85,16.55,-0.75,0.00,0.00,98,0,0,35.06,30.50,81.80,ANOMALY
11:55:53.928,-3.38,68.85,16.55,-0.75,0.00,0.00,98,0,0,35.12,30.50,81.80,ANOMALY
11:55:54.222,-3.38,68.85,16.55,-0.75,0.00,0.00,98,0,0,35.12,30.50,81.80,ANOMALY
11:55:54.756,-3.38,68.85,16.55,-0.75,0.00,0.00,98,0,0,35.12,30.50,81.80,ANOMALY
11:55:54.757,-3.38,68.85,16.55,-0.75,0.00,0.00,98,0,0,35.12,30.50,81.80,ANOMALY
11:55:55.039,-3.38,68.85,16.55,-0.75,0.00,0.00,98,0,0,35.12,30.50,81.80,ANOMALY
11:55:55.349,-3.38,68.85,16.55,-0.75,0.00,0.00,98,0,0,35.12,30.50,81.80,ANOMALY
11:55:55.655,-3.38,68.85,16.55,-0.75,0.00,0.00,98,0,0,35.12,30.50,81.80,ANOMALY
11:55:55.995,-3.38,68.85,16.55,-0.75,0.00,0.00,98,0,0,35.12,30.50,81.80,ANOMALY
11:55:56.178,-3.38,68.85,16.55,-0.75,0.00,0.00,98,0,0,35.12,30.50,82.00,ANOMALY
11:55:56.473,-3.38,68.85,16.55,-0.75,0.00,0.00,98,0,0,35.06,30.50,82.00,ANOMALY
11:55:56.898,-3.38,68.85,16.55,-0.75,0.00,0.00,98,0,0,35.06,30.50,82.00,ANOMALY
11:55:57.118,-3.38,68.85,16.55,-0.75,0.00,0.00,98,0,0,35.06,30.50,82.00,ANOMALY
11:55:57.782,-3.38,68.85,16.55,-0.75,0.00,0.00,98,0,0,35.12,30.50,82.00,ANOMALY
11:55:57.784,-3.38,68.85,16.55,-0.75,0.00,0.00,98,0,0,35.12,30.50,82.00,ANOMALY
11:55:58.009,-3.38,68.85,16.55,-0.75,0.00,0.00,98,0,0,35.12,30.50,82.00,ANOMALY
11:55:58.214,-3.38,68.85,16.55,-0.75,0.00,0.00,98,0,0,35.12,30.50,82.00,ANOMALY
11:55:58.452,-3.38,68.85,16.55,-0.75,0.00,0.00,98,0,0,35.12,30.50,82.00,ANOMALY
11:55:59.078,-3.38,68.85,16.55,-0.75,0.00,0.00,98,0,0,35.12,30.50,82.00,ANOMALY
11:55:59.080,-3.38,68.85,16.55,-0.75,0.00,0.00,98,0,0,35.12,30.50,82.00,ANOMALY
11:55:59.353,-3.38,68.85,16.55,-0.75,0.00,0.00,98,0,0,35.12,30.50,82.00,ANOMALY
11:55:59.586,-3.38,68.85,16.55,-0.75,0.00,0.00,98,0,0,35.12,30.50,82.00,ANOMALY
11:55:59.870,-3.38,68.85,16.55,-0.75,0.00,0.00,98,0,0,35.12,30.50,82.00,ANOMALY
11:56:00.360,-3.38,68.85,16.55,-0.75,0.00,0.00,98,0,0,35.12,30.50,82.00,ANOMALY
11:56:00.466,-3.38,68.85,16.55,-0.75,0.00,0.00,98,0,0,35.12,30.50,82.00,ANOMALY
11:56:00.776,-3.38,68.85,16.55,-0.75,0.00,0.00,98,0,0,35.12,30.50,81.70,ANOMALY
11:56:01.010,-3.38,68.85,16.55,-0.75,0.00,0.00,98,0,0,35.12,30.50,81.70,ANOMALY
11:56:01.359,-3.38,68.85,16.55,-0.75,0.00,0.00,98,0,0,35.12,30.50,81.70,ANOMALY
11:56:01.593,-3.38,68.85,16.55,-0.75,0.00,0.00,98,0,0,35.12,30.50,81.70,ANOMALY
11:56:01.902,-3.38,68.85,16.55,-0.75,0.00,0.00,98,0,0,35.12,30.50,81.70,ANOMALY
11:56:02.144,-3.38,68.85,16.55,-0.75,0.00,0.00,98,0,0,35.12,30.50,81.70,ANOMALY
11:56:02.428,-3.38,68.85,16.55,-0.75,0.00,0.00,98,0,0,35.06,30.50,81.70,ANOMALY
11:56:03.054,-3.38,68.85,16.55,-0.75,0.00,0.00,98,0,0,35.06,30.50,81.70,ANOMALY
11:56:03.056,-3.38,68.85,16.55,-0.75,0.00,0.00,98,0,0,35.06,30.60,81.50,ANOMALY
11:56:03.334,-3.38,68.85,16.55,-0.75,0.00,0.00,98,0,0,35.12,30.60,81.50,ANOMALY
11:56:03.566,-3.38,68.85,16.55,-0.75,0.00,0.00,98,0,0,35.12,30.60,81.50,ANOMALY
11:56:03.850,-3.38,68.85,16.55,-0.75,0.00,0.00,98,0,0,35.12,30.60,81.50,ANOMALY
11:56:04.588,-3.38,68.85,16.55,-0.75,0.00,0.00,98,0,0,35.12,30.60,81.50,ANOMALY
11:56:04.590,-3.38,68.85,16.55,-0.75,0.00,0.00,98,0,0,35.12,30.60,81.50,ANOMALY
11:56:04.700,-3.38,68.85,16.55,-0.75,0.00,0.00,98,0,0,35.12,30.60,81.50,ANOMALY
11:56:04.988,-3.38,68.85,16.55,-0.75,0.00,0.00,98,0,0,35.12,30.60,81.50,ANOMALY
11:56:05.283,-3.38,68.85,16.55,-0.75,0.00,0.00,98,0,0,35.12,30.60,81.20,ANOMALY
11:56:06.054,-3.38,68.85,16.55,-0.75,0.00,0.00,98,0,0,35.12,30.60,81.20,ANOMALY
11:56:06.056,-3.38,68.85,16.55,-0.75,0.00,0.00,98,0,0,35.12,30.60,81.20,ANOMALY
11:56:06.126,-3.38,68.85,16.55,-0.75,0.00,0.00,98,0,0,35.12,30.60,81.20,ANOMALY
11:56:06.411,-3.38,68.85,16.55,-0.75,0.00,0.00,98,0,0,35.12,30.60,81.20,ANOMALY
11:56:06.713,-3.38,68.85,16.55,-0.75,0.00,0.00,98,0,0,35.06,30.60,81.20,ANOMALY
11:56:07.566,-3.38,68.85,16.55,-0.75,0.00,0.00,98,0,0,35.06,30.60,81.20,ANOMALY
11:56:07.567,-3.38,68.85,16.55,-0.75,0.00,0.00,98,0,0,35.06,30.60,81.20,ANOMALY
11:56:07.571,-3.38,68.85,16.55,-0.75,0.00,0.00,98,0,0,35.06,30.60,81.20,ANOMALY
11:56:07.840,-3.38,68.85,16.55,-0.75,0.00,0.00,98,0,0,35.06,30.60,81.20,ANOMALY
11:56:08.163,-3.38,68.85,16.55,-0.75,0.00,0.00,98,0,0,35.06,30.60,81.20,ANOMALY
11:56:08.454,-3.38,68.85,16.55,-0.75,0.00,0.00,98,0,0,35.06,30.60,81.20,ANOMALY
11:56:08.685,-3.38,68.85,16.55,-0.75,0.00,0.00,98,0,0,35.06,30.60,81.20,ANOMALY
11:56:08.969,-3.38,68.85,16.55,-0.75,0.00,0.00,98,0,0,35.06,30.60,81.20,ANOMALY
11:56:09.273,-3.38,68.85,16.55,-0.75,0.00,0.00,98,0,0,35.06,30.60,81.20,ANOMALY
11:56:09.581,-3.38,68.85,16.55,-0.75,0.00,0.00,98,0,0,35.06,30.60,81.20,ANOMALY
11:56:09.825,-3.38,68.85,16.55,-0.75,0.00,0.00,98,0,0,35.06,30.60,80.90,ANOMALY
11:56:10.213,-3.38,68.85,16.55,-0.75,0.00,0.00,98,0,0,35.06,30.60,80.90,ANOMALY
11:56:10.407,-3.38,68.85,16.55,-0.75,0.00,0.00,98,0,0,35.06,30.60,80.90,ANOMALY
11:56:10.810,-3.38,68.85,16.55,-0.75,0.00,0.00,98,0,0,35.06,30.60,80.90,ANOMALY
11:56:11.117,-3.38,68.85,16.55,-0.75,0.00,0.00,98,0,0,35.00,30.60,80.90,ANOMALY
11:56:11.322,-3.38,68.85,16.55,-0.75,0.00,0.00,98,0,0,35.00,30.60,80.90,ANOMALY
11:56:11.527,-3.38,68.85,16.55,-0.75,0.00,0.00,98,0,0,35.00,30.60,80.90,ANOMALY
11:56:11.836,-3.38,68.85,16.55,-0.75,0.00,0.00,98,0,0,35.00,30.60,80.90,ANOMALY
11:56:12.141,-3.38,68.85,16.55,-0.75,0.00,0.00,98,0,0,35.00,30.70,80.80,ANOMALY
11:56:12.382,-3.38,68.85,16.55,-0.75,0.00,0.00,98,0,0,35.00,30.70,80.80,ANOMALY
11:56:12.669,-3.38,68.85,16.55,-0.75,0.00,0.00,98,0,0,35.00,30.70,80.80,ANOMALY
11:56:12.959,-3.38,68.85,16.55,-0.75,0.00,0.00,98,0,0,35.00,30.70,80.80,ANOMALY
11:56:13.267,-3.38,68.85,16.55,-0.75,0.00,0.00,98,0,0,35.00,30.70,80.80,ANOMALY
11:56:13.575,-3.38,68.85,16.55,-0.75,0.00,0.00,98,0,0,35.00,30.70,80.80,ANOMALY
11:56:13.800,-3.38,68.85,16.55,-0.75,0.00,0.00,98,0,0,35.00,30.70,80.80,ANOMALY
11:56:14.085,-3.38,68.85,16.55,-0.75,0.00,0.00,98,0,0,35.00,30.70,80.80,ANOMALY
11:56:14.393,-3.38,68.85,16.55,-0.75,0.00,0.00,98,0,0,34.94,30.70,80.80,ANOMALY
11:56:14.700,-3.38,68.85,16.55,-0.75,0.00,0.00,98,0,0,34.94,30.70,80.80,ANOMALY
11:56:14.938,-3.38,68.85,16.55,-0.75,0.00,0.00,98,0,0,34.94,30.70,80.80,ANOMALY
11:56:15.317,-3.38,68.85,16.55,-0.75,0.00,0.00,98,0,0,34.94,30.70,80.80,ANOMALY
11:56:15.520,-3.38,68.85,16.55,-0.75,0.00,0.00,98,0,0,34.94,30.70,80.80,ANOMALY
11:56:15.827,-3.38,68.85,16.55,-0.75,0.00,0.00,98,0,0,34.94,30.70,80.80,ANOMALY
11:56:16.072,-3.38,68.85,16.55,-0.75,0.00,0.00,98,0,0,34.88,30.70,80.80,ANOMALY
11:56:16.358,-3.38,68.85,16.55,-0.75,0.00,0.00,98,0,0,34.88,30.70,80.80,ANOMALY
11:56:16.648,-3.38,68.85,16.55,-0.75,0.00,0.00,98,0,0,34.88,30.70,80.80,ANOMALY
11:56:16.954,-3.38,68.85,16.55,-0.75,0.00,0.00,98,0,0,34.88,30.70,80.80,ANOMALY
11:56:17.262,-3.38,68.85,16.55,-0.75,0.00,0.00,98,0,0,34.88,30.70,80.80,ANOMALY
11:56:17.499,-3.38,68.85,16.55,-0.75,0.00,0.00,98,0,0,34.88,30.70,80.80,ANOMALY
11:56:17.785,-3.38,68.85,16.55,-0.75,0.00,0.00,98,0,0,34.88,30.70,80.80,ANOMALY
11:56:18.079,-3.38,68.85,16.55,-0.75,0.00,0.00,98,0,0,34.88,30.70,80.80,ANOMALY
11:56:18.387,-3.38,68.85,16.55,-0.75,0.00,0.00,98,0,0,34.88,30.70,80.80,ANOMALY
11:56:18.633,-3.38,68.85,16.55,-0.75,0.00,0.00,98,0,0,34.81,30.70,80.80,ANOMALY
11:56:18.922,-3.38,68.85,16.55,-0.75,0.00,0.00,98,0,0,34.81,30.70,80.80,ANOMALY
11:56:19.207,-3.38,68.85,16.55,-0.75,0.00,0.00,98,0,0,34.81,30.70,80.80,ANOMALY
11:56:19.513,-3.38,68.85,16.55,-0.75,0.00,0.00,98,0,0,34.81,30.70,80.80,ANOMALY
11:56:19.821,-3.38,68.85,16.55,-0.75,0.00,0.00,98,0,0,34.81,30.70,80.80,ANOMALY
11:56:20.057,-3.38,68.85,16.55,-0.75,0.00,0.00,98,0,0,34.81,30.70,80.80,ANOMALY
11:56:20.342,-3.38,68.85,16.55,-0.75,0.00,0.00,98,0,0,34.88,30.70,80.80,ANOMALY
11:56:20.640,-3.38,68.85,16.55,-0.75,0.00,0.00,98,0,0,34.88,30.70,80.80,ANOMALY
11:56:20.948,-3.38,68.85,16.55,-0.75,0.00,0.00,98,0,0,34.88,30.70,80.80,ANOMALY
11:56:21.255,-3.38,68.85,16.55,-0.75,0.00,0.00,98,0,0,34.81,30.70,81.20,ANOMALY
11:56:21.480,-3.38,68.85,16.55,-0.75,0.00,0.00,98,0,0,34.81,30.70,81.20,ANOMALY
11:56:21.766,-3.38,68.85,16.55,-0.75,0.00,0.00,98,0,0,34.81,30.70,81.20,ANOMALY
11:56:22.074,-3.38,68.85,16.55,-0.75,0.00,0.00,98,0,0,34.81,30.70,81.20,ANOMALY
11:56:22.381,-3.38,68.85,16.55,-0.75,0.00,0.00,98,0,0,34.81,30.70,81.20,ANOMALY
11:56:22.614,-3.38,68.85,16.55,-0.75,0.00,0.00,98,0,0,34.81,30.70,81.20,ANOMALY
11:56:22.899,-3.38,68.85,16.55,-0.75,0.00,0.00,98,0,0,34.81,30.70,81.20,ANOMALY
11:56:23.200,-3.38,68.85,16.55,-0.75,0.00,0.00,98,0,0,34.81,30.70,81.20,ANOMALY
11:56:23.507,-3.38,68.85,16.55,-0.75,0.00,0.00,98,0,0,34.81,30.70,80.90,ANOMALY
11:56:23.753,-3.38,68.85,16.55,-0.75,0.00,0.00,98,0,0,34.81,30.70,80.90,ANOMALY
11:56:24.039,-3.38,68.85,16.55,-0.75,0.00,0.00,98,0,0,34.81,30.70,80.90,ANOMALY
11:56:24.326,-3.38,68.85,16.55,-0.75,0.00,0.00,98,0,0,34.81,30.70,80.90,ANOMALY
11:56:24.634,-3.38,68.85,16.55,-0.75,0.00,0.00,98,0,0,34.81,30.70,80.90,ANOMALY
11:56:24.941,-3.38,68.85,16.55,-0.75,0.00,0.00,98,0,0,34.81,30.70,80.90,ANOMALY
11:56:25.171,-3.38,68.85,16.55,-0.75,0.00,0.00,98,0,0,34.81,30.70,80.90,ANOMALY
11:56:25.455,-3.38,68.85,16.55,-0.75,0.00,0.00,98,0,0,34.81,30.70,80.90,ANOMALY
11:56:25.761,-3.38,68.85,16.55,-0.75,0.00,0.00,98,0,0,34.81,30.70,81.60,ANOMALY
11:56:26.067,-3.38,68.85,16.55,-0.75,0.00,0.00,98,0,0,34.81,30.70,81.60,ANOMALY
11:56:26.310,-3.38,68.85,16.55,-0.75,0.00,0.00,98,0,0,34.81,30.70,81.60,ANOMALY
11:56:26.594,-3.38,68.85,16.55,-0.75,0.00,0.00,98,0,0,34.81,30.70,81.60,ANOMALY
11:56:26.886,-3.38,68.85,16.55,-0.75,0.00,0.00,98,0,0,34.81,30.70,81.60,ANOMALY
11:56:27.194,-3.38,68.85,16.55,-0.75,0.00,0.00,98,0,0,34.81,30.70,81.60,ANOMALY
11:56:27.502,-3.38,68.85,16.55,-0.75,0.00,0.00,98,0,0,34.81,30.70,81.60,ANOMALY
11:56:27.730,-3.38,68.85,16.55,-0.75,0.00,0.00,98,0,0,34.81,30.70,81.60,ANOMALY
11:56:28.019,-3.38,68.85,16.55,-0.75,0.00,0.00,98,0,0,34.81,30.70,81.90,ANOMALY
11:56:28.320,-3.38,68.85,16.55,-0.75,0.00,0.00,98,0,0,34.81,30.70,81.90,GRAZING
11:56:28.729,-3.38,68.85,16.55,-0.75,0.00,0.00,98,0,0,34.81,30.70,81.90,GRAZING
11:56:28.870,-3.38,68.85,16.55,-0.75,0.00,0.00,98,0,0,34.88,30.70,81.90,GRAZING
11:56:29.153,-3.38,68.85,16.55,-0.75,0.00,0.00,98,0,0,34.88,30.70,81.90,GRAZING
11:56:29.447,-3.38,68.85,16.55,-0.75,0.00,0.00,98,0,0,34.88,30.70,81.90,GRAZING
11:56:29.755,-3.38,68.85,16.55,-0.75,0.00,0.00,98,0,0,34.81,30.70,81.90,GRAZING
11:56:30.061,-3.38,68.85,16.55,-0.75,0.00,0.00,98,0,0,34.81,30.70,81.90,GRAZING
11:56:30.293,-3.38,68.85,16.55,-0.75,0.00,0.00,98,0,0,34.81,30.70,82.00,GRAZING
11:56:30.577,-3.38,68.85,16.55,-0.75,0.00,0.00,98,0,0,34.81,30.70,82.00,GRAZING
11:56:30.880,-3.38,68.85,16.55,-0.75,0.00,0.00,98,0,0,34.81,30.70,82.00,GRAZING
11:56:31.187,-3.38,68.85,16.55,-0.75,0.00,0.00,98,0,0,34.81,30.70,82.00,GRAZING
11:56:31.427,-3.38,68.85,16.55,-0.75,0.00,0.00,98,0,0,34.81,30.70,82.00,GRAZING
11:56:31.712,-3.38,68.85,16.55,-0.75,0.00,0.00,98,0,0,34.81,30.70,82.00,GRAZING
11:56:32.006,-3.38,68.85,16.55,-0.75,0.00,0.00,98,0,0,34.81,30.70,82.00,GRAZING
11:56:32.314,-3.38,68.85,16.55,-0.75,0.00,0.00,98,0,0,34.81,30.70,82.00,GRAZING
11:56:32.620,-3.38,68.85,16.55,-0.75,0.00,0.00,98,0,0,34.81,30.70,82.20,GRAZING
11:56:32.851,-3.38,68.85,16.55,-0.75,0.00,0.00,98,0,0,34.81,30.70,82.20,GRAZING
11:56:33.135,-3.38,68.85,16.55,-0.75,0.00,0.00,98,0,0,34.81,30.70,82.20,GRAZING
11:56:33.440,-3.38,68.85,16.55,-0.75,0.00,0.00,98,0,0,34.81,30.70,82.20,GRAZING
11:56:33.747,-3.38,68.85,16.55,-0.75,0.00,0.00,98,0,0,34.81,30.70,82.20,GRAZING
11:56:33.985,-3.38,68.85,16.55,-0.75,0.00,0.00,98,0,0,34.81,30.70,82.20,GRAZING
11:56:34.269,-3.38,68.85,16.55,-0.75,0.00,0.00,98,0,0,34.81,30.70,82.20,GRAZING
11:56:34.566,-3.38,68.85,16.55,-0.75,0.00,0.00,98,0,0,34.81,30.70,82.20,GRAZING
11:56:34.876,-3.38,68.85,16.55,-0.75,0.00,0.00,98,0,0,34.88,30.70,82.40,GRAZING
11:56:35.183,-3.38,68.85,16.55,-0.75,0.00,0.00,98,0,0,34.88,30.70,82.40,GRAZING
11:56:35.409,-3.38,68.85,16.55,-0.75,0.00,0.00,98,0,0,34.88,30.70,82.40,GRAZING
11:56:35.694,-3.38,68.85,16.55,-0.75,0.00,0.00,98,0,0,34.88,30.70,82.40,GRAZING
11:56:36.001,-3.38,68.85,16.55,-0.75,0.00,0.00,98,0,0,34.88,30.70,82.40,GRAZING
11:56:36.307,-3.38,68.85,16.55,-0.75,0.00,0.00,98,0,0,34.88,30.70,82.40,GRAZING
11:56:36.544,-3.38,68.85,16.55,-0.75,0.00,0.00,98,0,0,34.88,30.70,82.40,GRAZING
11:56:36.828,-3.38,68.85,16.55,-0.75,0.00,0.00,98,0,0,34.88,30.70,82.40,GRAZING
11:56:37.126,-3.38,68.85,16.55,-0.75,0.00,0.00,98,0,0,34.88,30.80,82.40,GRAZING
11:56:37.437,-3.38,68.85,16.55,-0.75,0.00,0.00,98,0,0,34.88,30.80,82.40,GRAZING
11:56:37.741,-3.38,68.85,16.55,-0.75,0.00,0.00,98,0,0,34.88,30.80,82.40,GRAZING
11:56:37.970,-3.38,68.85,16.55,-0.75,0.00,0.00,98,0,0,34.88,30.80,82.40,GRAZING
11:56:38.253,-3.38,68.85,16.55,-0.75,0.00,0.00,98,0,0,34.88,30.80,82.40,GRAZING
11:56:38.560,-3.38,68.85,16.55,-0.75,0.00,0.00,98,0,0,34.88,30.80,82.40,GRAZING
11:56:38.868,-3.38,68.85,16.55,-0.75,0.00,0.00,98,0,0,34.88,30.80,82.40,GRAZING
11:56:39.104,-3.38,68.85,16.55,-0.75,0.00,0.00,98,0,0,34.94,30.80,82.40,GRAZING
11:56:39.393,-3.38,68.85,16.55,-0.75,0.00,0.00,98,0,0,34.94,30.80,82.30,GRAZING
11:56:39.686,-3.38,68.85,16.55,-0.75,0.00,0.00,98,0,0,34.94,30.80,82.30,GRAZING
11:56:39.993,-3.38,68.85,16.55,-0.75,0.00,0.00,98,0,0,34.94,30.80,82.30,GRAZING
11:56:40.301,-3.38,68.85,16.55,-0.75,0.00,0.00,98,0,0,34.94,30.80,82.30,GRAZING
11:56:40.525,-3.38,68.85,16.55,-0.75,0.00,0.00,98,0,0,34.94,30.80,82.30,GRAZING
11:56:40.855,-3.38,68.85,16.55,-0.75,0.00,0.00,98,0,0,34.94,30.80,82.30,GRAZING
11:56:41.121,-3.38,68.85,16.55,-0.75,0.00,0.00,98,0,0,34.94,30.80,82.30,GRAZING
11:56:41.427,-3.38,68.85,16.55,-0.75,0.00,0.00,98,0,0,34.94,30.80,82.30,GRAZING
11:56:41.664,-3.38,68.85,16.55,-0.75,0.00,0.00,98,0,0,34.94,30.80,82.40,GRAZING
11:56:41.948,-3.38,68.85,16.55,-0.75,0.00,0.00,98,0,0,34.94,30.80,82.40,GRAZING
11:56:42.247,-3.38,68.85,16.55,-0.75,0.00,0.00,98,0,0,34.94,30.80,82.40,GRAZING
11:56:42.554,-3.38,68.85,16.55,-0.75,0.00,0.00,98,0,0,34.94,30.80,82.40,GRAZING
11:56:42.800,-3.38,68.85,16.55,-0.75,0.00,0.00,98,0,0,34.94,30.80,82.40,GRAZING
11:56:43.086,-3.38,68.85,16.55,-0.75,0.00,0.00,98,0,0,34.94,30.80,82.40,GRAZING
11:56:43.373,-3.38,68.85,16.55,-0.75,0.00,0.00,98,0,0,34.94,30.80,82.40,GRAZING
11:56:43.681,-3.38,68.85,16.55,-0.75,0.00,0.00,98,0,0,34.94,30.80,82.40,GRAZING
11:56:43.988,-3.38,68.85,16.55,-0.75,0.00,0.00,98,0,0,34.94,30.80,82.60,GRAZING
11:56:44.224,-3.38,68.85,16.55,-0.75,0.00,0.00,98,0,0,34.94,30.80,82.60,GRAZING
11:56:44.508,-3.38,68.85,16.55,-0.75,0.00,0.00,98,0,0,34.94,30.80,82.60,GRAZING
11:56:44.806,-3.38,68.85,16.55,-0.75,0.00,0.00,98,0,0,34.94,30.80,82.60,GRAZING
11:56:45.113,-3.38,68.85,16.55,-0.75,0.00,0.00,98,0,0,34.94,30.80,82.60,GRAZING
11:56:45.357,-3.38,68.85,16.55,-0.75,0.00,0.00,98,0,0,34.94,30.80,82.60,GRAZING
11:56:45.641,-3.38,68.85,16.55,-0.75,0.00,0.00,98,0,0,34.94,30.80,82.60,GRAZING
11:56:45.933,-3.38,68.85,16.55,-0.75,0.00,0.00,98,0,0,34.94,30.80,82.60,GRAZING
11:56:46.241,-3.38,68.85,16.55,-0.75,0.00,0.00,98,0,0,34.94,30.80,82.80,GRAZING
11:56:46.548,-3.38,68.85,16.55,-0.75,0.00,0.00,98,0,0,34.94,30.80,82.80,GRAZING
11:56:46.782,-3.38,68.85,16.55,-0.75,0.00,0.00,98,0,0,34.94,30.80,82.80,GRAZING
11:56:47.067,-3.38,68.85,16.55,-0.75,0.00,0.00,98,0,0,34.94,30.80,82.80,GRAZING
11:56:47.366,-3.38,68.85,16.55,-0.75,0.00,0.00,98,0,0,34.94,30.80,82.80,GRAZING
11:56:47.673,-3.38,68.85,16.55,-0.75,0.00,0.00,98,0,0,35.00,30.80,82.80,GRAZING
11:56:47.920,-3.38,68.85,16.55,-0.75,0.00,0.00,98,0,0,35.00,30.80,82.80,GRAZING
11:56:48.204,-3.38,68.85,16.55,-0.75,0.00,0.00,98,0,0,35.00,30.80,82.80,GRAZING
11:56:48.494,-3.38,68.85,16.55,-0.75,0.00,0.00,98,0,0,35.00,30.80,83.10,GRAZING
11:56:48.800,-3.38,68.85,16.55,-0.75,0.00,0.00,98,0,0,35.00,30.80,83.10,GRAZING
11:56:49.107,-3.38,68.85,16.55,-0.75,0.00,0.00,98,0,0,35.00,30.80,83.10,GRAZING
11:56:49.344,-3.38,68.85,16.55,-0.75,0.00,0.00,98,0,0,35.00,30.80,83.10,GRAZING
11:56:49.628,-3.38,68.85,16.55,-0.75,0.00,0.00,98,0,0,35.00,30.80,83.10,GRAZING
11:56:49.926,-3.38,68.85,16.55,-0.75,0.00,0.00,98,0,0,35.00,30.80,83.10,GRAZING
11:56:50.234,-3.38,68.85,16.55,-0.75,0.00,0.00,98,0,0,35.00,30.80,83.10,GRAZING
11:56:50.477,-3.38,68.85,16.55,-0.75,0.00,0.00,98,0,0,35.00,30.80,83.10,GRAZING
11:56:50.770,-3.38,68.85,16.55,-0.75,0.00,0.00,98,0,0,35.00,30.80,83.00,GRAZING
11:56:51.054,-3.38,68.85,16.55,-0.75,0.00,0.00,98,0,0,35.00,30.80,83.00,GRAZING
11:56:51.361,-3.38,68.85,16.55,-0.75,0.00,0.00,98,0,0,35.00,30.80,83.00,GRAZING
11:56:51.669,-3.38,68.85,16.55,-0.75,0.00,0.00,98,0,0,35.00,30.80,83.00,GRAZING
11:56:51.904,-3.38,68.85,16.55,-0.75,0.00,0.00,98,0,0,35.06,30.80,83.00,GRAZING
11:56:52.189,-3.38,68.85,16.55,-0.75,0.00,0.00,98,0,0,35.06,30.80,83.00,GRAZING
11:56:52.487,-3.38,68.85,16.55,-0.75,0.00,0.00,98,0,0,35.06,30.80,83.00,GRAZING
11:56:52.793,-3.38,68.85,16.55,-0.75,0.00,0.00,98,0,0,35.00,30.80,83.00,GRAZING
11:56:53.102,-3.38,68.85,16.55,-0.75,0.00,0.00,98,0,0,35.00,30.80,83.00,GRAZING
11:56:53.328,-3.38,68.85,16.55,-0.75,0.00,0.00,98,0,0,35.00,30.80,83.00,GRAZING
11:56:53.612,-3.38,68.85,16.55,-0.75,0.00,0.00,98,0,0,35.06,30.80,83.00,GRAZING
11:56:53.920,-3.38,68.85,16.55,-0.75,0.00,0.00,98,0,0,35.06,30.80,83.00,GRAZING
11:56:54.226,-3.38,68.85,16.55,-0.75,0.00,0.00,98,0,0,35.06,30.80,83.00,GRAZING
11:56:54.459,-3.38,68.85,16.55,-0.75,0.00,0.00,98,0,0,35.00,30.80,83.00,GRAZING
11:56:54.746,-3.38,68.85,16.55,-0.75,0.00,0.00,98,0,0,35.00,30.80,83.00,GRAZING
11:56:55.047,-3.38,68.85,16.55,-0.75,0.00,0.00,98,0,0,35.00,30.80,83.00,GRAZING
11:56:55.355,-3.38,68.85,16.55,-0.75,0.00,0.00,98,0,0,35.00,30.80,82.70,GRAZING
11:56:55.598,-3.38,68.85,16.55,-0.75,0.00,0.00,98,0,0,35.00,30.80,82.70,GRAZING
11:56:55.882,-3.38,68.85,16.55,-0.75,0.00,0.00,98,0,0,35.00,30.80,82.70,GRAZING
11:56:56.173,-3.38,68.85,16.55,-0.75,0.00,0.00,98,0,0,35.06,30.80,82.70,GRAZING
11:56:56.483,-3.38,68.85,16.55,-0.75,0.00,0.00,98,0,0,35.06,30.80,82.70,GRAZING
11:56:56.905,-3.38,68.85,16.55,-0.75,0.00,0.00,98,0,0,35.06,30.80,82.70,GRAZING
11:56:57.109,-3.38,68.85,16.55,-0.75,0.00,0.00,98,0,0,35.00,30.80,82.70,GRAZING
11:56:57.398,-3.38,68.85,16.55,-0.75,0.00,0.00,98,0,0,35.00,30.80,82.70,GRAZING
11:56:57.618,-3.38,68.85,16.55,-0.75,0.00,0.00,98,0,0,35.00,30.80,82.30,GRAZING
11:56:58.030,-3.38,68.85,16.55,-0.75,0.00,0.00,98,0,0,35.06,30.80,82.30,GRAZING
11:56:58.233,-3.38,68.85,16.55,-0.75,0.00,0.00,98,0,0,35.06,30.80,82.30,GRAZING
11:56:58.532,-3.38,68.85,16.55,-0.75,0.00,0.00,98,0,0,35.06,30.80,82.30,GRAZING
11:56:58.838,-3.38,68.85,16.55,-0.75,0.00,0.00,98,0,0,35.06,30.80,82.30,GRAZING
11:56:59.152,-3.38,68.85,16.55,-0.75,0.00,0.00,98,0,0,35.06,30.80,82.30,GRAZING
11:56:59.350,-3.38,68.85,16.55,-0.75,0.00,0.00,98,0,0,35.06,30.80,82.30,GRAZING
11:56:59.667,-3.38,68.85,16.55,-0.75,0.00,0.00,98,0,0,35.06,30.80,82.30,GRAZING
11:56:59.866,-3.38,68.85,16.55,-0.75,0.00,0.00,98,0,0,35.06,30.80,82.10,GRAZING
11:57:00.168,-3.38,68.85,16.55,-0.75,0.00,0.00,98,0,0,35.06,30.80,82.10,GRAZING
11:57:00.474,-3.38,68.85,16.55,-0.75,0.00,0.00,98,0,0,35.06,30.80,82.10,GRAZING
11:57:00.716,-3.38,68.85,16.55,-0.75,0.00,0.00,98,0,0,35.06,30.80,82.10,GRAZING
11:57:00.999,-3.38,68.85,16.55,-0.75,0.00,0.00,98,0,0,35.06,30.80,82.10,GRAZING
11:57:01.293,-3.38,68.85,16.55,-0.75,0.00,0.00,98,0,0,35.06,30.80,82.10,GRAZING
11:57:01.601,-3.38,68.85,16.55,-0.75,0.00,0.00,98,0,0,35.06,30.80,82.10,GRAZING
11:57:02.424,-3.38,68.85,16.55,-0.75,0.00,0.00,98,0,0,35.06,30.80,81.90,GRAZING
11:57:02.426,-3.38,68.85,16.55,-0.75,0.00,0.00,98,0,0,35.06,30.80,81.90,GRAZING
11:57:02.726,-3.38,68.85,16.55,-0.75,0.00,0.00,98,0,0,35.06,30.80,81.90,GRAZING
11:57:03.035,-3.38,68.85,16.55,-0.75,0.00,0.00,98,0,0,35.06,30.80,81.90,GRAZING
11:57:03.273,-3.38,68.85,16.55,-0.75,0.00,0.00,98,0,0,35.06,30.80,81.90,GRAZING
11:57:03.557,-3.38,68.85,16.55,-0.75,0.00,0.00,98,0,0,35.06,30.80,81.90,GRAZING
11:57:03.852,-3.38,68.85,16.55,-0.75,0.00,0.00,98,0,0,35.06,30.80,81.90,GRAZING
11:57:04.160,-3.38,68.85,16.55,-0.75,0.00,0.00,98,0,0,35.06,30.80,81.90,GRAZING
11:57:04.467,-3.38,68.85,16.55,-0.75,0.00,0.00,98,0,0,35.06,30.80,81.90,GRAZING
11:57:04.695,-3.38,68.85,16.55,-0.75,0.00,0.00,98,0,0,35.12,30.80,81.90,GRAZING
11:57:04.979,-3.38,68.85,16.55,-0.75,0.00,0.00,98,0,0,35.12,30.80,81.90,GRAZING
11:57:05.287,-3.38,68.85,16.55,-0.75,0.00,0.00,98,0,0,35.12,30.80,81.90,GRAZING
11:57:05.594,-3.38,68.85,16.55,-0.75,0.00,0.00,98,0,0,35.12,30.80,81.90,GRAZING
11:57:05.829,-3.38,68.85,16.55,-0.75,0.00,0.00,98,0,0,35.12,30.80,81.90,GRAZING
11:57:06.114,-3.38,68.85,16.55,-0.75,0.00,0.00,98,0,0,35.12,30.80,81.90,GRAZING
11:57:06.413,-3.38,68.85,16.55,-0.75,0.00,0.00,98,0,0,35.12,30.80,81.90,GRAZING
11:57:06.720,-3.38,68.85,16.55,-0.75,0.00,0.00,98,0,0,35.12,30.80,82.00,GRAZING
11:57:07.538,-3.38,68.85,16.55,-0.75,0.00,0.00,98,0,0,35.12,30.80,82.00,GRAZING
11:57:07.541,-3.38,68.85,16.55,-0.75,0.00,0.00,98,0,0,35.12,30.80,82.00,GRAZING
11:57:07.846,-3.38,68.85,16.55,-0.75,0.00,0.00,98,0,0,35.12,30.80,82.00,GRAZING
11:57:08.153,-3.38,68.85,16.55,-0.75,0.00,0.00,98,0,0,35.12,30.80,82.00,GRAZING
11:57:08.385,-3.38,68.85,16.55,-0.75,0.00,0.00,98,0,0,35.12,30.80,82.00,GRAZING
11:57:08.669,-3.38,68.85,16.55,-0.75,0.00,0.00,98,0,0,35.12,30.80,82.00,GRAZING
11:57:08.973,-3.38,68.85,16.55,-0.75,0.00,0.00,98,0,0,35.12,30.80,82.20,GRAZING
11:57:09.281,-3.38,68.85,16.55,-0.75,0.00,0.00,98,0,0,35.12,30.80,82.20,GRAZING
11:57:09.523,-3.38,68.85,16.55,-0.75,0.00,0.00,98,0,0,35.12,30.80,82.20,GRAZING
11:57:09.808,-3.38,68.85,16.55,-0.75,0.00,0.00,98,0,0,35.12,30.80,82.20,GRAZING
11:57:10.099,-3.38,68.85,16.55,-0.75,0.00,0.00,98,0,0,35.12,30.80,82.20,GRAZING
11:57:10.410,-3.38,68.85,16.55,-0.75,0.00,0.00,98,0,0,35.12,30.80,82.20,GRAZING
11:57:10.714,-3.38,68.85,16.55,-0.75,0.00,0.00,98,0,0,35.12,30.80,82.20,GRAZING
11:57:10.945,-3.38,68.85,16.55,-0.75,0.00,0.00,98,0,0,35.12,30.80,82.20,GRAZING
11:57:11.232,-3.38,68.85,16.55,-0.75,0.00,0.00,98,0,0,35.12,30.90,81.90,GRAZING
11:57:11.533,-3.38,68.85,16.55,-0.75,0.00,0.00,98,0,0,35.19,30.90,81.90,GRAZING
11:57:11.840,-3.38,68.85,16.55,-0.75,0.00,0.00,98,0,0,35.19,30.90,81.90,GRAZING
11:57:12.082,-3.38,68.85,16.55,-0.75,0.00,0.00,98,0,0,35.19,30.90,81.90,GRAZING
11:57:12.365,-3.38,68.85,16.55,-0.75,0.00,0.00,98,0,0,35.12,30.90,81.90,GRAZING
11:57:12.659,-3.38,68.85,16.55,-0.75,0.00,0.00,98,0,0,35.12,30.90,81.90,GRAZING
11:57:12.967,-3.38,68.85,16.55,-0.75,0.00,0.00,98,0,0,35.12,30.90,81.90,GRAZING
11:57:13.274,-3.38,68.85,16.55,-0.75,0.00,0.00,98,0,0,35.12,30.90,81.90,GRAZING
11:57:13.506,-3.38,68.85,16.55,-0.75,0.00,0.00,98,0,0,35.12,30.80,81.70,GRAZING
11:57:13.790,-3.38,68.85,16.55,-0.75,0.00,0.00,98,0,0,35.12,30.80,81.70,GRAZING
11:57:14.093,-3.38,68.85,16.55,-0.75,0.00,0.00,98,0,0,35.19,30.80,81.70,GRAZING
11:57:14.400,-3.38,68.85,16.55,-0.75,0.00,0.00,98,0,0,35.19,30.80,81.70,GRAZING
11:57:14.641,-3.38,68.85,16.55,-0.75,0.00,0.00,98,0,0,35.19,30.80,81.70,GRAZING
11:57:14.924,-3.38,68.85,16.55,-0.75,0.00,0.00,98,0,0,35.19,30.80,81.70,GRAZING
11:57:15.219,-3.38,68.85,16.55,-0.75,0.00,0.00,98,0,0,35.19,30.80,81.70,GRAZING
11:57:15.526,-3.38,68.85,16.55,-0.75,0.00,0.00,98,0,0,35.19,30.80,81.70,GRAZING
11:57:15.834,-3.38,68.85,16.55,-0.75,0.00,0.00,98,0,0,35.19,30.80,81.70,GRAZING
11:57:16.062,-3.38,68.85,16.55,-0.75,0.00,0.00,98,0,0,35.19,30.80,81.70,GRAZING
11:57:16.345,-3.38,68.85,16.55,-0.75,0.00,0.00,98,0,0,35.19,30.80,81.70,GRAZING
11:57:16.653,-3.38,68.85,16.55,-0.75,0.00,0.00,98,0,0,35.19,30.80,81.70,GRAZING
11:57:16.959,-3.38,68.85,16.55,-0.75,0.00,0.00,98,0,0,35.19,30.80,81.70,GRAZING
11:57:17.195,-3.38,68.85,16.55,-0.75,0.00,0.00,98,0,0,35.19,30.80,81.70,GRAZING
11:57:17.575,-3.38,68.85,16.55,-0.75,0.00,0.00,98,0,0,35.19,30.80,81.70,GRAZING
11:57:17.780,-3.38,68.85,16.55,-0.75,0.00,0.00,98,0,0,35.19,30.80,81.70,GRAZING
11:57:18.086,-3.38,68.85,16.55,-0.75,0.00,0.00,98,0,0,35.19,30.80,81.80,GRAZING
11:57:18.335,-3.38,68.85,16.55,-0.75,0.00,0.00,98,0,0,35.25,30.80,81.80,GRAZING
11:57:18.618,-3.38,68.85,16.55,-0.75,0.00,0.00,98,0,0,35.25,30.80,81.80,GRAZING
11:57:18.905,-3.38,68.85,16.55,-0.75,0.00,0.00,98,0,0,35.25,30.80,81.80,GRAZING
11:57:19.221,-3.38,68.85,16.55,-0.75,0.00,0.00,98,0,0,35.19,30.80,81.80,GRAZING
11:57:19.545,-3.38,68.85,16.55,-0.75,0.00,0.00,98,0,0,35.19,30.80,81.80,GRAZING
11:57:19.751,-3.38,68.85,16.55,-0.75,0.00,0.00,98,0,0,35.19,30.80,81.80,GRAZING
11:57:20.035,-3.38,68.85,16.55,-0.75,0.00,0.00,98,0,0,35.25,30.80,81.80,GRAZING
11:57:20.340,-3.38,68.85,16.55,-0.75,0.00,0.00,98,0,0,35.25,30.80,81.70,GRAZING
11:57:20.610,-3.38,68.85,16.55,-0.75,0.00,0.00,98,0,0,35.25,30.80,81.70,GRAZING
11:57:20.921,-3.38,68.85,16.55,-0.75,0.00,0.00,98,0,0,35.25,30.80,81.70,GRAZING
11:57:21.174,-3.38,68.85,16.55,-0.75,0.00,0.00,98,0,0,35.25,30.80,81.70,GRAZING
11:57:21.466,-3.38,68.85,16.55,-0.75,0.00,0.00,98,0,0,35.25,30.80,81.70,GRAZING
11:57:21.773,-3.38,68.85,16.55,-0.75,0.00,0.00,98,0,0,35.25,30.80,81.70,GRAZING
11:57:22.080,-3.38,68.85,16.55,-0.75,0.00,0.00,98,0,0,35.25,30.80,81.70,GRAZING
11:57:22.309,-3.38,68.85,16.55,-0.75,0.00,0.00,98,0,0,35.25,30.80,81.70,GRAZING
11:57:22.612,-3.38,68.85,16.55,-0.75,0.00,0.00,98,0,0,35.25,30.80,81.30,GRAZING
11:57:22.888,-3.38,68.85,16.55,-0.75,0.00,0.00,98,0,0,35.25,30.80,81.30,GRAZING
11:57:23.232,-3.38,68.85,16.55,-0.75,0.00,0.00,98,0,0,35.25,30.80,81.30,GRAZING
11:57:23.447,-3.38,68.85,16.55,-0.75,0.00,0.00,98,0,0,35.25,30.80,81.30,GRAZING
11:57:23.730,-3.38,68.85,16.55,-0.75,0.00,0.00,98,0,0,35.25,30.80,81.30,GRAZING
11:57:24.026,-3.38,68.85,16.55,-0.75,0.00,0.00,98,0,0,35.25,30.80,81.30,GRAZING
11:57:24.296,-3.38,68.85,16.55,-0.75,0.00,0.00,98,0,0,35.25,30.80,81.30,GRAZING
11:57:24.608,-3.38,68.85,16.55,-0.75,0.00,0.00,98,0,0,35.25,30.80,81.30,GRAZING
11:57:24.870,-3.38,68.85,16.55,-0.75,0.00,0.00,98,0,0,35.25,30.80,81.40,GRAZING
11:57:25.154,-3.38,68.85,16.55,-0.75,0.00,0.00,98,0,0,35.25,30.80,81.40,GRAZING
11:57:25.461,-3.38,68.85,16.55,-0.75,0.00,0.00,98,0,0,35.25,30.80,81.40,GRAZING
11:57:25.767,-3.38,68.85,16.55,-0.75,0.00,0.00,98,0,0,35.25,30.80,81.40,GRAZING
11:57:26.002,-3.38,68.85,16.55,-0.75,0.00,0.00,98,0,0,35.31,30.80,81.40,GRAZING
11:57:26.286,-3.38,68.85,16.55,-0.75,0.00,0.00,98,0,0,35.31,30.80,81.40,GRAZING
11:57:26.586,-3.38,68.85,16.55,-0.75,0.00,0.00,98,0,0,35.31,30.80,81.40,GRAZING
11:57:26.893,-3.38,68.85,16.55,-0.75,0.00,0.00,98,0,0,35.31,30.80,81.40,GRAZING
11:57:27.712,-3.38,68.85,16.55,-0.75,0.00,0.00,98,0,0,35.31,30.80,82.20,GRAZING
11:57:27.715,-3.38,68.85,16.55,-0.75,0.00,0.00,98,0,0,35.25,30.80,82.20,GRAZING
11:57:28.019,-3.38,68.85,16.55,-0.75,0.00,0.00,98,0,0,35.25,30.80,82.20,GRAZING
11:57:28.327,-3.38,68.85,16.55,-0.75,0.00,0.00,98,0,0,35.25,30.80,82.20,GRAZING
11:57:28.559,-3.38,68.85,16.55,-0.75,0.00,0.00,98,0,0,35.31,30.80,82.20,GRAZING
11:57:28.843,-3.38,68.85,16.55,-0.75,0.00,0.00,98,0,0,35.31,30.80,82.20,GRAZING
11:57:29.146,-3.38,68.85,16.55,-0.75,0.00,0.00,98,0,0,35.31,30.80,82.20,GRAZING
11:57:29.452,-3.38,68.85,16.55,-0.75,0.00,0.00,98,0,0,35.31,30.80,82.50,GRAZING
11:57:29.698,-3.38,68.85,16.55,-0.75,0.00,0.00,98,0,0,35.31,30.80,82.50,GRAZING
11:57:29.982,-3.38,68.85,16.55,-0.75,0.00,0.00,98,0,0,35.31,30.80,82.50,GRAZING
11:57:30.272,-3.38,68.85,16.55,-0.75,0.00,0.00,98,0,0,35.31,30.80,82.50,GRAZING
11:57:30.579,-3.38,68.85,16.55,-0.75,0.00,0.00,98,0,0,35.31,30.80,82.50,GRAZING
11:57:30.887,-3.38,68.85,16.55,-0.75,0.00,0.00,98,0,0,35.31,30.80,82.50,GRAZING
11:57:31.114,-3.38,68.85,16.55,-0.75,0.00,0.00,98,0,0,35.31,30.80,82.50,GRAZING
11:57:31.398,-3.38,68.85,16.55,-0.75,0.00,0.00,98,0,0,35.31,30.80,82.50,GRAZING
11:57:31.705,-3.38,68.85,16.55,-0.75,0.00,0.00,98,0,0,35.31,30.80,82.30,GRAZING
11:57:32.013,-3.38,68.85,16.55,-0.75,0.00,0.00,98,0,0,35.31,30.80,82.30,GRAZING
11:57:32.253,-3.38,68.85,16.55,-0.75,0.00,0.00,98,0,0,35.31,30.80,82.30,GRAZING
11:57:32.537,-3.38,68.85,16.55,-0.75,0.00,0.00,98,0,0,35.31,30.80,82.30,GRAZING
11:57:32.832,-3.38,68.85,16.55,-0.75,0.00,0.00,98,0,0,35.31,30.80,82.30,GRAZING
11:57:33.140,-3.38,68.85,16.55,-0.75,0.00,0.00,98,0,0,35.31,30.80,82.30,GRAZING
11:57:33.959,-3.38,68.85,16.55,-0.75,0.00,0.00,98,0,0,35.38,30.80,82.30,GRAZING
11:57:33.962,-3.38,68.85,16.55,-0.75,0.00,0.00,98,0,0,35.38,30.80,82.00,GRAZING
11:57:34.266,-3.38,68.85,16.55,-0.75,0.00,0.00,98,0,0,35.38,30.80,82.00,GRAZING
11:57:34.573,-3.38,68.85,16.55,-0.75,0.00,0.00,98,0,0,35.38,30.80,82.00,GRAZING
11:57:34.809,-3.38,68.85,16.55,-0.75,0.00,0.00,98,0,0,35.38,30.80,82.00,GRAZING
11:57:35.092,-3.38,68.85,16.55,-0.75,0.00,0.00,98,0,0,35.38,30.80,82.00,GRAZING
11:57:35.392,-3.38,68.85,16.55,-0.75,0.00,0.00,98,0,0,35.38,30.80,82.00,GRAZING
11:57:35.708,-3.38,68.85,16.55,-0.75,0.00,0.00,98,0,0,35.38,30.80,82.00,GRAZING
11:57:35.942,-3.38,68.85,16.55,-0.75,0.00,0.00,98,0,0,35.38,30.80,82.00,GRAZING
11:57:36.233,-3.38,68.85,16.55,-0.75,0.00,0.00,98,0,0,35.38,30.80,81.90,GRAZING
11:57:36.518,-3.38,68.85,16.55,-0.75,0.00,0.00,98,0,0,35.38,30.80,81.90,GRAZING
11:57:36.825,-3.38,68.85,16.55,-0.75,0.00,0.00,98,0,0,35.38,30.80,81.90,GRAZING
11:57:37.133,-3.38,68.85,16.55,-0.75,0.00,0.00,98,0,0,35.38,30.80,81.90,GRAZING
11:57:37.368,-3.38,68.85,16.55,-0.75,0.00,0.00,98,0,0,35.38,30.80,81.90,GRAZING
11:57:37.652,-3.38,68.85,16.55,-0.75,0.00,0.00,98,0,0,35.38,30.80,81.90,GRAZING
11:57:37.952,-3.38,68.85,16.55,-0.75,0.00,0.00,98,0,0,35.38,30.80,81.90,GRAZING
11:57:38.259,-3.38,68.85,16.55,-0.75,0.00,0.00,98,0,0,35.38,30.80,81.90,GRAZING
11:57:39.078,-3.38,68.85,16.55,-0.75,0.00,0.00,98,0,0,35.38,30.80,81.90,GRAZING
11:57:39.080,-3.38,68.85,16.55,-0.75,0.00,0.00,98,0,0,35.38,30.80,81.90,GRAZING
11:57:39.385,-3.38,68.85,16.55,-0.75,0.00,0.00,98,0,0,35.38,30.80,81.90,GRAZING
11:57:39.691,-3.38,68.85,16.55,-0.75,0.00,0.00,98,0,0,35.44,30.80,81.90,GRAZING
11:57:39.926,-3.38,68.85,16.55,-0.75,0.00,0.00,98,0,0,35.44,30.80,81.90,GRAZING
11:57:40.210,-3.38,68.85,16.55,-0.75,0.00,0.00,98,0,0,35.44,30.80,81.90,GRAZING
11:57:40.512,-3.38,68.85,16.55,-0.75,0.00,0.00,98,0,0,35.44,30.80,81.90,GRAZING
11:57:40.820,-3.38,68.85,16.55,-0.75,0.00,0.00,98,0,0,35.44,30.80,81.90,GRAZING
11:57:41.065,-3.38,68.85,16.55,-0.75,0.00,0.00,98,0,0,35.44,30.80,81.90,GRAZING
11:57:41.348,-3.38,68.85,16.55,-0.75,0.00,0.00,98,0,0,35.44,30.80,81.90,GRAZING
11:57:41.638,-3.38,68.85,16.55,-0.75,0.00,0.00,98,0,0,35.44,30.80,81.90,GRAZING
11:57:41.946,-3.38,68.85,16.55,-0.75,0.00,0.00,98,0,0,35.44,30.80,81.90,GRAZING
11:57:42.253,-3.38,68.85,16.55,-0.75,0.00,0.00,98,0,0,35.44,30.80,81.90,GRAZING
11:57:42.482,-3.38,68.85,16.55,-0.75,0.00,0.00,98,0,0,35.44,30.80,81.90,GRAZING
11:57:42.765,-3.38,68.85,16.55,-0.75,0.00,0.00,98,0,0,35.44,30.80,81.90,GRAZING
11:57:43.072,-3.38,68.85,16.55,-0.75,0.00,0.00,98,0,0,35.44,30.80,82.30,GRAZING
11:57:43.380,-3.38,68.85,16.55,-0.75,0.00,0.00,98,0,0,35.44,30.80,82.30,GRAZING
11:57:43.619,-3.38,68.85,16.55,-0.75,0.00,0.00,98,0,0,35.44,30.80,82.30,GRAZING
11:57:43.904,-3.38,68.85,16.55,-0.75,0.00,0.00,98,0,0,35.44,30.80,82.30,GRAZING
11:57:44.199,-3.38,68.85,16.55,-0.75,0.00,0.00,98,0,0,35.44,30.80,82.30,GRAZING
11:57:44.506,-3.38,68.85,16.55,-0.75,0.00,0.00,98,0,0,35.44,30.80,82.30,GRAZING
11:57:44.813,-3.38,68.85,16.55,-0.75,0.00,0.00,98,0,0,35.44,30.80,82.30,GRAZING
11:57:45.038,-3.38,68.85,16.55,-0.75,0.00,0.00,98,0,0,35.44,30.80,82.30,GRAZING
11:57:45.326,-3.38,68.85,16.55,-0.75,0.00,0.00,98,0,0,35.44,30.80,82.10,GRAZING
11:57:45.634,-3.38,68.85,16.55,-0.75,0.00,0.00,98,0,0,35.44,30.80,82.10,GRAZING
11:57:45.939,-3.38,68.85,16.55,-0.75,0.00,0.00,98,0,0,35.44,30.80,82.10,GRAZING
11:57:46.179,-3.38,68.85,16.55,-0.75,0.00,0.00,98,0,0,35.44,30.80,82.10,GRAZING
11:57:46.462,-3.38,68.85,16.55,-0.75,0.00,0.00,98,0,0,35.44,30.80,82.10,GRAZING
11:57:46.758,-3.38,68.85,16.55,-0.75,0.00,0.00,98,0,0,35.44,30.80,82.10,GRAZING
11:57:47.066,-3.38,68.85,16.55,-0.75,0.00,0.00,98,0,0,35.44,30.80,82.10,GRAZING
11:57:47.311,-3.38,68.85,16.55,-0.75,0.00,0.00,98,0,0,35.44,30.80,82.10,GRAZING
11:57:47.603,-3.38,68.85,16.55,-0.75,0.00,0.00,98,0,0,35.44,30.80,82.30,GRAZING
11:57:47.887,-3.38,68.85,16.55,-0.75,0.00,0.00,98,0,0,35.44,30.80,82.30,GRAZING
11:57:48.192,-3.38,68.85,16.55,-0.75,0.00,0.00,98,0,0,35.44,30.80,82.30,GRAZING
11:57:48.499,-3.38,68.85,16.55,-0.75,0.00,0.00,98,0,0,35.44,30.80,82.30,GRAZING
11:57:48.736,-3.38,68.85,16.55,-0.75,0.00,0.00,98,0,0,35.44,30.80,82.30,GRAZING
11:57:49.020,-3.38,68.85,16.55,-0.75,0.00,0.00,98,0,0,35.50,30.80,82.30,GRAZING
11:57:49.319,-3.38,68.85,16.55,-0.75,0.00,0.00,98,0,0,35.50,30.80,82.30,GRAZING
11:57:49.631,-3.38,68.85,16.55,-0.75,0.00,0.00,98,0,0,35.50,30.80,82.30,GRAZING
11:57:49.874,-3.38,68.85,16.55,-0.75,0.00,0.00,98,0,0,35.44,30.80,82.30,GRAZING
11:57:50.158,-3.38,68.85,16.55,-0.75,0.00,0.00,98,0,0,35.44,30.80,82.30,GRAZING
11:57:50.444,-3.38,68.85,16.55,-0.75,0.00,0.00,98,0,0,35.44,30.80,82.30,GRAZING
11:57:50.752,-3.38,68.85,16.55,-0.75,0.00,0.00,98,0,0,35.50,30.80,82.30,GRAZING
11:57:51.059,-3.38,68.85,16.55,-0.75,0.00,0.00,98,0,0,35.50,30.80,82.30,GRAZING
11:57:51.293,-3.38,68.85,16.55,-0.75,0.00,0.00,98,0,0,35.50,30.80,82.30,GRAZING
11:57:51.576,29.42,68.85,16.55,-0.75,0.00,0.00,98,0,0,35.44,30.80,82.30,GRAZING
11:57:51.879,-3.38,68.85,16.55,-0.75,0.00,0.00,98,0,0,35.44,30.80,82.30,GRAZING
11:57:52.186,-3.38,68.85,16.55,-0.75,0.00,0.00,98,0,0,35.44,30.80,82.50,GRAZING
11:57:52.432,-3.38,68.85,16.55,-0.75,0.00,0.00,98,0,0,35.44,30.80,82.50,GRAZING
11:57:52.715,-3.38,68.85,16.55,-0.75,0.00,0.00,98,0,0,35.44,30.80,82.50,GRAZING
11:57:53.004,-3.38,68.85,16.55,-0.75,0.00,0.00,98,0,0,35.44,30.80,82.50,GRAZING
11:57:53.312,-3.38,68.85,16.55,-0.75,0.00,0.00,98,0,0,35.50,30.80,82.50,GRAZING
11:57:53.619,-3.38,68.85,16.55,-0.75,0.00,0.00,98,0,0,35.50,30.80,82.50,GRAZING
11:57:53.847,-3.38,68.85,16.55,-0.75,0.00,0.00,98,0,0,35.50,30.80,82.50,GRAZING
11:57:54.131,-3.38,68.85,16.55,-0.75,0.00,0.00,98,0,0,35.44,30.80,82.50,GRAZING
11:57:54.439,-3.38,68.85,16.55,-0.75,0.00,0.00,98,0,0,35.44,30.80,82.70,GRAZING
11:57:54.746,-3.38,68.85,16.55,-0.75,0.00,0.00,98,0,0,35.44,30.80,82.70,GRAZING
11:57:54.985,-3.38,68.85,16.55,-0.75,0.00,0.00,98,0,0,35.50,30.80,82.70,GRAZING
11:57:55.270,-3.38,68.85,16.55,-0.75,0.00,0.00,98,0,0,35.50,30.80,82.70,GRAZING
11:57:55.565,-3.38,68.85,16.55,-0.75,0.00,0.00,98,0,0,35.50,30.80,82.70,GRAZING
11:57:55.872,-3.38,68.85,16.55,-0.75,0.00,0.00,98,0,0,35.50,30.80,82.70,GRAZING
11:57:56.179,-3.38,68.85,16.55,-0.75,0.00,0.00,98,0,0,35.50,30.80,82.70,GRAZING
11:57:56.405,-3.38,68.85,16.55,-0.75,0.00,0.00,98,0,0,35.50,30.80,82.70,GRAZING
11:57:56.695,-3.38,68.85,16.55,-0.75,0.00,0.00,98,0,0,35.50,30.80,82.50,GRAZING
11:57:56.998,-3.38,68.85,16.55,-0.75,0.00,0.00,98,0,0,35.50,30.80,82.50,GRAZING
11:57:57.306,-3.38,68.85,16.55,-0.75,0.00,0.00,98,0,0,35.50,30.80,82.50,GRAZING
11:57:57.546,-3.38,68.85,16.55,-0.75,0.00,0.00,98,0,0,35.50,30.80,82.50,GRAZING
11:57:57.828,-3.38,68.85,16.55,-0.75,0.00,0.00,98,0,0,35.50,30.80,82.50,GRAZING
11:57:58.128,-3.38,68.85,16.55,-0.75,0.00,0.00,98,0,0,35.50,30.80,82.50,GRAZING
11:57:58.434,-3.38,68.85,16.55,-0.75,0.00,0.00,98,0,0,35.50,30.80,82.50,GRAZING
11:57:58.680,-3.38,68.85,16.55,-0.75,0.00,0.00,98,0,0,35.50,30.80,82.50,GRAZING
11:57:58.969,-3.38,68.85,16.55,-0.75,0.00,0.00,98,0,0,35.50,30.80,82.50,GRAZING
11:57:59.254,-3.38,68.85,16.55,-0.75,0.00,0.00,98,0,0,35.50,30.80,82.50,GRAZING
11:57:59.559,-3.38,68.85,16.55,-0.75,0.00,0.00,98,0,0,35.50,30.80,82.50,GRAZING
11:57:59.865,-3.38,68.85,16.55,-0.75,0.00,0.00,98,0,0,35.50,30.80,82.50,GRAZING
11:58:00.105,-3.38,68.85,16.55,-0.75,0.00,0.00,98,0,0,35.50,30.80,82.50,GRAZING
11:58:00.389,-3.38,68.85,16.55,-0.75,0.00,0.00,98,0,0,35.50,30.80,82.50,GRAZING
11:58:00.685,-3.38,68.85,16.55,-0.75,0.00,0.00,98,0,0,35.50,30.80,82.50,GRAZING
11:58:00.993,-3.38,68.85,16.55,-0.75,0.00,0.00,98,0,0,35.50,30.80,82.50,GRAZING
11:58:01.299,-3.38,68.85,16.55,-0.75,0.00,0.00,98,0,0,35.50,30.80,82.10,GRAZING
11:58:01.528,-3.38,68.85,16.55,-0.75,0.00,0.00,98,0,0,35.50,30.80,82.10,GRAZING
11:58:01.812,-3.38,68.85,16.55,-0.75,0.00,0.00,98,0,0,35.50,30.80,82.10,GRAZING
11:58:02.118,-3.38,68.85,16.55,-0.75,0.00,0.00,98,0,0,35.50,30.80,82.10,GRAZING
11:58:02.425,-3.38,68.85,16.55,-0.75,0.00,0.00,98,0,0,35.50,30.80,82.10,GRAZING
11:58:02.665,-3.38,68.85,16.55,-0.75,0.00,0.00,98,0,0,35.50,30.80,82.10,GRAZING
11:58:02.948,-3.38,68.85,16.55,-0.75,0.00,0.00,98,0,0,35.50,30.80,82.10,GRAZING
11:58:03.244,-3.38,68.85,16.55,-0.75,0.00,0.00,98,0,0,35.50,30.80,82.10,GRAZING
11:58:03.553,-3.38,68.85,16.55,-0.75,0.00,0.00,98,0,0,35.44,30.80,81.80,GRAZING
11:58:03.861,-3.38,68.85,16.55,-0.75,0.00,0.00,98,0,0,35.44,30.80,81.80,GRAZING
11:58:04.088,-3.38,68.85,16.55,-0.75,0.00,0.00,98,0,0,35.44,30.80,81.80,GRAZING
11:58:04.371,-3.38,68.85,16.55,-0.75,0.00,0.00,98,0,0,35.50,30.80,81.80,GRAZING
11:58:04.679,-3.38,68.85,16.55,-0.75,0.00,0.00,98,0,0,35.50,30.80,81.80,GRAZING
11:58:04.985,-3.38,68.85,16.55,-0.75,0.00,0.00,98,0,0,35.50,30.80,81.80,GRAZING
11:58:05.221,-3.38,68.85,16.55,-0.75,0.00,0.00,98,0,0,35.50,30.80,81.80,GRAZING
11:58:05.505,-3.38,68.85,16.55,-0.75,0.00,0.00,98,0,0,35.50,30.80,81.80,GRAZING
11:58:05.806,-3.38,68.85,16.55,-0.75,0.00,0.00,98,0,0,35.50,30.80,81.20,GRAZING
11:58:06.113,-3.38,68.85,16.55,-0.75,0.00,0.00,98,0,0,35.50,30.80,81.20,GRAZING
11:58:06.360,-3.38,68.85,16.55,-0.75,0.00,0.00,98,0,0,35.50,30.80,81.20,GRAZING
11:58:06.645,-3.38,68.85,16.55,-0.75,0.00,0.00,98,0,0,35.50,30.80,81.20,GRAZING
11:58:06.931,-3.38,68.85,16.55,-0.75,0.00,0.00,98,0,0,35.50,30.80,81.20,GRAZING
11:58:07.240,-3.38,68.85,16.55,-0.75,0.00,0.00,98,0,0,35.50,30.80,81.20,GRAZING
11:58:07.546,-3.38,68.85,16.55,-0.75,0.00,0.00,98,0,0,35.50,30.80,81.20,GRAZING
11:58:07.778,-3.38,68.85,16.55,-0.75,0.00,0.00,98,0,0,35.50,30.80,81.20,GRAZING
11:58:08.069,-3.38,68.85,16.55,-0.75,0.00,0.00,98,0,0,35.50,30.80,81.10,GRAZING
11:58:08.365,-3.38,68.85,16.55,-0.75,0.00,0.00,98,0,0,35.50,30.80,81.10,GRAZING
11:58:08.672,-3.38,68.85,16.55,-0.75,0.00,0.00,98,0,0,35.50,30.80,81.10,GRAZING
11:58:08.917,-3.38,68.85,16.55,-0.75,0.00,0.00,98,0,0,35.50,30.80,81.10,GRAZING
11:58:09.201,-3.38,68.85,16.55,-0.75,0.00,0.00,98,0,0,35.50,30.80,81.10,GRAZING
11:58:09.491,-3.38,68.85,16.55,-0.75,0.00,0.00,98,0,0,35.50,30.80,81.10,GRAZING
11:58:09.799,-3.38,68.85,16.55,-0.75,0.00,0.00,98,0,0,35.50,30.80,81.10,GRAZING
11:58:10.108,-3.38,68.85,16.55,-0.75,0.00,0.00,98,0,0,35.50,30.80,81.10,GRAZING
11:58:10.341,-3.38,68.85,16.55,-0.75,0.00,0.00,98,0,0,35.56,30.80,81.20,GRAZING
11:58:10.628,-3.38,68.85,16.55,-0.75,0.00,0.00,98,0,0,35.56,30.80,81.20,GRAZING
11:58:10.926,-3.38,68.85,16.55,-0.75,0.00,0.00,98,0,0,35.56,30.80,81.20,GRAZING
11:58:11.233,-3.38,68.85,16.55,-0.75,0.00,0.00,98,0,0,35.50,30.80,81.20,GRAZING
11:58:11.476,-3.38,68.85,16.55,-0.75,0.00,0.00,98,0,0,35.50,30.80,81.20,GRAZING
11:58:11.760,-3.38,68.85,16.55,-0.75,0.00,0.00,98,0,0,35.50,30.80,81.20,GRAZING
11:58:12.051,-3.38,68.85,16.55,-0.75,0.00,0.00,98,0,0,35.50,30.80,81.20,GRAZING
11:58:12.358,-3.38,68.85,16.55,-0.75,0.00,0.00,98,0,0,35.50,30.80,81.20,GRAZING
11:58:12.666,-3.38,68.85,16.55,-0.75,0.00,0.00,98,0,0,35.50,30.80,81.10,GRAZING
11:58:12.901,-3.38,68.85,16.55,-0.75,0.00,0.00,98,0,0,35.56,30.80,81.10,GRAZING
11:58:13.183,-3.38,68.85,16.55,-0.75,0.00,0.00,98,0,0,35.56,30.80,81.10,GRAZING
11:58:13.485,-3.38,68.85,16.55,-0.75,0.00,0.00,98,0,0,35.56,30.80,81.10,GRAZING
11:58:13.792,-3.38,68.85,16.55,-0.75,0.00,0.00,98,0,0,35.56,30.80,81.10,GRAZING
11:58:14.033,-3.38,68.85,16.55,-0.75,0.00,0.00,98,0,0,35.56,30.80,81.10,GRAZING
11:58:14.319,-3.38,68.85,16.55,-0.75,0.00,0.00,98,0,0,35.56,30.80,81.10,GRAZING
11:58:14.613,-3.38,68.85,16.55,-0.75,0.00,0.00,98,0,0,35.56,30.80,81.10,GRAZING
11:58:14.919,-3.38,68.85,16.55,-0.75,0.00,0.00,98,0,0,35.56,30.80,81.10,GRAZING
11:58:15.226,-3.38,68.85,16.55,-0.75,0.00,0.00,98,0,0,35.56,30.80,81.10,GRAZING
11:58:15.458,-3.38,68.85,16.55,-0.75,0.00,0.00,98,0,0,35.56,30.80,81.10,GRAZING
11:58:15.742,-3.38,68.85,16.55,-0.75,0.00,0.00,98,0,0,35.56,30.80,81.10,GRAZING
11:58:16.045,-3.38,68.85,16.55,-0.75,0.00,0.00,98,0,0,35.56,30.80,81.10,GRAZING
11:58:16.353,-3.38,68.85,16.55,-0.75,0.00,0.00,98,0,0,35.56,30.80,81.10,GRAZING
11:58:16.592,-3.38,68.85,16.55,-0.75,0.00,0.00,98,0,0,35.56,30.80,81.10,GRAZING
11:58:16.876,-3.38,68.85,16.55,-0.75,0.00,0.00,98,0,0,35.56,30.80,81.10,GRAZING
11:58:17.172,-3.38,68.85,16.55,-0.75,0.00,0.00,98,0,0,35.56,30.80,81.10,GRAZING
11:58:17.479,-3.38,68.85,16.55,-0.75,0.00,0.00,98,0,0,35.56,30.80,81.10,GRAZING
11:58:17.787,-3.38,68.85,16.55,-0.75,0.00,0.00,98,0,0,35.56,30.80,81.10,GRAZING
11:58:18.017,-3.38,68.85,16.55,-0.75,0.00,0.00,98,0,0,35.56,30.80,81.10,GRAZING
11:58:18.301,-3.38,68.85,16.55,-0.75,0.00,0.00,98,0,0,35.56,30.80,81.10,GRAZING
11:58:18.605,-3.38,68.85,16.55,-0.75,0.00,0.00,98,0,0,35.56,30.80,81.10,GRAZING
11:58:18.912,-3.38,68.85,16.55,-0.75,0.00,0.00,98,0,0,35.56,30.80,81.10,GRAZING
11:58:19.150,-3.38,68.85,16.55,-0.75,0.00,0.00,98,0,0,35.56,30.80,81.10,GRAZING
11:58:19.439,-3.38,68.85,16.55,-0.75,0.00,0.00,98,0,0,35.56,30.80,81.00,GRAZING
11:58:19.731,-3.38,68.85,16.55,-0.75,0.00,0.00,98,0,0,35.56,30.80,81.00,GRAZING
11:58:20.038,-3.38,68.85,16.55,-0.75,0.00,0.00,98,0,0,35.56,30.80,81.00,GRAZING
11:58:20.346,-3.38,68.85,16.55,-0.75,0.00,0.00,98,0,0,35.56,30.80,81.00,GRAZING
11:58:20.573,-3.38,68.85,16.55,-0.75,0.00,0.00,98,0,0,35.56,30.80,81.00,GRAZING
11:58:20.858,-3.38,68.85,16.55,-0.75,0.00,0.00,98,0,0,35.56,30.80,81.00,GRAZING
11:58:21.164,-3.38,68.85,16.55,-0.75,0.00,0.00,98,0,0,35.56,30.80,81.00,GRAZING
11:58:21.472,-3.38,68.85,16.55,-0.75,0.00,0.00,98,0,0,35.56,30.80,81.00,GRAZING
11:58:21.713,-3.38,68.85,16.55,-0.75,0.00,0.00,98,0,0,35.56,30.80,80.70,GRAZING
11:58:21.999,-3.38,68.85,16.55,-0.75,0.00,0.00,98,0,0,35.56,30.80,80.70,GRAZING
11:58:22.291,-3.38,68.85,16.55,-0.75,0.00,0.00,98,0,0,35.56,30.80,80.70,GRAZING
11:58:22.598,-3.38,68.85,16.55,-0.75,0.00,0.00,98,0,0,35.56,30.80,80.70,GRAZING
11:58:22.907,-3.38,68.85,16.55,-0.75,0.00,0.00,98,0,0,35.56,30.80,80.70,GRAZING
11:58:23.134,-3.38,68.85,16.55,-0.75,0.00,0.00,98,0,0,35.56,30.80,80.70,GRAZING
11:58:23.417,-3.38,68.85,16.55,-0.75,0.00,0.00,98,0,0,35.56,30.80,80.70,GRAZING
11:58:23.725,-3.38,68.85,16.55,-0.75,0.00,0.00,98,0,0,35.56,30.80,80.70,GRAZING
11:58:24.036,-3.38,68.85,16.55,-0.75,0.00,0.00,98,0,0,35.56,30.80,80.60,GRAZING
11:58:24.561,-3.38,68.85,16.55,-0.75,0.00,0.00,98,0,0,35.56,30.80,80.60,GRAZING
11:58:24.563,-3.38,68.85,16.55,-0.75,0.00,0.00,98,0,0,35.56,30.80,80.60,GRAZING
11:58:24.866,-3.38,68.85,16.55,-0.75,0.00,0.00,98,0,0,35.56,30.80,80.60,GRAZING
11:58:25.163,-3.38,68.85,16.55,-0.75,0.00,0.00,98,0,0,35.56,30.80,80.60,GRAZING
11:58:25.466,-3.38,68.85,16.55,-0.75,0.00,0.00,98,0,0,35.56,30.80,80.60,GRAZING
11:58:25.781,-3.38,68.85,16.55,-0.75,0.00,0.00,98,0,0,35.56,30.80,80.60,GRAZING
11:58:26.089,-3.38,68.85,16.55,-0.75,0.00,0.00,98,0,0,35.56,30.80,80.60,GRAZING
11:58:26.286,-3.38,68.85,16.55,-0.75,0.00,0.00,98,0,0,35.56,30.90,80.60,GRAZING
11:58:26.710,-3.38,68.85,16.55,-0.75,0.00,0.00,98,0,0,35.56,30.90,80.60,GRAZING
11:58:26.900,-3.38,68.85,16.55,-0.75,0.00,0.00,98,0,0,35.56,30.90,80.60,GRAZING
11:58:27.221,-3.38,68.85,16.55,-0.75,0.00,0.00,98,0,0,35.56,30.90,80.60,GRAZING
11:58:27.413,-3.38,68.85,16.55,-0.75,0.00,0.00,98,0,0,35.62,30.90,80.60,GRAZING
11:58:27.735,-3.38,68.85,16.55,-0.75,0.00,0.00,98,0,0,35.62,30.90,80.60,GRAZING
11:58:27.962,-3.38,68.85,16.55,-0.75,0.00,0.00,98,0,0,35.62,30.90,80.60,GRAZING
11:58:28.247,-3.38,68.85,16.55,-0.75,0.00,0.00,98,0,0,35.56,30.90,80.60,GRAZING
11:58:28.537,-3.38,68.85,16.55,-0.75,0.00,0.00,98,0,0,35.56,30.80,80.70,GRAZING
11:58:28.845,-3.38,68.85,16.55,-0.75,0.00,0.00,98,0,0,35.56,30.80,80.70,GRAZING
11:58:29.152,-3.38,68.85,16.55,-0.75,0.00,0.00,98,0,0,35.56,30.80,80.70,GRAZING
11:58:29.385,-3.38,68.85,16.55,-0.75,0.00,0.00,98,0,0,35.56,30.80,80.70,GRAZING
11:58:29.670,-3.38,68.85,16.55,-0.75,0.00,0.00,98,0,0,35.56,30.80,80.70,GRAZING
11:58:29.971,-3.38,68.85,16.55,-0.75,0.00,0.00,98,0,0,35.62,30.80,80.70,GRAZING
11:58:30.279,-3.38,68.85,16.55,-0.75,0.00,0.00,98,0,0,35.62,30.80,80.70,GRAZING
11:58:30.521,-3.38,68.85,16.55,-0.75,0.00,0.00,98,0,0,35.62,30.80,80.70,GRAZING
11:58:30.810,-3.38,68.85,16.55,-0.75,0.00,0.00,98,0,0,35.62,30.90,80.70,GRAZING
11:58:31.097,-3.38,68.85,16.55,-0.75,0.00,0.00,98,0,0,35.62,30.90,80.70,GRAZING
11:58:31.405,-3.38,68.85,16.55,-0.75,0.00,0.00,98,0,0,35.62,30.90,80.70,GRAZING
11:58:31.713,-3.38,68.85,16.55,-0.75,0.00,0.00,98,0,0,35.62,30.90,80.70,GRAZING
11:58:31.944,-3.38,68.85,16.55,-0.75,0.00,0.00,98,0,0,35.62,30.90,80.70,GRAZING
11:58:32.227,-3.38,68.85,16.55,-0.75,0.00,0.00,98,0,0,35.62,30.90,80.70,GRAZING
11:58:32.531,-3.38,68.85,16.55,-0.75,0.00,0.00,98,0,0,35.62,30.90,80.70,GRAZING
11:58:33.227,-3.38,68.85,16.55,-0.75,0.00,0.00,98,0,0,35.62,30.90,80.70,GRAZING
11:58:33.229,-3.38,68.85,16.55,-0.75,0.00,0.00,98,0,0,35.62,30.90,80.70,GRAZING
11:58:33.367,-3.38,68.85,16.55,-0.75,0.00,0.00,98,0,0,35.62,30.90,80.70,GRAZING
11:58:33.657,-3.38,68.85,16.55,-0.75,0.00,0.00,98,0,0,35.62,30.90,80.70,GRAZING
11:58:33.967,-3.38,68.85,16.55,-0.75,0.00,0.00,98,0,0,35.62,30.90,80.70,GRAZING
11:58:34.272,-3.38,68.85,16.55,-0.75,0.00,0.00,98,0,0,35.62,30.90,80.70,GRAZING
11:58:34.502,-3.38,68.85,16.55,-0.75,0.00,0.00,98,0,0,35.62,30.90,80.70,GRAZING
11:58:34.787,-3.38,68.85,16.55,-0.75,0.00,0.00,98,0,0,35.62,30.90,80.70,GRAZING
11:58:35.091,-3.38,68.85,16.55,-0.75,0.00,0.00,98,0,0,35.56,30.90,80.70,GRAZING
11:58:35.399,-3.38,68.85,16.55,-0.75,0.00,0.00,98,0,0,35.56,30.90,80.80,GRAZING
11:58:35.642,-3.38,68.85,16.55,-0.75,0.00,0.00,98,0,0,35.56,30.90,80.80,GRAZING
11:58:35.925,-3.38,68.85,16.55,-0.75,0.00,0.00,98,0,0,35.62,30.90,80.80,GRAZING
11:58:36.219,-3.38,68.85,16.55,-0.75,0.00,0.00,98,0,0,35.62,30.90,80.80,GRAZING
11:58:36.525,-3.38,68.85,16.55,-0.75,0.00,0.00,98,0,0,35.62,30.90,80.80,GRAZING
11:58:36.832,-3.38,68.85,16.55,-0.75,0.00,0.00,98,0,0,35.62,30.90,80.80,GRAZING
11:58:37.060,-3.38,68.85,16.55,-0.75,0.00,0.00,98,0,0,35.62,30.90,80.80,GRAZING
11:58:37.344,-3.38,68.85,16.55,-0.75,0.00,0.00,98,0,0,35.62,30.90,80.80,GRAZING
11:58:37.651,-3.38,68.85,16.55,-0.75,0.00,0.00,98,0,0,35.62,30.90,81.10,GRAZING
11:58:37.958,-3.38,68.85,16.55,-0.75,0.00,0.00,98,0,0,35.62,30.90,81.10,GRAZING
11:58:38.198,-3.38,68.85,16.55,-0.75,0.00,0.00,98,0,0,35.62,30.90,81.10,GRAZING
11:58:38.482,-3.38,68.85,16.55,-0.75,0.00,0.00,98,0,0,35.62,30.90,81.10,GRAZING
11:58:38.778,-3.38,68.85,16.55,-0.75,0.00,0.00,98,0,0,35.62,30.90,81.10,GRAZING
11:58:39.084,-3.38,68.85,16.55,-0.75,0.00,0.00,98,0,0,35.62,30.90,81.10,GRAZING
11:58:39.332,-3.38,68.85,16.55,-0.75,0.00,0.00,98,0,0,35.62,30.90,81.10,GRAZING
11:58:39.617,-3.38,68.85,16.55,-0.75,0.00,0.00,98,0,0,35.62,30.90,81.10,GRAZING
11:58:39.906,-3.38,68.85,16.55,-0.75,0.00,0.00,98,0,0,35.62,30.90,81.20,GRAZING
11:58:40.211,-3.38,68.85,16.55,-0.75,0.00,0.00,98,0,0,35.62,30.90,81.20,GRAZING
11:58:40.520,-3.38,68.85,16.55,-0.75,0.00,0.00,98,0,0,35.62,30.90,81.20,GRAZING
11:58:40.756,-3.38,68.85,16.55,-0.75,0.00,0.00,98,0,0,35.62,30.90,81.20,GRAZING
11:58:41.041,-3.38,68.85,16.55,-0.75,0.00,0.00,98,0,0,35.69,30.90,81.20,GRAZING
11:58:41.340,-3.38,68.85,16.55,-0.75,0.00,0.00,98,0,0,35.69,30.90,81.20,GRAZING
11:58:41.646,-3.38,68.85,16.55,-0.75,0.00,0.00,98,0,0,35.69,30.90,81.20,GRAZING
11:58:41.891,-3.38,68.85,16.55,-0.75,0.00,0.00,98,0,0,35.62,30.90,81.20,GRAZING
11:58:42.180,-3.38,68.85,16.55,-0.75,0.00,0.00,98,0,0,35.62,30.90,81.30,GRAZING
11:58:42.463,-3.38,68.85,16.55,-0.75,0.00,0.00,98,0,0,35.62,30.90,81.30,GRAZING
11:58:42.772,-3.38,68.85,16.55,-0.75,0.00,0.00,98,0,0,35.69,30.90,81.30,GRAZING
11:58:43.079,-3.38,68.85,16.55,-0.75,0.00,0.00,98,0,0,35.69,30.90,81.30,GRAZING
11:58:43.314,-3.38,68.85,16.55,-0.75,0.00,0.00,98,0,0,35.69,30.90,81.30,GRAZING
11:58:43.598,-3.38,68.85,16.55,-0.75,0.00,0.00,98,0,0,35.62,30.90,81.30,GRAZING
11:58:43.898,-3.38,68.85,16.55,-0.75,0.00,0.00,98,0,0,35.62,30.90,81.30,GRAZING
11:58:44.205,-3.38,68.85,16.55,-0.75,0.00,0.00,98,0,0,35.62,30.90,81.30,GRAZING
11:58:44.453,-3.38,68.85,16.55,-0.75,0.00,0.00,98,0,0,35.69,30.90,81.50,GRAZING
11:58:44.738,-3.38,68.85,16.55,-0.75,0.00,0.00,98,0,0,35.69,30.90,81.50,GRAZING
11:58:45.024,-3.38,68.85,16.55,-0.75,0.00,0.00,98,0,0,35.69,30.90,81.50,GRAZING
11:58:45.331,-3.38,68.85,16.55,-0.75,0.00,0.00,98,0,0,35.69,30.90,81.50,GRAZING
11:58:45.638,-3.38,68.85,16.55,-0.75,0.00,0.00,98,0,0,35.69,30.90,81.50,GRAZING
11:58:45.871,-3.38,68.85,16.55,-0.75,0.00,0.00,98,0,0,35.69,30.90,81.50,GRAZING
11:58:46.156,-3.38,68.85,16.55,-0.75,0.00,0.00,98,0,0,35.69,30.90,81.50,GRAZING
11:58:46.458,-3.38,68.85,16.55,-0.75,0.00,0.00,98,0,0,35.69,30.90,81.50,GRAZING
11:58:46.765,-3.38,68.85,16.55,-0.75,0.00,0.00,98,0,0,35.69,30.90,81.50,GRAZING
11:58:47.009,-3.38,68.85,16.55,-0.75,0.00,0.00,98,0,0,35.69,30.90,81.50,GRAZING
11:58:47.296,-3.38,68.85,16.55,-0.75,0.00,0.00,98,0,0,35.69,30.90,81.50,GRAZING
11:58:47.585,-3.38,68.85,16.55,-0.75,0.00,0.00,98,0,0,35.69,30.90,81.50,GRAZING
11:58:47.891,-3.38,68.85,16.55,-0.75,0.00,0.00,98,0,0,35.69,30.90,81.50,GRAZING
11:58:48.199,-3.38,68.85,16.55,-0.75,0.00,0.00,98,0,0,35.69,30.90,81.50,GRAZING
11:58:48.430,-3.38,68.85,16.55,-0.75,0.00,0.00,98,0,0,35.69,30.90,81.50,GRAZING
11:58:48.715,-3.38,68.85,16.55,-0.75,0.00,0.00,98,0,0,35.69,30.90,81.50,GRAZING
11:58:49.018,-3.38,68.85,16.55,-0.75,0.00,0.00,98,0,0,35.69,30.90,81.50,RESTING
11:58:49.324,-3.38,68.85,16.55,-0.75,0.00,0.00,98,0,0,35.69,30.90,81.50,RESTING
11:58:49.569,-3.38,68.85,16.55,-0.75,0.00,0.00,98,0,0,35.69,30.90,81.50,RESTING
11:58:49.854,-3.38,68.85,16.55,-0.75,0.00,0.00,98,0,0,35.69,30.90,81.50,RESTING
11:58:50.144,-3.38,68.85,16.55,-0.75,0.00,0.00,98,0,0,35.69,30.90,81.50,RESTING
11:58:50.451,-3.38,68.85,16.55,-0.75,0.00,0.00,98,0,0,35.69,30.90,81.50,RESTING
11:58:50.758,-3.38,68.85,16.55,-0.75,0.00,0.00,98,0,0,35.69,30.90,81.50,RESTING
11:58:50.987,-3.38,68.85,16.55,-0.75,0.00,0.00,98,0,0,35.69,30.90,81.50,RESTING
11:58:51.275,-3.38,68.85,16.55,-0.75,0.00,0.00,98,0,0,35.75,30.90,81.50,RESTING
11:58:51.577,-3.38,68.85,16.55,-0.75,0.00,0.00,98,0,0,35.75,30.90,81.50,RESTING
11:58:51.886,-3.38,68.85,16.55,-0.75,0.00,0.00,98,0,0,35.75,30.90,81.50,RESTING
11:58:52.126,-3.38,68.85,16.55,-0.75,0.00,0.00,98,0,0,35.75,30.90,81.50,RESTING
11:58:52.414,-3.38,68.85,16.55,-0.75,0.00,0.00,98,0,0,35.75,30.90,81.50,RESTING
11:58:52.704,-3.38,68.85,16.55,-0.75,0.00,0.00,98,0,0,35.75,30.90,81.50,RESTING
11:58:53.012,-3.38,68.85,16.55,-0.75,0.00,0.00,98,0,0,35.75,30.90,81.50,RESTING
11:58:53.321,-3.38,68.85,16.55,-0.75,0.00,0.00,98,0,0,35.75,30.90,81.50,RESTING
11:58:53.551,-3.38,68.85,16.55,-0.75,0.00,0.00,98,0,0,35.75,30.90,81.40,RESTING
11:58:53.833,-3.38,68.85,16.55,-0.75,0.00,0.00,98,0,0,35.69,30.90,81.40,RESTING
11:58:54.137,-3.38,68.85,16.55,-0.75,0.00,0.00,98,0,0,35.69,30.90,81.40,RESTING
11:58:54.448,-3.38,68.85,16.55,-0.75,0.00,0.00,98,0,0,35.69,30.90,81.40,RESTING
11:58:54.683,-3.38,68.85,16.55,-0.75,0.00,0.00,98,0,0,35.75,30.90,81.40,RESTING
11:58:54.968,-3.38,68.85,16.55,-0.75,0.00,0.00,98,0,0,35.75,30.90,81.40,RESTING
11:58:55.264,-3.38,68.85,16.55,-0.75,0.00,0.00,98,0,0,35.75,30.90,81.40,RESTING
11:58:55.572,-3.38,68.85,16.55,-0.75,0.00,0.00,98,0,0,35.75,30.90,81.40,RESTING
11:58:55.879,-3.38,68.85,16.55,-0.75,0.00,0.00,98,0,0,35.75,30.90,81.30,RESTING
11:58:56.108,-3.38,68.85,16.55,-0.75,0.00,0.00,98,0,0,35.75,30.90,81.30,RESTING
11:58:56.393,-3.38,68.85,16.55,-0.75,0.00,0.00,98,0,0,35.75,30.90,81.30,RESTING
11:58:56.698,-3.38,68.85,16.55,-0.75,0.00,0.00,98,0,0,35.75,30.90,81.30,RESTING
11:58:57.005,-3.38,68.85,16.55,-0.75,0.00,0.00,98,0,0,35.75,30.90,81.30,RESTING
11:58:57.313,-3.38,68.85,16.55,-0.75,0.00,0.00,98,0,0,35.75,30.90,81.30,RESTING
11:58:57.528,-3.38,68.85,16.55,-0.75,0.00,0.00,98,0,0,35.75,30.90,81.30,RESTING
11:58:57.825,-3.38,68.85,16.55,-0.75,0.00,0.00,98,0,0,35.75,30.90,81.30,RESTING
11:58:58.132,-3.38,68.85,16.55,-0.75,0.00,0.00,98,0,0,35.75,30.90,81.30,RESTING
11:58:58.438,-3.38,68.85,16.55,-0.75,0.00,0.00,98,0,0,35.75,30.90,81.30,RESTING
11:58:58.665,-3.38,68.85,16.55,-0.75,0.00,0.00,98,0,0,35.75,30.90,81.30,RESTING
11:58:58.950,-3.38,68.85,16.55,-0.75,0.00,0.00,98,0,0,35.75,30.90,81.30,RESTING
11:58:59.257,-3.38,68.85,16.55,-0.75,0.00,0.00,98,0,0,35.75,30.90,81.30,RESTING
11:58:59.571,-3.38,68.85,16.55,-0.75,0.00,0.00,98,0,0,35.75,30.90,81.30,RESTING
11:58:59.801,-3.38,68.85,16.55,-0.75,0.00,0.00,98,0,0,35.81,30.90,81.30,RESTING
11:59:00.083,-3.38,68.85,16.55,-0.75,0.00,0.00,98,0,0,35.81,30.90,81.30,RESTING
11:59:00.386,-3.38,68.85,16.55,-0.75,0.00,0.00,98,0,0,35.81,30.90,80.90,RESTING
11:59:00.691,-3.38,68.85,16.55,-0.75,0.00,0.00,98,0,0,35.75,30.90,80.90,RESTING
11:59:00.938,-3.38,68.85,16.55,-0.75,0.00,0.00,98,0,0,35.75,30.90,80.90,RESTING
11:59:01.222,-3.38,68.85,16.55,-0.75,0.00,0.00,98,0,0,35.75,30.90,80.90,RESTING
11:59:01.534,-3.38,68.85,16.55,-0.75,0.00,0.00,98,0,0,35.75,30.90,80.90,RESTING
11:59:01.818,-3.38,68.85,16.55,-0.75,0.00,0.00,98,0,0,35.75,30.90,80.90,RESTING
11:59:02.126,-3.38,68.85,16.55,-0.75,0.00,0.00,98,0,0,35.75,30.90,80.90,RESTING
11:59:02.357,-3.38,68.85,16.55,-0.75,0.00,0.00,98,0,0,35.75,30.90,80.90,RESTING
11:59:02.646,-3.38,68.85,16.55,-0.75,0.00,0.00,98,0,0,35.75,30.90,80.50,RESTING
11:59:02.945,-3.38,68.85,16.55,-0.75,0.00,0.00,98,0,0,35.75,30.90,80.50,RESTING
11:59:03.254,-3.38,68.85,16.55,-0.75,0.00,0.00,98,0,0,35.75,30.90,80.50,RESTING
11:59:03.497,-3.38,68.85,16.55,-0.75,0.00,0.00,98,0,0,35.75,30.90,80.50,RESTING
11:59:03.782,-3.38,68.85,16.55,-0.75,0.00,0.00,98,0,0,35.75,30.90,80.50,RESTING
11:59:04.071,-3.38,68.85,16.55,-0.75,0.00,0.00,98,0,0,35.75,30.90,80.50,RESTING
11:59:04.378,-3.38,68.85,16.55,-0.75,0.00,0.00,98,0,0,35.75,30.90,80.50,RESTING
11:59:04.687,-3.38,68.85,16.55,-0.75,0.00,0.00,98,0,0,35.75,30.90,80.50,RESTING
11:59:04.921,-3.38,68.85,16.55,-0.75,0.00,0.00,98,0,0,35.75,30.90,80.10,RESTING
11:59:05.205,-3.38,68.85,16.55,-0.75,0.00,0.00,98,0,0,35.75,30.90,80.10,RESTING
11:59:05.504,-3.38,68.85,16.55,-0.75,0.00,0.00,98,0,0,35.75,30.90,80.10,RESTING
11:59:05.813,-3.38,68.85,16.55,-0.75,0.00,0.00,98,0,0,35.75,30.90,80.10,RESTING
11:59:06.056,-3.38,68.85,16.55,-0.75,0.00,0.00,98,0,0,35.75,30.90,80.10,RESTING
11:59:06.339,-3.38,68.85,16.55,-0.75,0.00,0.00,98,0,0,35.75,30.90,80.10,RESTING
11:59:06.631,-3.38,68.85,16.55,-0.75,0.00,0.00,98,0,0,35.75,30.90,80.10,RESTING
11:59:06.939,-3.38,68.85,16.55,-0.75,0.00,0.00,98,0,0,35.75,30.90,80.10,RESTING
11:59:07.246,-3.38,68.85,16.55,-0.75,0.00,0.00,98,0,0,35.75,30.90,80.00,RESTING
11:59:07.477,-3.38,68.85,16.55,-0.75,0.00,0.00,98,0,0,35.75,30.90,80.00,RESTING
11:59:07.762,-3.38,68.85,16.55,-0.75,0.00,0.00,98,0,0,35.75,30.90,80.00,RESTING
11:59:08.064,-3.38,68.85,16.55,-0.75,0.00,0.00,98,0,0,35.75,30.90,80.00,RESTING
11:59:08.371,-3.38,68.85,16.55,-0.75,0.00,0.00,98,0,0,35.75,30.90,80.00,RESTING
11:59:08.613,-3.38,68.85,16.55,-0.75,0.00,0.00,98,0,0,35.75,30.90,80.00,RESTING
11:59:08.895,-3.38,68.85,16.55,-0.75,0.00,0.00,98,0,0,35.75,30.90,80.00,RESTING
11:59:09.192,-3.38,68.85,16.55,-0.75,0.00,0.00,98,0,0,35.75,30.90,80.00,RESTING
11:59:09.499,-3.38,68.85,16.55,-0.75,0.00,0.00,98,0,0,35.75,30.90,79.80,RESTING
11:59:09.807,-3.38,68.85,16.55,-0.75,0.00,0.00,98,0,0,35.75,30.90,79.80,RESTING
11:59:10.035,-3.38,68.85,16.55,-0.75,0.00,0.00,98,0,0,35.75,30.90,79.80,RESTING
11:59:10.319,-3.38,68.85,16.55,-0.75,0.00,0.00,98,0,0,35.75,30.90,79.80,RESTING
11:59:10.626,-3.38,68.85,16.55,-0.75,0.00,0.00,98,0,0,35.75,30.90,79.80,RESTING
11:59:10.932,-3.38,68.85,16.55,-0.75,0.00,0.00,98,0,0,35.75,30.90,79.80,RESTING
11:59:11.169,-3.38,68.85,16.55,-0.75,0.00,0.00,98,0,0,35.75,30.90,79.80,RESTING
11:59:11.454,-3.38,68.85,16.55,-0.75,0.00,0.00,98,0,0,35.75,30.90,79.80,RESTING
11:59:11.751,-3.38,68.85,16.55,-0.75,0.00,0.00,98,0,0,35.75,30.90,79.90,RESTING
11:59:12.094,-3.38,68.85,16.55,-0.75,0.00,0.00,98,0,0,35.75,30.90,79.90,RESTING
11:59:12.374,-3.38,68.85,16.55,-0.75,0.00,0.00,98,0,0,35.75,30.90,79.90,RESTING
11:59:12.593,-3.38,68.85,16.55,-0.75,0.00,0.00,98,0,0,35.75,30.90,79.90,RESTING
11:59:12.876,-3.38,68.85,16.55,-0.75,0.00,0.00,98,0,0,35.75,30.90,79.90,RESTING
11:59:13.185,-3.38,68.85,16.55,-0.75,0.00,0.00,98,0,0,35.75,30.90,79.90,RESTING
11:59:13.494,-3.38,68.85,16.55,-0.75,0.00,0.00,98,0,0,35.75,30.90,79.90,RESTING
11:59:13.727,-3.38,68.85,16.55,-0.75,0.00,0.00,98,0,0,35.75,30.90,79.90,RESTING
11:59:14.017,-3.38,68.85,16.55,-0.75,0.00,0.00,98,0,0,35.75,31.00,79.90,RESTING
11:59:14.312,-3.38,68.85,16.55,-0.75,0.00,0.00,98,0,0,35.75,31.00,79.90,RESTING
11:59:14.618,-3.38,68.85,16.55,-0.75,0.00,0.00,98,0,0,35.75,31.00,79.90,RESTING
11:59:14.927,-3.38,68.85,16.55,-0.75,0.00,0.00,98,0,0,35.75,31.00,79.90,RESTING
11:59:15.154,-3.38,68.85,16.55,-0.75,0.00,0.00,98,0,0,35.75,31.00,79.90,RESTING
11:59:15.437,-3.38,68.85,16.55,-0.75,0.00,0.00,98,0,0,35.75,31.00,79.90,RESTING
11:59:15.745,-3.38,68.85,16.55,-0.75,0.00,0.00,98,0,0,35.75,31.00,79.90,RESTING
11:59:16.051,-3.38,68.85,16.55,-0.75,0.00,0.00,98,0,0,35.75,31.00,79.90,RESTING
11:59:16.292,-3.38,68.85,16.55,-0.75,0.00,0.00,98,0,0,35.75,31.00,80.00,RESTING
11:59:16.576,-3.38,68.85,16.55,-0.75,0.00,0.00,98,0,0,35.75,31.00,80.00,RESTING
11:59:16.872,-3.38,68.85,16.55,-0.75,0.00,0.00,98,0,0,35.75,31.00,80.00,RESTING
11:59:17.180,-3.38,68.85,16.55,-0.75,0.00,0.00,98,0,0,35.75,31.00,80.00,RESTING
11:59:17.484,-3.38,68.85,16.55,-0.75,0.00,0.00,98,0,0,35.75,31.00,80.00,RESTING
11:59:17.709,-3.38,68.85,16.55,-0.75,0.00,0.00,98,0,0,35.75,31.00,80.00,RESTING
11:59:17.996,-3.38,68.85,16.55,-0.75,0.00,0.00,98,0,0,35.75,31.00,80.00,RESTING
11:59:18.304,-3.38,68.85,16.55,-0.75,0.00,0.00,98,0,0,35.75,31.00,80.00,RESTING
11:59:18.613,-3.38,68.85,16.55,-0.75,0.00,0.00,98,0,0,35.75,31.00,80.00,RESTING
11:59:18.849,-3.38,68.85,16.55,-0.75,0.00,0.00,98,0,0,35.75,31.00,80.00,RESTING
11:59:19.133,-3.38,68.85,16.55,-0.75,0.00,0.00,98,0,0,35.75,31.00,80.00,RESTING
11:59:19.431,-3.38,68.85,16.55,-0.75,0.00,0.00,98,0,0,35.75,31.00,80.00,RESTING
11:59:19.739,-3.38,68.85,16.55,-0.75,0.00,0.00,98,0,0,35.75,31.00,80.00,RESTING
11:59:19.985,-3.38,68.85,16.55,-0.75,0.00,0.00,98,0,0,35.75,31.00,80.00,RESTING
11:59:20.267,-3.38,68.85,16.55,-0.75,0.00,0.00,98,0,0,35.69,31.00,80.00,RESTING
11:59:20.556,-3.38,68.85,16.55,-0.75,0.00,0.00,98,0,0,35.69,31.00,80.00,RESTING
11:59:20.864,-3.38,68.85,16.55,-0.75,0.00,0.00,98,0,0,35.69,31.00,80.10,RESTING
11:59:21.171,-3.38,68.85,16.55,-0.75,0.00,0.00,98,0,0,35.75,31.00,80.10,RESTING
11:59:21.496,-3.38,68.85,16.55,-0.75,0.00,0.00,98,0,0,35.75,31.00,80.10,RESTING
11:59:21.800,-3.38,68.85,16.55,-0.75,0.00,0.00,98,0,0,35.75,31.00,80.10,RESTING
11:59:21.990,-3.38,68.85,16.55,-0.75,0.00,0.00,98,0,0,35.75,31.00,80.10,RESTING
11:59:22.400,-3.38,68.85,16.55,-0.75,0.00,0.00,98,0,0,35.75,31.00,80.10,RESTING
11:59:22.605,-3.38,68.85,16.55,-0.75,0.00,0.00,98,0,0,35.75,31.00,80.10,RESTING
11:59:22.824,-3.38,68.85,16.55,-0.75,0.00,0.00,98,0,0,35.69,31.00,80.10,RESTING
11:59:23.116,-3.38,68.85,16.55,-0.75,0.00,0.00,98,0,0,35.69,31.00,80.20,RESTING
11:59:23.424,-3.38,68.85,16.55,-0.75,0.00,0.00,98,0,0,35.69,31.00,80.20,RESTING
11:59:23.842,-3.38,68.85,16.55,-0.75,0.00,0.00,98,0,0,35.69,31.00,80.20,RESTING
11:59:23.964,-3.38,68.85,16.55,-0.75,0.00,0.00,98,0,0,35.69,31.00,80.20,RESTING
11:59:24.248,-3.38,68.85,16.55,-0.75,0.00,0.00,98,0,0,35.69,31.00,80.20,RESTING
11:59:24.550,-3.38,68.85,16.55,-0.75,0.00,0.00,98,0,0,35.75,31.00,80.20,RESTING
11:59:24.857,-3.38,68.85,16.55,-0.75,0.00,0.00,98,0,0,35.75,31.00,80.20,RESTING
11:59:25.098,-3.38,68.85,16.55,-0.75,0.00,0.00,98,0,0,35.75,31.00,80.20,RESTING
11:59:25.387,-3.38,68.85,16.55,-0.75,0.00,0.00,98,0,0,35.69,31.00,80.10,RESTING
11:59:25.677,-3.38,68.85,16.55,-0.75,0.00,0.00,98,0,0,35.69,31.00,80.10,RESTING
11:59:25.985,-3.38,68.85,16.55,-0.75,0.00,0.00,98,0,0,35.69,31.00,80.10,RESTING
11:59:26.291,-3.38,68.85,16.55,-0.75,0.00,0.00,98,0,0,35.69,31.00,80.10,RESTING
11:59:26.522,-3.38,68.85,16.55,-0.75,0.00,0.00,98,0,0,35.69,31.00,80.10,RESTING
11:59:26.807,-3.38,68.85,16.55,-0.75,0.00,0.00,98,0,0,35.69,31.00,80.10,RESTING
11:59:27.115,-3.38,68.85,16.55,-0.75,0.00,0.00,98,0,0,35.69,31.00,80.10,RESTING
11:59:27.421,-3.38,68.85,16.55,-0.75,0.00,0.00,98,0,0,35.69,31.00,80.10,RESTING
11:59:27.663,-3.38,68.85,16.55,-0.75,0.00,0.00,98,0,0,35.69,31.00,80.20,RESTING
11:59:27.945,-3.38,68.85,16.55,-0.75,0.00,0.00,98,0,0,35.75,31.00,80.20,RESTING
11:59:28.239,-3.38,68.85,16.55,-0.75,0.00,0.00,98,0,0,35.75,31.00,80.20,RESTING
11:59:28.546,-3.38,68.85,16.55,-0.75,0.00,0.00,98,0,0,35.75,31.00,80.20,RESTING
11:59:28.851,-3.38,68.85,16.55,-0.75,0.00,0.00,98,0,0,35.75,31.00,80.20,RESTING
11:59:29.079,-3.38,68.85,16.55,-0.75,0.00,0.00,98,0,0,35.75,31.00,80.20,RESTING
11:59:29.363,-3.38,68.85,16.55,-0.75,0.00,0.00,98,0,0,35.75,31.00,80.20,RESTING
11:59:29.671,-3.38,68.85,16.55,-0.75,0.00,0.00,98,0,0,35.75,31.00,80.20,RESTING
11:59:29.977,-3.38,68.85,16.55,-0.75,0.00,0.00,98,0,0,35.75,31.00,80.10,RESTING
11:59:30.216,-3.38,68.85,16.55,-0.75,0.00,0.00,98,0,0,35.75,31.00,80.10,RESTING
11:59:30.501,-3.38,68.85,16.55,-0.75,0.00,0.00,98,0,0,35.69,31.00,80.10,RESTING
11:59:30.804,-3.38,68.85,16.55,-0.75,0.00,0.00,98,0,0,35.69,31.00,80.10,RESTING
11:59:31.213,-3.38,68.85,16.55,-0.75,0.00,0.00,98,0,0,35.69,31.00,80.10,RESTING
11:59:31.351,-3.38,68.85,16.55,-0.75,0.00,0.00,98,0,0,35.75,31.00,80.10,RESTING
11:59:31.635,-3.38,68.85,16.55,-0.75,0.00,0.00,98,0,0,35.75,31.00,80.10,RESTING
11:59:31.922,-3.38,68.85,16.55,-0.75,0.00,0.00,98,0,0,35.75,31.00,80.10,RESTING
11:59:32.232,-3.38,68.85,16.55,-0.75,0.00,0.00,98,0,0,35.69,31.00,80.20,RESTING
11:59:32.538,-3.38,68.85,16.55,-0.75,0.00,0.00,98,0,0,35.69,31.00,80.20,RESTING
11:59:32.862,-3.38,68.85,16.55,-0.75,0.00,0.00,98,0,0,35.69,31.00,80.20,RESTING
11:59:33.166,-3.38,68.85,16.55,-0.75,0.00,0.00,98,0,0,35.75,31.00,80.20,RESTING
11:59:33.466,-3.38,68.85,16.55,-0.75,0.00,0.00,98,0,0,35.75,31.00,80.20,RESTING
11:59:33.762,-3.38,68.85,16.55,-0.75,0.00,0.00,98,0,0,35.75,31.00,80.20,RESTING
11:59:33.987,-3.38,68.85,16.55,-0.75,0.00,0.00,98,0,0,35.75,31.00,80.20,RESTING
11:59:34.192,-3.38,68.85,16.55,-0.75,0.00,0.00,98,0,0,35.75,31.00,80.20,RESTING
11:59:34.483,-3.38,68.85,16.55,-0.75,0.00,0.00,98,0,0,35.75,31.00,80.20,RESTING
11:59:34.791,-3.38,68.85,16.55,-0.75,0.00,0.00,98,0,0,35.75,31.00,80.20,RESTING
11:59:35.097,-3.38,68.85,16.55,-0.75,0.00,0.00,98,0,0,35.75,31.00,80.20,RESTING
11:59:35.423,-3.38,68.85,16.55,-0.75,0.00,0.00,98,0,0,35.75,31.00,80.20,RESTING
11:59:35.613,-3.38,68.85,16.55,-0.75,0.00,0.00,98,0,0,35.75,31.00,80.20,RESTING
11:59:35.916,-3.38,68.85,16.55,-0.75,0.00,0.00,98,0,0,35.75,31.00,80.20,RESTING
11:59:36.229,-3.38,68.85,16.55,-0.75,0.00,0.00,98,0,0,35.75,31.00,80.20,RESTING
11:59:36.531,-3.38,68.85,16.55,-0.75,0.00,0.00,98,0,0,35.75,31.00,80.20,RESTING
11:59:36.844,-3.38,68.85,16.55,-0.75,0.00,0.00,98,0,0,35.75,31.00,80.20,RESTING
11:59:37.151,-3.38,68.85,16.55,-0.75,0.00,0.00,98,0,0,35.75,31.00,80.20,RESTING
11:59:37.459,-3.38,68.85,16.55,-0.75,0.00,0.00,98,0,0,35.75,31.00,80.20,RESTING
11:59:37.670,-3.38,68.85,16.55,-0.75,0.00,0.00,98,0,0,35.75,31.00,80.20,RESTING
11:59:37.884,-3.38,68.85,16.55,-0.75,0.00,0.00,98,0,0,35.75,31.00,80.20,RESTING
11:59:38.169,-3.38,68.85,16.55,-0.75,0.00,0.00,98,0,0,35.75,31.00,80.20,RESTING
11:59:38.479,-3.38,68.85,16.55,-0.75,0.00,0.00,98,0,0,35.75,31.00,80.20,RESTING
11:59:38.784,-3.38,68.85,16.55,-0.75,0.00,0.00,98,0,0,35.75,31.00,80.20,RESTING
11:59:39.023,-3.38,68.85,16.55,-0.75,0.00,0.00,98,0,0,35.75,31.00,80.40,RESTING
11:59:39.307,-3.38,68.85,16.55,-0.75,0.00,0.00,98,0,0,35.75,31.00,80.40,RESTING
11:59:39.603,-3.38,68.85,16.55,-0.75,0.00,0.00,98,0,0,35.75,31.00,80.40,RESTING
11:59:39.911,-3.38,68.85,16.55,-0.75,0.00,0.00,98,0,0,35.75,31.00,80.40,RESTING
11:59:40.157,-3.38,68.85,16.55,-0.75,0.00,0.00,98,0,0,35.75,31.00,80.40,RESTING
11:59:40.441,-3.38,68.85,16.55,-0.75,0.00,0.00,98,0,0,35.75,31.00,80.40,RESTING
11:59:40.730,-3.38,68.85,16.55,-0.75,0.00,0.00,98,0,0,35.75,31.00,80.40,RESTING
11:59:41.037,-3.38,68.85,16.55,-0.75,0.00,0.00,98,0,0,35.75,31.00,80.40,RESTING
11:59:41.344,-3.38,68.85,16.55,-0.75,0.00,0.00,98,0,0,35.75,31.10,80.40,RESTING
11:59:41.581,-3.38,68.85,16.55,-0.75,0.00,0.00,98,0,0,35.75,31.10,80.40,RESTING
11:59:41.866,-3.38,68.85,16.55,-0.75,0.00,0.00,98,0,0,35.75,31.10,80.40,RESTING
11:59:42.163,-3.38,68.85,16.55,-0.75,0.00,0.00,98,0,0,35.75,31.10,80.40,RESTING
11:59:42.472,-3.38,68.85,16.55,-0.75,0.00,0.00,98,0,0,35.75,31.10,80.40,RESTING
11:59:42.716,-3.38,68.85,16.55,-0.75,0.00,0.00,98,0,0,35.75,31.10,80.40,RESTING
11:59:43.000,-3.38,68.85,16.55,-0.75,0.00,0.00,98,0,0,35.75,31.10,80.40,RESTING
11:59:43.290,-3.38,68.85,16.55,-0.75,0.00,0.00,98,0,0,35.81,31.10,80.40,RESTING
11:59:43.597,-3.38,68.85,16.55,-0.75,0.00,0.00,98,0,0,35.81,31.10,80.40,RESTING
11:59:43.904,-3.38,68.85,16.55,-0.75,0.00,0.00,98,0,0,35.81,31.10,80.40,RESTING
11:59:44.140,-3.38,68.85,16.55,-0.75,0.00,0.00,98,0,0,35.75,31.10,80.40,RESTING
11:59:44.424,-3.38,68.85,16.55,-0.75,0.00,0.00,98,0,0,35.75,31.10,80.40,RESTING
11:59:44.725,-3.38,68.85,16.55,-0.75,0.00,0.00,98,0,0,35.75,31.10,80.40,RESTING
11:59:45.031,-3.38,68.85,16.55,-0.75,0.00,0.00,98,0,0,35.75,31.10,80.40,RESTING
11:59:45.276,-3.38,68.85,16.55,-0.75,0.00,0.00,98,0,0,35.75,31.10,80.40,RESTING
11:59:45.561,-3.38,68.85,16.55,-0.75,0.00,0.00,98,0,0,35.75,31.10,80.40,RESTING
11:59:45.851,-3.38,68.85,16.55,-0.75,0.00,0.00,98,0,0,35.81,31.10,80.50,RESTING
11:59:46.157,-3.38,68.85,16.55,-0.75,0.00,0.00,98,0,0,35.81,31.10,80.50,RESTING
11:59:46.464,-3.38,68.85,16.55,-0.75,0.00,0.00,98,0,0,35.81,31.10,80.50,RESTING
11:59:46.704,-3.38,68.85,16.55,-0.75,0.00,0.00,98,0,0,35.75,31.10,80.50,RESTING
11:59:46.989,-3.38,68.85,16.55,-0.75,0.00,0.00,98,0,0,35.75,31.10,80.50,RESTING
11:59:47.284,-3.38,68.85,16.55,-0.75,0.00,0.00,98,0,0,35.75,31.10,80.50,RESTING
11:59:47.590,-3.38,68.85,16.55,-0.75,0.00,0.00,98,0,0,35.81,31.10,80.50,RESTING
11:59:47.897,-3.38,68.85,16.55,-0.75,0.00,0.00,98,0,0,35.81,31.10,80.50,RESTING
11:59:48.125,-3.38,68.85,16.55,-0.75,0.00,0.00,98,0,0,35.81,31.10,80.50,RESTING
11:59:48.409,-3.38,68.85,16.55,-0.75,0.00,0.00,98,0,0,35.81,31.10,80.50,RESTING
11:59:48.717,-3.38,68.85,16.55,-0.75,0.00,0.00,98,0,0,35.81,31.10,80.50,RESTING
11:59:49.024,-3.38,68.85,16.55,-0.75,0.00,0.00,98,0,0,35.81,31.10,80.50,RESTING
11:59:49.261,-3.38,68.85,16.55,-0.75,0.00,0.00,98,0,0,35.75,31.10,80.50,RESTING
11:59:49.546,-3.38,68.85,16.55,-0.75,0.00,0.00,98,0,0,35.75,31.10,80.50,RESTING
11:59:49.844,-3.38,68.85,16.55,-0.75,0.00,0.00,98,0,0,35.75,31.10,80.50,RESTING
11:59:50.150,-3.38,68.85,16.55,-0.75,0.00,0.00,98,0,0,35.75,31.10,80.50,RESTING
11:59:50.458,-3.38,68.85,16.55,-0.75,0.00,0.00,98,0,0,35.75,31.10,80.90,RESTING
11:59:50.684,-3.38,68.85,16.55,-0.75,0.00,0.00,98,0,0,35.75,31.10,80.90,RESTING
11:59:50.969,-3.38,68.85,16.55,-0.75,0.00,0.00,98,0,0,35.75,31.10,80.90,RESTING
11:59:51.283,-3.38,68.85,16.55,-0.75,0.00,0.00,98,0,0,35.75,31.10,80.90,RESTING
11:59:51.584,-3.38,68.85,16.55,-0.75,0.00,0.00,98,0,0,35.75,31.10,80.90,RESTING
11:59:51.818,-3.38,68.85,16.55,-0.75,0.00,0.00,98,0,0,35.69,31.10,80.90,RESTING
11:59:52.102,-3.38,68.85,16.55,-0.75,0.00,0.00,98,0,0,35.69,31.10,80.90,RESTING
11:59:52.404,-3.38,68.85,16.55,-0.75,0.00,0.00,98,0,0,35.69,31.10,80.90,RESTING
11:59:52.711,-3.38,68.85,16.55,-0.75,0.00,0.00,98,0,0,35.69,31.10,81.10,RESTING
11:59:52.958,-3.38,68.85,16.55,-0.75,0.00,0.00,98,0,0,35.69,31.10,81.10,RESTING
11:59:53.243,-3.38,68.85,16.55,-0.75,0.00,0.00,98,0,0,35.69,31.10,81.10,RESTING
11:59:53.530,-3.38,68.85,16.55,-0.75,0.00,0.00,98,0,0,35.62,31.10,81.10,RESTING
11:59:53.838,-3.38,68.85,16.55,-0.75,0.00,0.00,98,0,0,35.62,31.10,81.10,RESTING
11:59:54.144,-3.38,68.85,16.55,-0.75,0.00,0.00,98,0,0,35.62,31.10,81.10,RESTING
11:59:54.377,-3.38,68.85,16.55,-0.75,0.00,0.00,98,0,0,35.69,31.10,81.10,RESTING
11:59:54.661,-3.38,68.85,16.55,-0.75,0.00,0.00,98,0,0,35.69,31.10,81.10,RESTING
11:59:54.964,-3.38,68.85,16.55,-0.75,0.00,0.00,98,0,0,35.69,31.10,81.30,RESTING
11:59:55.272,-3.38,68.85,16.55,-0.75,0.00,0.00,98,0,0,35.69,31.10,81.30,RESTING
11:59:55.517,-3.38,68.85,16.55,-0.75,0.00,0.00,98,0,0,35.69,31.10,81.30,RESTING
11:59:55.801,-3.38,68.85,16.55,-0.75,0.00,0.00,98,0,0,35.69,31.10,81.30,RESTING
11:59:56.089,-3.38,68.85,16.55,-0.75,0.00,0.00,98,0,0,35.69,31.10,81.30,RESTING
11:59:56.397,-3.38,68.85,16.55,-0.75,0.00,0.00,98,0,0,35.69,31.10,81.30,RESTING
11:59:56.704,-3.38,68.85,16.55,-0.75,0.00,0.00,98,0,0,35.69,31.10,81.30,RESTING
11:59:56.945,-3.38,68.85,16.55,-0.75,0.00,0.00,98,0,0,35.69,31.10,81.30,RESTING
11:59:57.227,-3.38,68.85,16.55,-0.75,0.00,0.00,98,0,0,35.69,31.10,81.50,RESTING
11:59:57.526,-3.38,68.85,16.55,-0.75,0.00,0.00,98,0,0,35.69,31.10,81.50,RESTING
11:59:57.834,-3.38,68.85,16.55,-0.75,0.00,0.00,98,0,0,35.69,31.10,81.50,RESTING
11:59:58.079,-3.38,68.85,16.55,-0.75,0.00,0.00,98,0,0,35.69,31.10,81.50,RESTING
11:59:58.360,-3.38,68.85,16.55,-0.75,0.00,0.00,98,0,0,35.69,31.10,81.50,RESTING
11:59:58.651,-3.38,68.85,16.55,-0.75,0.00,0.00,98,0,0,35.69,31.10,81.50,RESTING
11:59:59.073,-3.38,68.85,16.55,-0.75,0.00,0.00,98,0,0,35.69,31.10,81.50,RESTING
11:59:59.369,-3.38,68.85,16.55,-0.75,0.00,0.00,98,0,0,35.69,31.10,81.50,RESTING
11:59:59.570,-3.38,68.85,16.55,-0.75,0.00,0.00,98,0,0,35.69,31.10,81.50,RESTING
11:59:59.890,-3.38,68.85,16.55,-0.75,0.00,0.00,98,0,0,35.69,31.10,81.50,RESTING
12:00:00.084,-3.38,68.85,16.55,-0.75,0.00,0.00,98,0,0,35.69,31.10,81.50,RESTING
12:00:00.390,-3.38,68.85,16.55,-0.75,0.00,0.00,98,0,0,35.69,31.10,81.50,RESTING
12:00:00.634,-3.38,68.85,16.55,-0.75,0.00,0.00,98,0,0,35.69,31.10,81.50,RESTING
12:00:00.920,-3.38,68.85,16.55,-0.75,0.00,0.00,98,0,0,35.69,31.10,81.50,RESTING
12:00:01.211,-3.38,68.85,16.55,-0.75,0.00,0.00,98,0,0,35.75,31.10,81.50,RESTING
12:00:01.517,-3.38,68.85,16.55,-0.75,0.00,0.00,98,0,0,35.75,31.10,81.50,RESTING
12:00:01.824,-3.38,68.85,16.55,-0.75,0.00,0.00,98,0,0,35.75,31.10,81.80,RESTING
12:00:02.058,-3.38,68.85,16.55,-0.75,0.00,0.00,98,0,0,35.75,31.10,81.80,RESTING
12:00:02.342,-3.38,68.85,16.55,-0.75,0.00,0.00,98,0,0,35.75,31.10,81.80,RESTING
12:00:02.644,-3.38,68.85,16.55,-0.75,0.00,0.00,98,0,0,35.75,31.10,81.80,RESTING
12:00:02.951,-3.38,68.85,16.55,-0.75,0.00,0.00,98,0,0,35.75,31.10,81.80,RESTING
12:00:03.193,-3.38,68.85,16.55,-0.75,0.00,0.00,98,0,0,35.75,31.10,81.80,RESTING
12:00:03.477,-3.38,68.85,16.55,-0.75,0.00,0.00,98,0,0,35.75,31.10,81.80,RESTING
12:00:03.770,-3.38,68.85,16.55,-0.75,0.00,0.00,98,0,0,35.75,31.10,81.80,RESTING
12:00:04.191,-3.38,68.85,16.55,-0.75,0.00,0.00,98,0,0,35.75,31.10,81.80,RESTING
12:00:04.386,-3.38,68.85,16.55,-0.75,0.00,0.00,98,0,0,35.75,31.10,81.80,RESTING
12:00:04.616,-3.38,68.85,16.55,-0.75,0.00,0.00,98,0,0,35.75,31.10,81.80,RESTING
12:00:04.903,-3.38,68.85,16.55,-0.75,0.00,0.00,98,0,0,35.75,31.10,81.80,RESTING
12:00:05.316,-3.38,68.85,16.55,-0.75,0.00,0.00,98,0,0,35.75,31.10,81.80,RESTING
12:00:05.511,-3.38,68.85,16.55,-0.75,0.00,0.00,98,0,0,35.75,31.10,81.80,RESTING
12:00:05.820,-3.38,68.85,16.55,-0.75,0.00,0.00,98,0,0,35.75,31.10,81.80,RESTING
12:00:06.035,-3.38,68.85,16.55,-0.75,0.00,0.00,98,0,0,35.75,31.10,81.80,RESTING
12:00:06.432,-3.38,68.85,16.55,-0.75,0.00,0.00,98,0,0,35.75,31.10,81.60,RESTING
12:00:06.637,-3.38,68.85,16.55,-0.75,0.00,0.00,98,0,0,35.75,31.10,81.60,ANOMALY
12:00:06.944,-3.38,68.85,16.55,-0.75,0.00,0.00,98,0,0,35.75,31.10,81.60,ANOMALY
12:00:07.175,-3.38,68.85,16.55,-0.75,0.00,0.00,98,0,0,35.75,31.10,81.60,ANOMALY
12:00:07.459,-3.38,68.85,16.55,-0.75,0.00,0.00,98,0,0,35.75,31.10,81.60,ANOMALY
12:00:07.763,-3.38,68.85,16.55,-0.75,0.00,0.00,98,0,0,35.75,31.10,81.60,ANOMALY
12:00:08.070,-3.38,68.85,16.55,-0.75,0.00,0.00,98,0,0,35.69,31.10,81.60,ANOMALY
12:00:08.309,-3.38,68.85,16.55,-0.75,0.00,0.00,98,0,0,35.69,31.10,81.60,ANOMALY
12:00:08.600,-3.38,68.85,16.55,-0.75,0.00,0.00,98,0,0,35.69,31.10,81.90,ANOMALY
12:00:08.890,-3.38,68.85,16.55,-0.75,0.00,0.00,98,0,0,35.69,31.10,81.90,ANOMALY
12:00:09.197,-3.38,68.85,16.55,-0.75,0.00,0.00,98,0,0,35.69,31.10,81.90,ANOMALY
12:00:09.506,-3.38,68.85,16.55,-0.75,0.00,0.00,98,0,0,35.69,31.10,81.90,ANOMALY
12:00:09.750,-3.38,68.85,16.55,-0.75,0.00,0.00,98,0,0,35.62,31.10,81.90,ANOMALY
12:00:10.131,-3.38,68.85,16.55,-0.75,0.00,0.00,98,0,0,35.62,31.10,81.90,ANOMALY
12:00:10.323,-3.38,68.85,16.55,-0.75,0.00,0.00,98,0,0,35.62,31.10,81.90,ANOMALY
12:00:10.631,-3.38,68.85,16.55,-0.75,0.00,0.00,98,0,0,35.62,31.10,81.90,ANOMALY
12:00:10.876,-3.38,68.85,16.55,-0.75,0.00,0.00,98,0,0,35.62,31.20,82.20,ANOMALY
12:00:11.161,-3.38,68.85,16.55,-0.75,0.00,0.00,98,0,0,35.62,31.20,82.20,ANOMALY
12:00:11.450,-3.38,68.85,16.55,-0.75,0.00,0.00,98,0,0,35.69,31.20,82.20,ANOMALY
12:00:11.757,-3.38,68.85,16.55,-0.75,0.00,0.00,98,0,0,35.69,31.20,82.20,ANOMALY
12:00:12.064,-3.38,68.85,16.55,-0.75,0.00,0.00,98,0,0,35.69,31.20,82.20,ANOMALY
12:00:12.295,-3.38,68.85,16.55,-0.75,0.00,0.00,98,0,0,35.62,31.20,82.20,ANOMALY
12:00:12.679,-3.38,68.85,16.55,-0.75,0.00,0.00,98,0,0,35.62,31.20,82.20,ANOMALY
12:00:12.996,-3.38,68.85,16.55,-0.75,0.00,0.00,98,0,0,35.62,31.20,82.20,ANOMALY
12:00:13.319,-3.38,68.85,16.55,-0.75,0.00,0.00,98,0,0,35.69,31.20,82.40,ANOMALY
12:00:13.437,-3.38,68.85,16.55,-0.75,0.00,0.00,98,0,0,35.69,31.20,82.40,ANOMALY
12:00:13.720,-3.38,68.85,16.55,-0.75,0.00,0.00,98,0,0,35.69,31.20,82.40,ANOMALY
12:00:14.010,-3.38,68.85,16.55,-0.75,0.00,0.00,98,0,0,35.69,31.20,82.40,ANOMALY
12:00:14.317,-3.38,68.85,16.55,-0.75,0.00,0.00,98,0,0,35.69,31.20,82.40,ANOMALY
12:00:14.624,-3.38,68.85,16.55,-0.75,0.00,0.00,98,0,0,35.69,31.20,82.40,ANOMALY
12:00:14.850,-3.38,68.85,16.55,-0.75,0.00,0.00,98,0,0,35.62,31.20,82.40,ANOMALY
12:00:15.137,-3.38,68.85,16.55,-0.75,0.00,0.00,98,0,0,35.62,31.20,82.40,ANOMALY
12:00:15.447,-3.38,68.85,16.55,-0.75,0.00,0.00,98,0,0,35.62,31.20,82.40,ANOMALY
12:00:15.784,-3.38,68.85,16.55,-0.75,0.00,0.00,98,0,0,35.69,31.20,82.40,ANOMALY
12:00:15.990,-3.38,68.85,16.55,-0.75,0.00,0.00,98,0,0,35.69,31.20,82.40,ANOMALY
12:00:16.272,-3.38,68.85,16.55,-0.75,0.00,0.00,98,0,0,35.69,31.20,82.40,ANOMALY
12:00:16.572,-3.38,68.85,16.55,-0.75,0.00,0.00,98,0,0,35.62,31.20,82.40,ANOMALY
12:00:16.984,-3.38,68.85,16.55,-0.75,0.00,0.00,98,0,0,35.62,31.20,82.40,ANOMALY
12:00:17.184,-3.38,68.85,16.55,-0.75,0.00,0.00,98,0,0,35.62,31.20,82.40,ANOMALY
12:00:17.408,-3.38,68.85,16.55,-0.75,0.00,0.00,98,0,0,35.62,31.20,82.40,ANOMALY
12:00:17.697,-3.38,68.85,16.55,-0.75,0.00,0.00,98,0,0,35.62,31.20,82.70,ANOMALY
12:00:18.004,-3.38,68.85,16.55,-0.75,0.00,0.00,98,0,0,35.62,31.20,82.70,ANOMALY
12:00:18.311,-3.38,68.85,16.55,-0.75,0.00,0.00,98,0,0,35.62,31.20,82.70,ANOMALY
12:00:18.546,-3.38,68.85,16.55,-0.75,0.00,0.00,98,0,0,35.62,31.20,82.70,ANOMALY
12:00:18.830,-3.38,68.85,16.55,-0.75,0.00,0.00,98,0,0,35.62,31.20,82.70,ANOMALY
12:00:19.130,-3.38,68.85,16.55,-0.75,0.00,0.00,98,0,0,35.62,31.20,82.70,ANOMALY
12:00:19.437,-3.38,68.85,16.55,-0.75,0.00,0.00,98,0,0,35.62,31.20,82.70,ANOMALY
12:00:19.681,-3.38,68.85,16.55,-0.75,0.00,0.00,98,0,0,35.62,31.20,82.70,ANOMALY
12:00:19.974,-3.38,68.85,16.55,-0.75,0.00,0.00,98,0,0,35.62,31.20,82.80,ANOMALY
12:00:20.261,-3.38,68.85,16.55,-0.75,0.00,0.00,98,0,0,35.62,31.20,82.80,ANOMALY
12:00:20.565,-3.38,68.85,16.55,-0.75,0.00,0.00,98,0,0,35.62,31.20,82.80,ANOMALY
12:00:20.871,-3.38,68.85,16.55,-0.75,0.00,0.00,98,0,0,35.62,31.20,82.80,ANOMALY
12:00:21.106,-3.38,68.85,16.55,-0.75,0.00,0.00,98,0,0,35.62,31.20,82.80,ANOMALY
12:00:21.413,-3.38,68.85,16.55,-0.75,0.00,0.00,98,0,0,35.62,31.20,82.80,ANOMALY
12:00:21.693,-3.38,68.85,16.55,-0.75,0.00,0.00,98,0,0,35.62,31.20,82.80,ANOMALY
12:00:21.999,-3.38,68.85,16.55,-0.75,0.00,0.00,98,0,0,35.62,31.20,82.80,ANOMALY
12:00:22.245,-3.38,68.85,16.55,-0.75,0.00,0.00,98,0,0,35.62,31.20,82.80,ANOMALY
12:00:22.530,-3.38,68.85,16.55,-0.75,0.00,0.00,98,0,0,35.62,31.20,82.80,ANOMALY
12:00:22.815,-3.38,68.85,16.55,-0.75,0.00,0.00,98,0,0,35.62,31.20,82.80,ANOMALY
12:00:23.124,-3.38,68.85,16.55,-0.75,0.00,0.00,98,0,0,35.62,31.20,82.80,ANOMALY
12:00:23.431,-3.38,68.85,16.55,-0.75,0.00,0.00,98,0,0,35.62,31.20,82.80,ANOMALY
12:00:23.663,-3.38,68.85,16.55,-0.75,0.00,0.00,98,0,0,35.62,31.20,82.80,ANOMALY
12:00:23.947,-3.38,68.85,16.55,-0.75,0.00,0.00,98,0,0,35.62,31.20,82.80,ANOMALY
12:00:24.250,-3.38,68.85,16.55,-0.75,0.00,0.00,98,0,0,35.62,31.20,82.80,ANOMALY
12:00:24.557,-3.38,68.85,16.55,-0.75,0.00,0.00,98,0,0,35.62,31.20,82.60,ANOMALY
12:00:24.804,-3.38,68.85,16.55,-0.75,0.00,0.00,98,0,0,35.62,31.20,82.60,ANOMALY
12:00:25.089,-3.38,68.85,16.55,-0.75,0.00,0.00,98,0,0,35.62,31.20,82.60,ANOMALY
12:00:25.379,-3.38,68.85,16.55,-0.75,0.00,0.00,98,0,0,35.62,31.20,82.60,ANOMALY
12:00:25.683,-3.38,68.85,16.55,-0.75,0.00,0.00,98,0,0,35.62,31.20,82.60,ANOMALY
12:00:25.991,-3.38,68.85,16.55,-0.75,0.00,0.00,98,0,0,35.56,31.20,82.60,ANOMALY
12:00:26.298,-3.38,68.85,16.55,-0.75,0.00,0.00,98,0,0,35.56,31.20,82.60,ANOMALY
12:00:26.508,-3.38,68.85,16.55,-0.75,0.00,0.00,98,0,0,35.56,31.20,82.60,ANOMALY
12:00:26.812,-3.38,68.85,16.55,-0.75,0.00,0.00,98,0,0,35.56,31.20,81.70,ANOMALY
12:00:27.083,-3.38,68.85,16.55,-0.75,0.00,0.00,98,0,0,35.56,31.20,81.70,ANOMALY
12:00:27.392,-3.38,68.85,16.55,-0.75,0.00,0.00,98,0,0,35.56,31.20,81.70,ANOMALY
12:00:27.646,-3.38,68.85,16.55,-0.75,0.00,0.00,98,0,0,35.50,31.20,81.70,ANOMALY
12:00:27.937,-3.38,68.85,16.55,-0.75,0.00,0.00,98,0,0,35.50,31.20,81.70,ANOMALY
12:00:28.245,-3.38,68.85,16.55,-0.75,0.00,0.00,98,0,0,35.50,31.20,81.70,ANOMALY
12:00:28.552,-3.38,68.85,16.55,-0.75,0.00,0.00,98,0,0,35.56,31.20,81.70,ANOMALY
12:00:28.781,-3.38,68.85,16.55,-0.75,0.00,0.00,98,0,0,35.56,31.20,81.70,ANOMALY
12:00:29.084,-3.38,68.85,16.55,-0.75,0.00,0.00,98,0,0,35.56,31.20,81.30,ANOMALY
12:00:29.358,-3.38,68.85,16.55,-0.75,0.00,0.00,98,0,0,35.50,31.20,81.30,ANOMALY
12:00:29.702,-3.38,68.85,16.55,-0.75,0.00,0.00,98,0,0,35.50,31.20,81.30,ANOMALY
12:00:29.921,-3.38,68.85,16.55,-0.75,0.00,0.00,98,0,0,35.50,31.20,81.30,ANOMALY
12:00:30.203,-3.38,68.85,16.55,-0.75,0.00,0.00,98,0,0,35.50,31.20,81.30,ANOMALY
12:00:30.496,-3.38,68.85,16.55,-0.75,0.00,0.00,98,0,0,35.50,31.20,81.30,ANOMALY
12:00:30.772,-3.38,68.85,16.55,-0.75,0.00,0.00,98,0,0,35.50,31.20,81.30,ANOMALY
12:00:31.086,-3.38,68.85,16.55,-0.75,0.00,0.00,98,0,0,35.50,31.20,81.30,ANOMALY
12:00:31.345,-3.38,68.85,16.55,-0.75,0.00,0.00,98,0,0,35.50,31.20,81.00,ANOMALY
12:00:31.630,-3.38,68.85,16.55,-0.75,0.00,0.00,98,0,0,35.50,31.20,81.00,ANOMALY
12:00:31.934,-3.38,68.85,16.55,-0.75,0.00,0.00,98,0,0,35.44,31.20,81.00,ANOMALY
12:00:32.241,-3.38,68.85,16.55,-0.75,0.00,0.00,98,0,0,35.44,31.20,81.00,ANOMALY
12:00:32.482,-3.38,68.85,16.55,-0.75,0.00,0.00,98,0,0,35.44,31.20,81.00,ANOMALY
12:00:32.780,-3.38,68.85,16.55,-0.75,0.00,0.00,98,0,0,35.44,31.20,81.00,ANOMALY
12:00:33.047,-3.38,68.85,16.55,-0.75,0.00,0.00,98,0,0,35.44,31.20,81.00,ANOMALY
12:00:33.390,-3.38,68.85,16.55,-0.75,0.00,0.00,98,0,0,35.44,31.20,81.00,ANOMALY
12:00:33.694,-3.38,68.85,16.55,-0.75,0.00,0.00,98,0,0,35.50,31.20,80.70,ANOMALY
12:00:33.903,-3.38,68.85,16.55,-0.75,0.00,0.00,98,0,0,35.50,31.20,80.70,ANOMALY
12:00:34.187,-3.38,68.85,16.55,-0.75,0.00,0.00,98,0,0,35.50,31.20,80.70,ANOMALY
12:00:34.471,-3.38,68.85,16.55,-0.75,0.00,0.00,98,0,0,35.50,31.20,80.70,ANOMALY
12:00:34.765,-3.38,68.85,16.55,-0.75,0.00,0.00,98,0,0,35.50,31.20,80.70,ANOMALY
12:00:35.038,-3.38,68.85,16.55,-0.75,0.00,0.00,98,0,0,35.50,31.20,80.70,ANOMALY
12:00:35.375,-3.38,68.85,16.55,-0.75,0.00,0.00,98,0,0,35.50,31.20,80.70,ANOMALY
12:00:35.618,-3.38,68.85,16.55,-0.75,0.00,0.00,98,0,0,35.50,31.20,80.70,ANOMALY
12:00:35.924,-3.38,68.85,16.55,-0.75,0.00,0.00,98,0,0,35.50,31.20,80.30,ANOMALY
12:00:36.231,-3.38,68.85,16.55,-0.75,0.00,0.00,98,0,0,35.44,31.20,80.30,ANOMALY
12:00:36.464,-3.38,68.85,16.55,-0.75,0.00,0.00,98,0,0,35.44,31.20,80.30,ANOMALY
12:00:36.747,-3.38,68.85,16.55,-0.75,0.00,0.00,98,0,0,35.44,31.20,80.30,ANOMALY
12:00:37.075,-3.38,68.85,16.55,-0.75,0.00,0.00,98,0,0,35.38,31.20,80.30,ANOMALY
12:00:37.357,-3.38,68.85,16.55,-0.75,0.00,0.00,98,0,0,35.38,31.20,80.30,ANOMALY
12:00:37.595,-3.38,68.85,16.55,-0.75,0.00,0.00,98,0,0,35.38,31.20,80.30,ANOMALY
12:00:37.881,-3.38,68.85,16.55,-0.75,0.00,0.00,98,0,0,35.44,31.20,80.30,ANOMALY
12:00:38.176,-3.38,68.85,16.55,-0.75,0.00,0.00,98,0,0,35.44,31.30,80.30,ANOMALY
12:00:38.484,-3.38,68.85,16.55,-0.75,0.00,0.00,98,0,0,35.44,31.30,80.30,ANOMALY
12:00:38.791,-3.38,68.85,16.55,-0.75,0.00,0.00,98,0,0,35.44,31.30,80.30,ANOMALY
12:00:39.030,-3.38,68.85,16.55,-0.75,0.00,0.00,98,0,0,35.44,31.30,80.30,ANOMALY
12:00:39.304,-3.38,68.85,16.55,-0.75,0.00,0.00,98,0,0,35.44,31.30,80.30,ANOMALY
12:00:39.609,-3.38,68.85,16.55,-0.75,0.00,0.00,98,0,0,35.44,31.30,80.30,ANOMALY
12:00:39.917,-3.38,68.85,16.55,-0.75,0.00,0.00,98,0,0,35.44,31.30,80.30,ANOMALY
12:00:40.155,-3.38,68.85,16.55,-0.75,0.00,0.00,98,0,0,35.44,31.30,80.30,ANOMALY
12:00:40.444,-3.38,68.85,16.55,-0.75,0.00,0.00,98,0,0,35.44,31.20,79.80,ANOMALY
12:00:40.738,-3.38,68.85,16.55,-0.75,0.00,0.00,98,0,0,35.44,31.20,79.80,ANOMALY
12:00:41.045,-3.38,68.85,16.55,-0.75,0.00,0.00,98,0,0,35.44,31.20,79.80,ANOMALY
12:00:41.351,-3.38,68.85,16.55,-0.75,0.00,0.00,98,0,0,35.44,31.20,79.80,ANOMALY
12:00:41.577,-3.38,68.85,16.55,-0.75,0.00,0.00,98,0,0,35.44,31.20,79.80,ANOMALY
12:00:41.862,-3.38,68.85,16.55,-0.75,0.00,0.00,98,0,0,35.44,31.20,79.80,ANOMALY
12:00:42.170,-3.38,68.85,16.55,-0.75,0.00,0.00,98,0,0,35.44,31.20,79.80,ANOMALY
12:00:42.477,-3.38,68.85,16.55,-0.75,0.00,0.00,98,0,0,35.44,31.20,79.80,ANOMALY
12:00:42.715,-3.38,68.85,16.55,-0.75,0.00,0.00,98,0,0,35.44,31.30,79.20,ANOMALY
12:00:43.001,-3.38,68.85,16.55,-0.75,0.00,0.00,98,0,0,35.44,31.30,79.20,ANOMALY
12:00:43.296,-3.38,68.85,16.55,-0.75,0.00,0.00,98,0,0,35.44,31.30,79.20,ANOMALY
12:00:43.604,-3.38,68.85,16.55,-0.75,0.00,0.00,98,0,0,35.44,31.30,79.20,ANOMALY
12:00:43.850,-3.38,68.85,16.55,-0.75,0.00,0.00,98,0,0,35.44,31.30,79.20,ANOMALY
12:00:44.134,-3.38,68.85,16.55,-0.75,0.00,0.00,98,0,0,35.44,31.30,79.20,ANOMALY
12:00:44.423,-3.38,68.85,16.55,-0.75,0.00,0.00,98,0,0,35.44,31.30,79.20,ANOMALY
12:00:44.734,-3.38,68.85,16.55,-0.75,0.00,0.00,98,0,0,35.38,31.30,79.20,ANOMALY
12:00:45.070,-3.38,68.85,16.55,-0.75,0.00,0.00,98,0,0,35.38,31.20,79.00,ANOMALY
12:00:45.279,-3.38,68.85,16.55,-0.75,0.00,0.00,98,0,0,35.38,31.20,79.00,ANOMALY
12:00:45.560,-3.38,68.85,16.55,-0.75,0.00,0.00,98,0,0,35.31,31.20,79.00,ANOMALY
12:00:45.858,-3.38,68.85,16.55,-0.75,0.00,0.00,98,0,0,35.31,31.20,79.00,ANOMALY
12:00:46.164,-3.38,68.85,16.55,-0.75,0.00,0.00,98,0,0,35.31,31.20,79.00,ANOMALY
12:00:46.408,-3.38,68.85,16.55,-0.75,0.00,0.00,98,0,0,35.31,31.20,79.00,ANOMALY
12:00:46.693,-3.38,68.85,16.55,-0.75,0.00,0.00,98,0,0,35.31,31.20,79.00,ANOMALY
12:00:46.983,-3.38,68.85,16.55,-0.75,0.00,0.00,98,0,0,35.31,31.20,79.00,ANOMALY
12:00:47.292,-3.38,68.85,16.55,-0.75,0.00,0.00,98,0,0,35.31,31.30,78.80,ANOMALY
12:00:47.597,-3.38,68.85,16.55,-0.75,0.00,0.00,98,0,0,35.31,31.30,78.80,ANOMALY
12:00:47.832,-3.38,68.85,16.55,-0.75,0.00,0.00,98,0,0,35.31,31.30,78.80,ANOMALY
12:00:48.116,-3.38,68.85,16.55,-0.75,0.00,0.00,98,0,0,35.31,31.30,78.80,ANOMALY
12:00:48.417,-3.38,68.85,16.55,-0.75,0.00,0.00,98,0,0,35.31,31.30,78.80,ANOMALY
12:00:48.724,-3.38,68.85,16.55,-0.75,0.00,0.00,98,0,0,35.31,31.30,78.80,ANOMALY
12:00:48.965,-3.38,68.85,16.55,-0.75,0.00,0.00,98,0,0,35.31,31.30,78.80,ANOMALY
12:00:49.250,-3.38,68.85,16.55,-0.75,0.00,0.00,98,0,0,35.31,31.30,78.80,ANOMALY
12:00:49.544,-3.38,68.85,16.55,-0.75,0.00,0.00,98,0,0,35.31,31.20,78.90,RESTING
12:00:49.853,-3.38,68.85,16.55,-0.75,0.00,0.00,98,0,0,35.31,31.20,78.90,RESTING
12:00:50.158,-3.38,68.85,16.55,-0.75,0.00,0.00,98,0,0,35.31,31.20,78.90,RESTING
12:00:50.389,-3.38,68.85,16.55,-0.75,0.00,0.00,98,0,0,35.31,31.20,78.90,RESTING
12:00:50.674,-3.38,68.85,16.55,-0.75,0.00,0.00,98,0,0,35.31,31.20,78.90,RESTING
12:00:50.977,-3.38,68.85,16.55,-0.75,0.00,0.00,98,0,0,35.31,31.20,78.90,RESTING
12:00:51.283,-3.38,68.85,16.55,-0.75,0.00,0.00,98,0,0,35.31,31.20,78.90,RESTING
12:00:51.524,-3.38,68.85,16.55,-0.75,0.00,0.00,98,0,0,35.31,31.20,78.90,RESTING
12:00:51.813,-3.38,68.85,16.55,-0.75,0.00,0.00,98,0,0,35.31,31.30,79.20,RESTING
12:00:52.103,-3.38,68.85,16.55,-0.75,0.00,0.00,98,0,0,35.31,31.30,79.20,RESTING
12:00:52.412,-3.38,68.85,16.55,-0.75,0.00,0.00,98,0,0,35.31,31.30,79.20,RESTING
12:00:52.718,-3.38,68.85,16.55,-0.75,0.00,0.00,98,0,0,35.31,31.30,79.20,RESTING
12:00:52.949,-3.38,68.85,16.55,-0.75,0.00,0.00,98,0,0,35.31,31.30,79.20,RESTING
12:00:53.231,-3.38,68.85,16.55,-0.75,0.00,0.00,98,0,0,35.31,31.30,79.20,RESTING
12:00:53.538,-3.38,68.85,16.55,-0.75,0.00,0.00,98,0,0,35.31,31.30,79.20,RESTING
12:00:53.845,-3.38,68.85,16.55,-0.75,0.00,0.00,98,0,0,35.31,31.30,79.20,RESTING
12:00:54.086,-3.38,68.85,16.55,-0.75,0.00,0.00,98,0,0,35.31,31.30,79.40,RESTING
12:00:54.372,-3.38,68.85,16.55,-0.75,0.00,0.00,98,0,0,35.31,31.30,79.40,RESTING
12:00:54.664,-3.38,68.85,16.55,-0.75,0.00,0.00,98,0,0,35.31,31.30,79.40,RESTING
12:00:54.972,-3.38,68.85,16.55,-0.75,0.00,0.00,98,0,0,35.31,31.30,79.40,RESTING
12:00:55.277,-3.38,68.85,16.55,-0.75,0.00,0.00,98,0,0,35.31,31.30,79.40,RESTING
12:00:55.506,-3.38,68.85,16.55,-0.75,0.00,0.00,98,0,0,35.31,31.30,79.40,RESTING
12:00:55.792,-3.38,68.85,16.55,-0.75,0.00,0.00,98,0,0,35.38,31.30,79.40,RESTING
12:00:56.096,-3.38,68.85,16.55,-0.75,0.00,0.00,98,0,0,35.38,31.30,79.40,RESTING
12:00:56.403,-3.38,68.85,16.55,-0.75,0.00,0.00,98,0,0,35.38,31.30,79.70,RESTING
12:00:56.646,-3.38,68.85,16.55,-0.75,0.00,0.00,98,0,0,35.38,31.30,79.70,RESTING
12:00:56.931,-3.38,68.85,16.55,-0.75,0.00,0.00,98,0,0,35.38,31.30,79.70,RESTING
12:00:57.222,-3.38,68.85,16.55,-0.75,0.00,0.00,98,0,0,35.38,31.30,79.70,RESTING
12:00:57.530,-3.38,68.85,16.55,-0.75,0.00,0.00,98,0,0,35.38,31.30,79.70,RESTING
12:00:57.837,-3.38,68.85,16.55,-0.75,0.00,0.00,98,0,0,35.38,31.30,79.70,RESTING
12:00:58.065,-3.38,68.85,16.55,-0.75,0.00,0.00,98,0,0,35.38,31.30,79.70,RESTING
12:00:58.349,-3.38,68.85,16.55,-0.75,0.00,0.00,98,0,0,35.38,31.30,79.70,RESTING
12:00:58.657,-3.38,68.85,16.55,-0.75,0.00,0.00,98,0,0,35.38,31.30,79.60,RESTING
12:00:58.964,-3.38,68.85,16.55,-0.75,0.00,0.00,98,0,0,35.38,31.30,79.60,RESTING
12:00:59.208,-3.38,68.85,16.55,-0.75,0.00,0.00,98,0,0,35.38,31.30,79.60,RESTING
12:00:59.488,-3.38,68.85,16.55,-0.75,0.00,0.00,98,0,0,35.38,31.30,79.60,RESTING
12:00:59.785,-3.38,68.85,16.55,-0.75,0.00,0.00,98,0,0,35.38,31.30,79.60,RESTING
12:01:00.090,-3.38,68.85,16.55,-0.75,0.00,0.00,98,0,0,35.38,31.30,79.60,RESTING
12:01:00.338,-3.38,68.85,16.55,-0.75,0.00,0.00,98,0,0,35.38,31.30,79.60,RESTING
12:01:00.623,-3.38,68.85,16.55,-0.75,0.00,0.00,98,0,0,35.38,31.30,79.60,RESTING
12:01:00.911,-3.38,68.85,16.55,-0.75,0.00,0.00,98,0,0,35.38,31.30,78.80,RESTING
12:01:01.218,-3.38,68.85,16.55,-0.75,0.00,0.00,98,0,0,35.38,31.30,78.80,RESTING
12:01:01.523,-3.38,68.85,16.55,-0.75,0.00,0.00,98,0,0,35.38,31.30,78.80,RESTING
12:01:01.762,-3.38,68.85,16.55,-0.75,0.00,0.00,98,0,0,35.38,31.30,78.80,RESTING
12:01:02.047,-3.38,68.85,16.55,-0.75,0.00,0.00,98,0,0,35.38,31.30,78.80,RESTING
12:01:02.346,-3.38,68.85,16.55,-0.75,0.00,0.00,98,0,0,35.38,31.30,78.80,RESTING
12:01:02.652,-3.38,68.85,16.55,-0.75,0.00,0.00,98,0,0,35.38,31.30,78.80,RESTING
12:01:02.958,-3.38,68.85,16.55,-0.75,0.00,0.00,98,0,0,35.38,31.30,78.80,RESTING
12:01:03.187,-3.38,68.85,16.55,-0.75,0.00,0.00,98,0,0,35.38,31.30,78.50,RESTING
12:01:03.471,-3.38,68.85,16.55,-0.75,0.00,0.00,98,0,0,35.38,31.30,78.50,RESTING
12:01:03.779,-3.38,68.85,16.55,-0.75,0.00,0.00,98,0,0,35.38,31.30,78.50,RESTING
12:01:04.083,-3.38,68.85,16.55,-0.75,0.00,0.00,98,0,0,35.38,31.30,78.50,RESTING
12:01:04.321,-3.38,68.85,16.55,-0.75,0.00,0.00,98,0,0,35.38,31.30,78.50,RESTING
12:01:04.604,-3.38,68.85,16.55,-0.75,0.00,0.00,98,0,0,35.38,31.30,78.50,RESTING
12:01:05.018,-3.38,68.85,16.55,-0.75,0.00,0.00,98,0,0,35.38,31.30,78.50,RESTING
12:01:05.325,-3.38,68.85,16.55,-0.75,0.00,0.00,98,0,0,35.44,31.30,78.50,RESTING
12:01:05.558,-3.38,68.85,16.55,-0.75,0.00,0.00,98,0,0,35.44,31.30,78.30,RESTING
12:01:05.837,-3.38,68.85,16.55,-0.75,0.00,0.00,98,0,0,35.44,31.30,78.30,RESTING
12:01:06.142,-3.38,68.85,16.55,-0.75,0.00,0.00,98,0,0,35.44,31.30,78.30,RESTING
12:01:06.439,-3.38,68.85,16.55,-0.75,0.00,0.00,98,0,0,35.44,31.30,78.30,RESTING
12:01:06.645,-3.38,68.85,16.55,-0.75,0.00,0.00,98,0,0,35.44,31.30,78.30,RESTING
12:01:06.880,-3.38,68.85,16.55,-0.75,0.00,0.00,98,0,0,35.44,31.30,78.30,RESTING
12:01:07.164,-3.38,68.85,16.55,-0.75,0.00,0.00,98,0,0,35.44,31.30,78.30,RESTING
12:01:07.463,-3.38,68.85,16.55,-0.75,0.00,0.00,98,0,0,35.44,31.30,78.30,RESTING
12:01:07.771,-3.38,68.85,16.55,-0.75,0.00,0.00,98,0,0,35.38,31.30,78.50,RESTING
12:01:08.079,-3.38,68.85,16.55,-0.75,0.00,0.00,98,0,0,35.38,31.30,78.50,RESTING
12:01:08.303,-3.38,68.85,16.55,-0.75,0.00,0.00,98,0,0,35.38,31.30,78.50,RESTING
12:01:08.588,-3.38,68.85,16.55,-0.75,0.00,0.00,98,0,0,35.44,31.30,78.50,RESTING
12:01:08.897,-3.38,68.85,16.55,-0.75,0.00,0.00,98,0,0,35.44,31.30,78.50,RESTING
12:01:09.203,-3.38,68.85,16.55,-0.75,0.00,0.00,98,0,0,35.44,31.30,78.50,RESTING
12:01:09.437,-3.38,68.85,16.55,-0.75,0.00,0.00,98,0,0,35.50,31.30,78.50,RESTING
12:01:09.721,-3.38,68.85,16.55,-0.75,0.00,0.00,98,0,0,35.50,31.30,78.50,RESTING
12:01:10.024,-3.38,68.85,16.55,-0.75,0.00,0.00,98,0,0,35.50,31.30,78.40,RESTING
12:01:10.332,-3.38,68.85,16.55,-0.75,0.00,0.00,98,0,0,35.44,31.30,78.40,RESTING
12:01:10.576,-3.38,68.85,16.55,-0.75,0.00,0.00,98,0,0,35.44,31.30,78.40,RESTING
12:01:10.860,-3.38,68.85,16.55,-0.75,0.00,0.00,98,0,0,35.44,31.30,78.40,RESTING
12:01:11.149,-3.38,68.85,16.55,-0.75,0.00,0.00,98,0,0,35.50,31.30,78.40,RESTING
12:01:11.457,-3.38,68.85,16.55,-0.75,0.00,0.00,98,0,0,35.50,31.30,78.40,RESTING
12:01:11.765,-3.38,68.85,16.55,-0.75,0.00,0.00,98,0,0,35.50,31.30,78.40,RESTING
12:01:11.994,-3.38,68.85,16.55,-0.75,0.00,0.00,98,0,0,35.50,31.30,78.40,RESTING
12:01:12.281,-3.38,68.85,16.55,-0.75,0.00,0.00,98,0,0,35.50,31.30,78.50,RESTING
12:01:12.583,-3.38,68.85,16.55,-0.75,0.00,0.00,98,0,0,35.50,31.30,78.50,RESTING
12:01:12.890,-3.38,68.85,16.55,-0.75,0.00,0.00,98,0,0,35.50,31.30,78.50,RESTING
12:01:13.132,-3.38,68.85,16.55,-0.75,0.00,0.00,98,0,0,35.50,31.30,78.50,RESTING
12:01:13.417,-3.38,68.85,16.55,-0.75,0.00,0.00,98,0,0,35.50,31.30,78.50,RESTING
12:01:13.710,-3.38,68.85,16.55,-0.75,0.00,0.00,98,0,0,35.50,31.30,78.50,RESTING
12:01:14.017,-3.38,68.85,16.55,-0.75,0.00,0.00,98,0,0,35.50,31.30,78.50,RESTING
12:01:14.324,-3.38,68.85,16.55,-0.75,0.00,0.00,98,0,0,35.50,31.30,78.50,RESTING
12:01:14.555,-3.38,68.85,16.55,-0.75,0.00,0.00,98,0,0,35.56,31.40,78.50,RESTING
12:01:14.840,-3.38,68.85,16.55,-0.75,0.00,0.00,98,0,0,35.56,31.40,78.50,RESTING
12:01:15.143,-3.38,68.85,16.55,-0.75,0.00,0.00,98,0,0,35.56,31.40,78.50,RESTING
12:01:15.450,-3.38,68.85,16.55,-0.75,0.00,0.00,98,0,0,35.56,31.40,78.50,RESTING
12:01:15.688,-3.38,68.85,16.55,-0.75,0.00,0.00,98,0,0,35.56,31.40,78.50,RESTING
12:01:15.975,-3.38,68.85,16.55,-0.75,0.00,0.00,98,0,0,35.56,31.40,78.50,RESTING
12:01:16.271,-3.38,68.85,16.55,-0.75,0.00,0.00,98,0,0,35.62,31.40,78.50,RESTING
12:01:16.578,-3.38,68.85,16.55,-0.75,0.00,0.00,98,0,0,35.62,31.40,78.50,RESTING
12:01:16.886,-3.38,68.85,16.55,-0.75,0.00,0.00,98,0,0,35.62,31.40,78.60,RESTING
12:01:17.114,-3.38,68.85,16.55,-0.75,0.00,0.00,98,0,0,35.56,31.40,78.60,RESTING
12:01:17.399,-3.38,68.85,16.55,-0.75,0.00,0.00,98,0,0,35.56,31.40,78.60,RESTING
12:01:17.702,-3.38,68.85,16.55,-0.75,0.00,0.00,98,0,0,35.56,31.40,78.60,RESTING
12:01:18.010,-3.38,68.85,16.55,-0.75,0.00,0.00,98,0,0,35.56,31.40,78.60,RESTING
12:01:18.249,-3.38,68.85,16.55,-0.75,0.00,0.00,98,0,0,35.56,31.40,78.60,RESTING
12:01:18.533,-3.38,68.85,16.55,-0.75,0.00,0.00,98,0,0,35.56,31.40,78.60,RESTING
12:01:18.829,-3.38,68.85,16.55,-0.75,0.00,0.00,98,0,0,35.56,31.40,78.60,RESTING
12:01:19.136,-3.38,68.85,16.55,-0.75,0.00,0.00,98,0,0,35.56,31.40,78.70,RESTING
12:01:19.444,-3.38,68.85,16.55,-0.75,0.00,0.00,98,0,0,35.56,31.40,78.70,RESTING
12:01:19.669,-3.38,68.85,16.55,-0.75,0.00,0.00,98,0,0,35.62,31.40,78.70,RESTING
12:01:19.955,-3.38,68.85,16.55,-0.75,0.00,0.00,98,0,0,35.62,31.40,78.70,RESTING
12:01:20.262,-3.38,68.85,16.55,-0.75,0.00,0.00,98,0,0,35.62,31.40,78.70,RESTING
12:01:20.570,-3.38,68.85,16.55,-0.75,0.00,0.00,98,0,0,35.62,31.40,78.70,RESTING
12:01:20.803,-3.38,68.85,16.55,-0.75,0.00,0.00,98,0,0,35.62,31.40,78.70,RESTING
12:01:21.088,-3.38,68.85,16.55,-0.75,0.00,0.00,98,0,0,35.62,31.40,78.70,RESTING
12:01:21.391,-3.38,68.85,16.55,-0.75,0.00,0.00,98,0,0,35.62,31.40,79.00,RESTING
12:01:21.716,-3.38,68.85,16.55,-0.75,0.00,0.00,98,0,0,35.62,31.40,79.00,RESTING
12:01:21.945,-3.38,68.85,16.55,-0.75,0.00,0.00,98,0,0,35.62,31.40,79.00,RESTING
12:01:22.229,-3.38,68.85,16.55,-0.75,0.00,0.00,98,0,0,35.62,31.40,79.00,RESTING
12:01:22.515,-3.38,68.85,16.55,-0.75,0.00,0.00,98,0,0,35.62,31.40,79.00,RESTING
12:01:22.823,-3.38,68.85,16.55,-0.75,0.00,0.00,98,0,0,35.62,31.40,79.00,RESTING
12:01:23.130,-3.38,68.85,16.55,-0.75,0.00,0.00,98,0,0,35.69,31.40,79.00,RESTING
12:01:23.365,-3.38,68.85,16.55,-0.75,0.00,0.00,98,0,0,35.69,31.40,79.00,RESTING
12:01:23.654,-3.38,68.85,16.55,-0.75,0.00,0.00,98,0,0,35.69,31.40,79.30,RESTING
12:01:24.064,-3.38,68.85,16.55,-0.75,0.00,0.00,98,0,0,35.69,31.40,79.30,RESTING
12:01:24.295,-3.38,68.85,16.55,-0.75,0.00,0.00,98,0,0,35.69,31.40,79.30,RESTING
12:01:24.593,-3.38,68.85,16.55,-0.75,0.00,0.00,98,0,0,35.69,31.40,79.30,RESTING
12:01:24.875,-3.38,68.85,16.55,-0.75,0.00,0.00,98,0,0,35.69,31.40,79.30,RESTING
12:01:25.096,-3.38,68.85,16.55,-0.75,0.00,0.00,98,0,0,35.69,31.40,79.30,RESTING
12:01:25.498,-3.38,68.85,16.55,-0.75,0.00,0.00,98,0,0,35.69,31.40,79.30,RESTING
12:01:25.698,-3.38,68.85,16.55,-0.75,0.00,0.00,98,0,0,35.69,31.40,79.30,RESTING
12:01:25.923,-3.38,68.85,16.55,-0.75,0.00,0.00,98,0,0,35.69,31.40,79.30,RESTING
12:01:26.206,-3.38,68.85,16.55,-0.75,0.00,0.00,98,0,0,35.69,31.40,79.30,RESTING
12:01:26.509,-3.38,68.85,16.55,-0.75,0.00,0.00,98,0,0,35.69,31.40,79.30,RESTING
12:01:26.816,-3.38,68.85,16.55,-0.75,0.00,0.00,98,0,0,35.69,31.40,79.30,RESTING
12:01:27.056,-3.38,68.85,16.55,-0.75,0.00,0.00,98,0,0,35.69,31.40,79.30,RESTING
12:01:27.340,-3.38,68.85,16.55,-0.75,0.00,0.00,98,0,0,35.62,31.40,79.30,RESTING
12:01:27.636,-3.38,68.85,16.55,-0.75,0.00,0.00,98,0,0,35.62,31.40,79.30,RESTING
12:01:27.942,-3.38,68.85,16.55,-0.75,0.00,0.00,98,0,0,35.62,31.40,79.30,RESTING
12:01:28.250,-3.38,68.85,16.55,-0.75,0.00,0.00,98,0,0,35.69,31.40,79.50,RESTING
12:01:28.479,-3.38,68.85,16.55,-0.75,0.00,0.00,98,0,0,35.69,31.40,79.50,RESTING
12:01:28.764,-3.38,68.85,16.55,-0.75,0.00,0.00,98,0,0,35.69,31.40,79.50,RESTING
12:01:29.069,-3.38,68.85,16.55,-0.75,0.00,0.00,98,0,0,35.62,31.40,79.50,RESTING
12:01:29.377,-3.38,68.85,16.55,-0.75,0.00,0.00,98,0,0,35.62,31.40,79.50,RESTING
12:01:29.614,-3.38,68.85,16.55,-0.75,0.00,0.00,98,0,0,35.62,31.40,79.50,RESTING
12:01:29.898,-3.38,68.85,16.55,-0.75,0.00,0.00,98,0,0,35.62,31.40,79.50,RESTING
12:01:30.195,-3.38,68.85,16.55,-0.75,0.00,0.00,98,0,0,35.62,31.40,79.50,RESTING
12:01:30.503,-3.38,68.85,16.55,-0.75,0.00,0.00,98,0,0,35.62,31.40,80.00,RESTING
12:01:30.810,-3.38,68.85,16.55,-0.75,0.00,0.00,98,0,0,35.62,31.40,80.00,RESTING
12:01:31.036,-3.38,68.85,16.55,-0.75,0.00,0.00,98,0,0,35.62,31.40,80.00,RESTING
12:01:31.321,-3.38,68.85,16.55,-0.75,0.00,0.00,98,0,0,35.62,31.40,80.00,RESTING
12:01:31.629,-3.38,68.85,16.55,-0.75,0.00,0.00,98,0,0,35.56,31.40,80.00,RESTING
12:01:31.936,-3.38,68.85,16.55,-0.75,0.00,0.00,98,0,0,35.56,31.40,80.00,RESTING
12:01:32.169,-3.38,68.85,16.55,-0.75,0.00,0.00,98,0,0,35.56,31.40,80.00,RESTING
12:01:32.456,-3.38,68.85,16.55,-0.75,0.00,0.00,98,0,0,35.56,31.40,80.00,RESTING
12:01:32.757,-3.38,68.85,16.55,-0.75,0.00,0.00,98,0,0,35.56,31.40,80.20,RESTING
12:01:33.063,-3.38,68.85,16.55,-0.75,0.00,0.00,98,0,0,35.56,31.40,80.20,RESTING
12:01:33.309,-3.38,68.85,16.55,-0.75,0.00,0.00,98,0,0,35.56,31.40,80.20,RESTING
12:01:33.597,-3.38,68.85,16.55,-0.75,0.00,0.00,98,0,0,35.56,31.40,80.20,RESTING
12:01:33.882,-3.38,68.85,16.55,-0.75,0.00,0.00,98,0,0,35.56,31.40,80.20,RESTING
12:01:34.190,-3.38,68.85,16.55,-0.75,0.00,0.00,98,0,0,35.56,31.40,80.20,RESTING
12:01:34.497,-3.38,68.85,16.55,-0.75,0.00,0.00,98,0,0,35.56,31.40,80.20,RESTING
12:01:34.727,-3.38,68.85,16.55,-0.75,0.00,0.00,98,0,0,35.56,31.40,80.20,RESTING
12:01:35.016,-3.38,68.85,16.55,-0.75,0.00,0.00,98,0,0,35.56,31.40,80.40,RESTING
12:01:35.316,-3.38,68.85,16.55,-0.75,0.00,0.00,98,0,0,35.56,31.40,80.40,RESTING
12:01:35.623,-3.38,68.85,16.55,-0.75,0.00,0.00,98,0,0,35.56,31.40,80.40,RESTING
12:01:35.864,-3.38,68.85,16.55,-0.75,0.00,0.00,98,0,0,35.56,31.40,80.40,RESTING
12:01:36.151,-3.38,68.85,16.55,-0.75,0.00,0.00,98,0,0,35.56,31.40,80.40,RESTING
12:01:36.444,-3.38,68.85,16.55,-0.75,0.00,0.00,98,0,0,35.56,31.40,80.40,RESTING
12:01:36.749,-3.38,68.85,16.55,-0.75,0.00,0.00,98,0,0,35.56,31.40,80.40,RESTING
12:01:37.056,-3.38,68.85,16.55,-0.75,0.00,0.00,98,0,0,35.56,31.40,80.40,RESTING
12:01:37.290,-3.38,68.85,16.55,-0.75,0.00,0.00,98,0,0,35.56,31.50,80.50,RESTING
12:01:37.573,-3.38,68.85,16.55,-0.75,0.00,0.00,98,0,0,35.56,31.50,80.50,RESTING
12:01:37.909,-3.38,68.85,16.55,-0.75,0.00,0.00,98,0,0,35.56,31.50,80.50,RESTING
12:01:38.183,-3.38,68.85,16.55,-0.75,0.00,0.00,98,0,0,35.56,31.50,80.50,RESTING
12:01:38.492,-3.38,68.85,16.55,-0.75,0.00,0.00,98,0,0,35.62,31.50,80.50,RESTING
12:01:38.708,-3.38,68.85,16.55,-0.75,0.00,0.00,98,0,0,35.62,31.50,80.50,RESTING
12:01:39.121,-3.38,68.85,16.55,-0.75,0.00,0.00,98,0,0,35.62,31.50,80.50,RESTING
12:01:39.423,-3.38,68.85,16.55,-0.75,0.00,0.00,98,0,0,35.62,31.50,80.50,RESTING
12:01:39.718,-3.38,68.85,16.55,-0.75,0.00,0.00,98,0,0,35.62,31.50,80.60,RESTING
12:01:39.936,-3.38,68.85,16.55,-0.75,0.00,0.00,98,0,0,35.62,31.50,80.60,RESTING
12:01:40.229,-3.38,68.85,16.55,-0.75,0.00,0.00,98,0,0,35.56,31.50,80.60,RESTING
12:01:40.541,-3.38,68.85,16.55,-0.75,0.00,0.00,98,0,0,35.56,31.50,80.60,RESTING
12:01:40.743,-3.38,68.85,16.55,-0.75,0.00,0.00,98,0,0,35.56,31.50,80.60,RESTING
12:01:40.982,-3.38,68.85,16.55,-0.75,0.00,0.00,98,0,0,35.56,31.50,80.60,RESTING
12:01:41.268,-3.38,68.85,16.55,-0.75,0.00,0.00,98,0,0,35.56,31.50,80.60,RESTING
12:01:41.562,-3.38,68.85,16.55,-0.75,0.00,0.00,98,0,0,35.56,31.50,80.60,RESTING
12:01:41.869,-3.38,68.85,16.55,-0.75,0.00,0.00,98,0,0,35.56,31.50,80.50,RESTING
12:01:42.177,-3.38,68.85,16.55,-0.75,0.00,0.00,98,0,0,35.56,31.50,80.50,RESTING
12:01:42.405,-3.38,68.85,16.55,-0.75,0.00,0.00,98,0,0,35.56,31.50,80.50,RESTING
12:01:42.689,-3.38,68.85,16.55,-0.75,0.00,0.00,98,0,0,35.56,31.50,80.50,RESTING
12:01:42.996,-3.38,68.85,16.55,-0.75,0.00,0.00,98,0,0,35.56,31.50,80.50,RESTING
12:01:43.303,-3.38,68.85,16.55,-0.75,0.00,0.00,98,0,0,35.56,31.50,80.50,RESTING
12:01:43.539,-3.38,68.85,16.55,-0.75,0.00,0.00,98,0,0,35.56,31.50,80.50,RESTING
12:01:43.826,-3.38,68.85,16.55,-0.75,0.00,0.00,98,0,0,35.56,31.50,80.50,RESTING
12:01:44.122,-3.38,68.85,16.55,-0.75,0.00,0.00,98,0,0,35.56,31.50,80.50,RESTING
12:01:44.429,-3.38,68.85,16.55,-0.75,0.00,0.00,98,0,0,35.56,31.50,80.50,RESTING
12:01:44.738,-3.38,68.85,16.55,-0.75,0.00,0.00,98,0,0,35.56,31.50,80.50,RESTING
12:01:44.964,-3.38,68.85,16.55,-0.75,0.00,0.00,98,0,0,35.56,31.50,80.50,RESTING
12:01:45.248,-3.38,68.85,16.55,-0.75,0.00,0.00,98,0,0,35.56,31.50,80.50,RESTING
12:01:45.557,-3.38,68.85,16.55,-0.75,0.00,0.00,98,0,0,35.56,31.50,80.50,RESTING
12:01:45.872,-3.38,68.85,16.55,-0.75,0.00,0.00,98,0,0,35.56,31.50,80.50,RESTING
12:01:46.209,-3.38,68.85,16.55,-0.75,0.00,0.00,98,0,0,35.56,31.50,80.50,RESTING
12:01:46.493,-3.38,68.85,16.55,-0.75,0.00,0.00,98,0,0,35.56,31.50,80.30,RESTING
12:01:46.799,-3.38,68.85,16.55,-0.75,0.00,0.00,98,0,0,35.56,31.50,80.30,RESTING
12:01:46.990,-3.38,68.85,16.55,-0.75,0.00,0.00,98,0,0,35.62,31.50,80.30,RESTING
12:01:47.311,-3.38,68.85,16.55,-0.75,0.00,0.00,98,0,0,35.62,31.50,80.30,RESTING
12:01:47.603,-3.38,68.85,16.55,-0.75,0.00,0.00,98,0,0,35.62,31.50,80.30,RESTING
12:01:47.808,-3.38,68.85,16.55,-0.75,0.00,0.00,98,0,0,35.62,31.50,80.30,RESTING
12:01:48.117,-3.38,68.85,16.55,-0.75,0.00,0.00,98,0,0,35.62,31.50,80.30,RESTING
12:01:48.423,-3.38,68.85,16.55,-0.75,0.00,0.00,98,0,0,35.62,31.50,80.30,RESTING
12:01:48.663,-3.38,68.85,16.55,-0.75,0.00,0.00,98,0,0,35.62,31.60,80.00,RESTING
12:01:48.946,-3.38,68.85,16.55,-0.75,0.00,0.00,98,0,0,35.62,31.60,80.00,RESTING
12:01:49.242,-3.38,68.85,16.55,-0.75,0.00,0.00,98,0,0,35.62,31.60,80.00,RESTING
12:01:49.548,-3.38,68.85,16.55,-0.75,0.00,0.00,98,0,0,35.62,31.60,80.00,RESTING
12:01:49.797,-3.38,68.85,16.55,-0.75,0.00,0.00,98,0,0,35.62,31.60,80.00,RESTING
12:01:50.081,-3.38,68.85,16.55,-0.75,0.00,0.00,98,0,0,35.62,31.60,80.00,RESTING
12:01:50.368,-3.38,68.85,16.55,-0.75,0.00,0.00,98,0,0,35.69,31.60,80.00,RESTING
12:01:50.676,-3.38,68.85,16.55,-0.75,0.00,0.00,98,0,0,35.69,31.60,80.00,RESTING
12:01:50.997,-3.38,68.85,16.55,-0.75,0.00,0.00,98,0,0,35.69,31.60,80.00,RESTING
12:01:51.219,0.00,68.85,16.55,-0.75,0.00,0.00,98,0,0,35.69,31.60,80.00,RESTING
12:01:51.612,-3.38,68.85,16.55,-0.75,0.00,0.00,98,0,0,35.69,31.60,80.00,RESTING
12:01:51.803,-3.38,68.85,16.55,-0.75,0.00,0.00,98,0,0,35.69,31.60,80.00,RESTING
12:01:52.109,-3.38,68.85,16.55,-0.75,0.00,0.00,98,0,0,35.69,31.60,80.00,RESTING
12:01:52.355,-3.38,68.85,16.55,-0.75,0.00,0.00,98,0,0,35.69,31.60,80.00,RESTING
12:01:52.639,-3.38,68.85,16.55,-0.75,0.00,0.00,98,0,0,35.69,31.60,80.00,RESTING
12:01:52.929,-3.38,68.85,16.55,-0.75,0.00,0.00,98,0,0,35.75,31.60,80.00,RESTING
12:01:53.236,-3.38,68.85,16.55,-0.75,0.00,0.00,98,0,0,35.75,31.60,79.90,RESTING
12:01:53.543,-3.38,68.85,16.55,-0.75,0.00,0.00,98,0,0,35.75,31.60,79.90,RESTING
12:01:53.777,-3.38,68.85,16.55,-0.75,0.00,0.00,98,0,0,35.75,31.60,79.90,RESTING
12:01:54.061,-3.38,68.85,16.55,-0.75,0.00,0.00,98,0,0,35.75,31.60,79.90,RESTING
12:01:54.362,-3.38,68.85,16.55,-0.75,0.00,0.00,98,0,0,35.75,31.60,79.90,RESTING
12:01:54.670,-3.38,68.85,16.55,-0.75,0.00,0.00,98,0,0,35.81,31.60,79.90,RESTING
12:01:54.912,-3.38,68.85,16.55,-0.75,0.00,0.00,98,0,0,35.81,31.60,79.90,RESTING
12:01:55.197,-3.38,68.85,16.55,-0.75,0.00,0.00,98,0,0,35.81,31.60,79.90,RESTING
12:01:55.489,-3.38,68.85,16.55,-0.75,0.00,0.00,98,0,0,35.75,31.60,80.10,RESTING
12:01:55.796,-3.38,68.85,16.55,-0.75,0.00,0.00,98,0,0,35.75,31.60,80.10,RESTING
12:01:56.102,-3.38,68.85,16.55,-0.75,0.00,0.00,98,0,0,35.75,31.60,80.10,RESTING
12:01:56.335,-3.38,68.85,16.55,-0.75,0.00,0.00,98,0,0,35.88,31.60,80.10,RESTING
12:01:56.619,-3.38,68.85,16.55,-0.75,0.00,0.00,98,0,0,35.88,31.60,80.10,RESTING
12:01:56.922,-3.38,68.85,16.55,-0.75,0.00,0.00,98,0,0,35.88,31.60,80.10,RESTING
12:01:57.229,-3.38,68.85,16.55,-0.75,0.00,0.00,98,0,0,35.81,31.60,80.10,RESTING
12:01:57.472,-3.38,68.85,16.55,-0.75,0.00,0.00,98,0,0,35.81,31.60,80.10,RESTING
12:01:57.766,-3.38,68.85,16.55,-0.75,0.00,0.00,98,0,0,35.81,31.60,80.20,RESTING
12:01:58.149,-3.38,68.85,16.55,-0.75,0.00,0.00,98,0,0,35.88,31.60,80.20,RESTING
12:01:58.469,-3.38,68.85,16.55,-0.75,0.00,0.00,98,0,0,35.88,31.60,80.20,RESTING
12:01:58.695,-3.38,68.85,16.55,-0.75,0.00,0.00,98,0,0,35.88,31.60,80.20,RESTING
12:01:58.891,-3.38,68.85,16.55,-0.75,0.00,0.00,98,0,0,35.88,31.60,80.20,RESTING
12:01:59.177,-3.38,68.85,16.55,-0.75,0.00,0.00,98,0,0,35.88,31.60,80.20,RESTING
12:01:59.483,-3.38,68.85,16.55,-0.75,0.00,0.00,98,0,0,35.88,31.60,80.20,RESTING
12:01:59.791,-3.38,68.85,16.55,-0.75,0.00,0.00,98,0,0,35.88,31.60,80.20,RESTING
12:02:00.031,-3.38,68.85,16.55,-0.75,0.00,0.00,98,0,0,35.88,31.60,80.20,RESTING
12:02:00.315,-3.38,68.85,16.55,-0.75,0.00,0.00,98,0,0,35.88,31.60,80.20,RESTING
12:02:00.609,-3.38,68.85,16.55,-0.75,0.00,0.00,98,0,0,35.88,31.60,80.20,RESTING
12:02:00.917,-3.38,68.85,16.55,-0.75,0.00,0.00,98,0,0,35.88,31.60,80.20,RESTING
12:02:01.225,-3.38,68.85,16.55,-0.75,0.00,0.00,98,0,0,35.88,31.60,80.20,RESTING
12:02:01.449,-3.38,68.85,16.55,-0.75,0.00,0.00,98,0,0,35.94,31.60,80.20,RESTING
12:02:01.734,-3.38,68.85,16.55,-0.75,0.00,0.00,98,0,0,35.94,31.60,80.20,RESTING
12:02:02.043,-3.38,68.85,16.55,-0.75,0.00,0.00,98,0,0,35.94,31.60,80.20,RESTING
12:02:02.349,-3.38,68.85,16.55,-0.75,0.00,0.00,98,0,0,35.94,31.60,80.50,RESTING
12:02:02.589,-3.38,68.85,16.55,-0.75,0.00,0.00,98,0,0,35.94,31.60,80.50,RESTING
12:02:02.876,-3.38,68.85,16.55,-0.75,0.00,0.00,98,0,0,35.94,31.60,80.50,RESTING
12:02:03.170,-3.38,68.85,16.55,-0.75,0.00,0.00,98,0,0,35.94,31.60,80.50,RESTING
12:02:03.476,-3.38,68.85,16.55,-0.75,0.00,0.00,98,0,0,35.94,31.60,80.50,RESTING
12:02:03.724,-3.38,68.85,16.55,-0.75,0.00,0.00,98,0,0,35.94,31.60,80.50,RESTING
12:02:04.008,-3.38,68.85,16.55,-0.75,0.00,0.00,98,0,0,36.00,31.60,80.50,RESTING
12:02:04.294,-3.38,68.85,16.55,-0.75,0.00,0.00,98,0,0,36.00,31.60,80.50,RESTING
12:02:04.604,-3.38,68.85,16.55,-0.75,0.00,0.00,98,0,0,36.00,31.70,80.70,RESTING
12:02:04.910,-3.38,68.85,16.55,-0.75,0.00,0.00,98,0,0,36.00,31.70,80.70,RESTING
12:02:05.147,-3.38,68.85,16.55,-0.75,0.00,0.00,98,0,0,36.00,31.70,80.70,RESTING
12:02:05.431,-3.38,68.85,16.55,-0.75,0.00,0.00,98,0,0,36.00,31.70,80.70,RESTING
12:02:05.730,-3.38,68.85,16.55,-0.75,0.00,0.00,98,0,0,36.00,31.70,80.70,RESTING
12:02:06.036,-3.38,68.85,16.55,-0.75,0.00,0.00,98,0,0,36.00,31.70,80.70,RESTING
12:02:06.281,-3.38,68.85,16.55,-0.75,0.00,0.00,98,0,0,36.00,31.70,80.70,RESTING
12:02:06.567,-3.38,68.85,16.55,-0.75,0.00,0.00,98,0,0,36.00,31.70,80.70,RESTING
12:02:06.859,-3.38,68.85,16.55,-0.75,0.00,0.00,98,0,0,36.00,31.70,80.80,RESTING
12:02:07.163,-3.38,68.85,16.55,-0.75,0.00,0.00,98,0,0,36.00,31.70,80.80,RESTING
12:02:07.469,-3.38,68.85,16.55,-0.75,0.00,0.00,98,0,0,36.00,31.70,80.80,RESTING
12:02:07.707,-3.38,68.85,16.55,-0.75,0.00,0.00,98,0,0,36.00,31.70,80.80,RESTING
12:02:07.993,-3.38,68.85,16.55,-0.75,0.00,0.00,98,0,0,36.00,31.70,80.80,RESTING
12:02:08.288,-3.38,68.85,16.55,-0.75,0.00,0.00,98,0,0,36.06,31.70,80.80,RESTING
12:02:08.596,-3.38,68.85,16.55,-0.75,0.00,0.00,98,0,0,36.06,31.70,80.80,RESTING
12:02:08.843,-3.38,68.85,16.55,-0.75,0.00,0.00,98,0,0,36.06,31.70,80.80,RESTING
12:02:09.132,-3.38,68.85,16.55,-0.75,0.00,0.00,98,0,0,36.06,31.70,80.80,RESTING
12:02:09.520,-3.38,68.85,16.55,-0.75,0.00,0.00,98,0,0,36.06,31.70,80.80,RESTING
12:02:09.722,-3.38,68.85,16.55,-0.75,0.00,0.00,98,0,0,36.06,31.70,80.80,RESTING
12:02:10.029,-3.38,68.85,16.55,-0.75,0.00,0.00,98,0,0,36.06,31.70,80.80,RESTING
12:02:10.267,-3.38,68.85,16.55,-0.75,0.00,0.00,98,0,0,36.06,31.70,80.80,RESTING
12:02:10.549,-3.38,68.85,16.55,-0.75,0.00,0.00,98,0,0,36.06,31.70,80.80,RESTING
12:02:10.850,-3.38,68.85,16.55,-0.75,0.00,0.00,98,0,0,36.06,31.70,80.80,RESTING
12:02:11.155,-3.38,68.85,16.55,-0.75,0.00,0.00,98,0,0,36.06,31.70,80.80,RESTING
12:02:11.404,-3.38,68.85,16.55,-0.75,0.00,0.00,98,0,0,36.06,31.70,80.80,RESTING
12:02:11.689,-3.38,68.85,16.55,-0.75,0.00,0.00,98,0,0,36.12,31.70,80.80,RESTING
12:02:11.974,-3.38,68.85,16.55,-0.75,0.00,0.00,98,0,0,36.12,31.70,80.80,RESTING
12:02:12.283,-3.38,68.85,16.55,-0.75,0.00,0.00,98,0,0,36.12,31.70,80.80,RESTING
12:02:12.588,-3.38,68.85,16.55,-0.75,0.00,0.00,98,0,0,36.12,31.70,80.80,RESTING
12:02:12.821,-3.38,68.85,16.55,-0.75,0.00,0.00,98,0,0,36.12,31.70,80.80,RESTING
12:02:13.106,-3.38,68.85,16.55,-0.75,0.00,0.00,98,0,0,36.12,31.70,80.80,RESTING
12:02:13.409,-3.38,68.85,16.55,-0.75,0.00,0.00,98,0,0,36.12,31.70,80.80,RESTING
12:02:13.717,-3.38,68.85,16.55,-0.75,0.00,0.00,98,0,0,36.12,31.70,80.80,RESTING
12:02:13.960,-3.38,68.85,16.55,-0.75,0.00,0.00,98,0,0,36.12,31.70,80.80,RESTING
12:02:14.338,-3.38,68.85,16.55,-0.75,0.00,0.00,98,0,0,36.12,31.70,80.80,RESTING
12:02:14.539,-3.38,68.85,16.55,-0.75,0.00,0.00,98,0,0,36.12,31.70,80.80,RESTING
12:02:14.842,-3.38,68.85,16.55,-0.75,0.00,0.00,98,0,0,36.12,31.70,80.80,RESTING
12:02:15.256,-3.38,68.85,16.55,-0.75,0.00,0.00,98,0,0,36.12,31.70,80.80,RESTING
12:02:15.381,-3.38,68.85,16.55,-0.75,0.00,0.00,98,0,0,36.12,31.70,80.80,RESTING
12:02:15.664,-3.38,68.85,16.55,-0.75,0.00,0.00,98,0,0,36.12,31.70,80.80,RESTING
12:02:15.972,-3.38,68.85,16.55,-0.75,0.00,0.00,98,0,0,36.12,31.70,80.70,RESTING
12:02:16.286,-3.38,68.85,16.55,-0.75,0.00,0.00,98,0,0,36.12,31.70,80.70,RESTING
12:02:16.521,-3.38,68.85,16.55,-0.75,0.00,0.00,98,0,0,36.12,31.70,80.70,RESTING
12:02:16.805,-3.38,68.85,16.55,-0.75,0.00,0.00,98,0,0,36.19,31.70,80.70,RESTING
12:02:17.109,-3.38,68.85,16.55,-0.75,0.00,0.00,98,0,0,36.19,31.70,80.70,RESTING
12:02:17.404,-3.38,68.85,16.55,-0.75,0.00,0.00,98,0,0,36.19,31.70,80.70,RESTING
12:02:17.721,-3.38,68.85,16.55,-0.75,0.00,0.00,98,0,0,36.19,31.70,80.70,RESTING
12:02:18.031,-3.38,68.85,16.55,-0.75,0.00,0.00,98,0,0,36.19,31.70,80.70,RESTING
12:02:18.231,0.00,68.85,16.55,-0.75,0.00,0.00,98,0,0,36.19,31.70,80.70,RESTING
12:02:18.534,-3.38,68.85,16.55,-0.75,0.00,0.00,98,0,0,36.19,31.70,80.70,RESTING
12:02:18.836,-3.38,68.85,16.55,-0.75,0.00,0.00,98,0,0,36.19,31.70,80.70,RESTING
12:02:19.081,-3.38,68.85,16.55,-0.75,0.00,0.00,98,0,0,36.19,31.70,80.70,RESTING
12:02:19.365,-3.38,68.85,16.55,-0.75,0.00,0.00,98,0,0,36.19,31.70,80.70,RESTING
12:02:19.656,-3.38,68.85,16.55,-0.75,0.00,0.00,98,0,0,36.19,31.70,80.70,RESTING
12:02:19.962,-3.38,68.85,16.55,-0.75,0.00,0.00,98,0,0,36.19,31.70,80.70,RESTING
12:02:20.282,-3.38,68.85,16.55,-0.75,0.00,0.00,98,0,0,36.19,31.70,80.70,RESTING
12:02:20.505,-3.38,68.85,16.55,-0.75,0.00,0.00,98,0,0,36.19,31.70,80.70,RESTING
12:02:20.787,-3.38,68.85,16.55,-0.75,0.00,0.00,98,0,0,36.19,31.70,80.70,RESTING
12:02:21.090,-3.38,68.85,16.55,-0.75,0.00,0.00,98,0,0,36.25,31.70,80.70,RESTING
12:02:21.513,-3.38,68.85,16.55,-0.75,0.00,0.00,98,0,0,36.25,31.70,80.70,RESTING
12:02:21.640,-3.38,68.85,16.55,-0.75,0.00,0.00,98,0,0,36.25,31.70,80.70,RESTING
12:02:21.925,-3.38,68.85,16.55,-0.75,0.00,0.00,98,0,0,36.25,31.70,80.70,RESTING
12:02:22.227,-3.38,68.85,16.55,-0.75,0.00,0.00,98,0,0,36.25,31.70,80.70,RESTING
12:02:22.639,-3.38,68.85,16.55,-0.75,0.00,0.00,98,0,0,36.25,31.70,80.70,RESTING
12:02:22.940,-3.38,68.85,16.55,-0.75,0.00,0.00,98,0,0,36.25,31.70,80.70,RESTING
12:02:23.065,-3.38,68.85,16.55,-0.75,0.00,0.00,98,0,0,36.25,31.70,80.70,RESTING
12:02:23.348,-3.38,68.85,16.55,-0.75,0.00,0.00,98,0,0,36.25,31.70,80.70,RESTING
12:02:23.651,-3.38,68.85,16.55,-0.75,0.00,0.00,98,0,0,36.25,31.70,80.70,RESTING
12:02:23.956,-3.38,68.85,16.55,-0.75,0.00,0.00,98,0,0,36.25,31.70,80.70,RESTING
12:02:24.199,-3.38,68.85,16.55,-0.75,0.00,0.00,98,0,0,36.25,31.70,80.70,RESTING
12:02:24.483,-3.38,68.85,16.55,-0.75,0.00,0.00,98,0,0,36.25,31.70,80.70,RESTING
12:02:24.777,-3.38,68.85,16.55,-0.75,0.00,0.00,98,0,0,36.25,31.70,80.70,RESTING
12:02:25.084,-3.38,68.85,16.55,-0.75,0.00,0.00,98,0,0,36.25,31.80,80.70,RESTING
12:02:25.390,-3.38,68.85,16.55,-0.75,0.00,0.00,98,0,0,36.31,31.80,80.70,RESTING
12:02:25.622,-3.38,68.85,16.55,-0.75,0.00,0.00,98,0,0,36.31,31.80,80.70,RESTING
12:02:25.907,-3.38,68.85,16.55,-0.75,0.00,0.00,98,0,0,36.31,31.80,80.70,RESTING
12:02:26.208,-3.38,68.85,16.55,-0.75,0.00,0.00,98,0,0,36.31,31.80,80.70,RESTING
12:02:26.631,-3.38,68.85,16.55,-0.75,0.00,0.00,98,0,0,36.31,31.80,80.70,RESTING
12:02:26.759,-3.38,68.85,16.55,-0.75,0.00,0.00,98,0,0,36.31,31.80,80.70,RESTING
12:02:27.041,-3.38,68.85,16.55,-0.75,0.00,0.00,98,0,0,36.31,31.80,80.70,RESTING
12:02:27.335,-3.38,68.85,16.55,-0.75,0.00,0.00,98,0,0,36.31,31.80,80.60,RESTING
12:02:27.642,-3.38,68.85,16.55,-0.75,0.00,0.00,98,0,0,36.31,31.80,80.60,RESTING
12:02:27.951,-3.38,68.85,16.55,-0.75,0.00,0.00,98,0,0,36.31,31.80,80.60,RESTING
12:02:28.179,-3.38,68.85,16.55,-0.75,0.00,0.00,98,0,0,36.31,31.80,80.60,RESTING
12:02:28.463,-3.38,68.85,16.55,-0.75,0.00,0.00,98,0,0,36.31,31.80,80.60,RESTING
12:02:28.769,-3.38,68.85,16.55,-0.75,0.00,0.00,98,0,0,36.31,31.80,80.60,RESTING
12:02:29.077,-3.38,68.85,16.55,-0.75,0.00,0.00,98,0,0,36.31,31.80,80.60,RESTING
12:02:29.315,-3.38,68.85,16.55,-0.75,0.00,0.00,98,0,0,36.31,31.80,80.60,RESTING
12:02:29.606,-3.38,68.85,16.55,-0.75,0.00,0.00,98,0,0,36.38,31.80,80.60,RESTING
12:02:29.895,-3.38,68.85,16.55,-0.75,0.00,0.00,98,0,0,36.38,31.80,80.60,RESTING
12:02:30.202,-3.38,68.85,16.55,-0.75,0.00,0.00,98,0,0,36.38,31.80,80.60,RESTING
12:02:30.511,-3.38,68.85,16.55,-0.75,0.00,0.00,98,0,0,36.38,31.80,80.60,RESTING
12:02:30.740,-3.38,68.85,16.55,-0.75,0.00,0.00,98,0,0,36.38,31.80,80.60,RESTING
12:02:31.023,-3.38,68.85,16.55,-0.75,0.00,0.00,98,0,0,36.38,31.80,80.60,RESTING
12:02:31.329,-3.38,68.85,16.55,-0.75,0.00,0.00,98,0,0,36.31,31.80,80.60,RESTING
12:02:31.635,-3.38,68.85,16.55,-0.75,0.00,0.00,98,0,0,36.31,31.80,80.60,RESTING
12:02:31.880,-3.38,68.85,16.55,-0.75,0.00,0.00,98,0,0,36.31,31.80,80.50,RESTING
12:02:32.163,-3.38,68.85,16.55,-0.75,0.00,0.00,98,0,0,36.38,31.80,80.50,RESTING
12:02:32.455,-3.38,68.85,16.55,-0.75,0.00,0.00,98,0,0,36.38,31.80,80.50,RESTING
12:02:32.762,-3.38,68.85,16.55,-0.75,0.00,0.00,98,0,0,36.38,31.80,80.50,RESTING
12:02:33.068,-3.38,68.85,16.55,-0.75,0.00,0.00,98,0,0,36.38,31.80,80.50,RESTING
12:02:33.298,-3.38,68.85,16.55,-0.75,0.00,0.00,98,0,0,36.38,31.80,80.50,RESTING
12:02:33.583,-3.38,68.85,16.55,-0.75,0.00,0.00,98,0,0,36.38,31.80,80.50,RESTING
12:02:33.888,-3.38,68.85,16.55,-0.75,0.00,0.00,98,0,0,36.38,31.80,80.50,RESTING
12:02:34.197,-3.38,68.85,16.55,-0.75,0.00,0.00,98,0,0,36.38,31.80,80.50,RESTING
12:02:34.437,-3.38,68.85,16.55,-0.75,0.00,0.00,98,0,0,36.38,31.80,80.50,RESTING
12:02:34.724,-3.38,68.85,16.55,-0.75,0.00,0.00,98,0,0,36.38,31.80,80.50,RESTING
12:02:35.015,-3.38,68.85,16.55,-0.75,0.00,0.00,98,0,0,36.38,31.80,80.50,RESTING
12:02:35.429,-3.38,68.85,16.55,-0.75,0.00,0.00,98,0,0,36.38,31.80,80.50,RESTING
12:02:35.638,-3.38,68.85,16.55,-0.75,0.00,0.00,98,0,0,36.38,31.80,80.50,RESTING
12:02:35.947,-3.38,68.85,16.55,-0.75,0.00,0.00,98,0,0,36.38,31.80,80.50,RESTING
12:02:36.140,-3.38,68.85,16.55,-0.75,0.00,0.00,98,0,0,36.38,31.80,80.50,RESTING
12:02:36.448,-3.38,68.85,16.55,-0.75,0.00,0.00,98,0,0,36.44,31.80,80.50,RESTING
12:02:36.756,-3.38,68.85,16.55,-0.75,0.00,0.00,98,0,0,36.44,31.80,80.50,RESTING
12:02:36.993,-3.38,68.85,16.55,-0.75,0.00,0.00,98,0,0,36.44,31.80,80.50,RESTING
12:02:37.280,-3.38,68.85,16.55,-0.75,0.00,0.00,98,0,0,36.44,31.80,80.50,RESTING
12:02:37.575,-3.38,68.85,16.55,-0.75,0.00,0.00,98,0,0,36.44,31.80,80.50,RESTING
12:02:37.882,-3.38,68.85,16.55,-0.75,0.00,0.00,98,0,0,36.44,31.80,80.50,RESTING
12:02:38.129,-3.38,68.85,16.55,-0.75,0.00,0.00,98,0,0,36.44,31.80,80.50,RESTING
12:02:38.415,-3.38,68.85,16.55,-0.75,0.00,0.00,98,0,0,36.44,31.80,80.50,RESTING
12:02:38.704,-3.38,68.85,16.55,-0.75,0.00,0.00,98,0,0,36.44,31.80,80.50,RESTING
12:02:39.027,-3.38,68.85,16.55,-0.75,0.00,0.00,98,0,0,36.44,31.80,80.50,RESTING
12:02:39.319,-3.38,68.85,16.55,-0.75,0.00,0.00,98,0,0,36.44,31.80,80.50,RESTING
12:02:39.627,-3.38,68.85,16.55,-0.75,0.00,0.00,98,0,0,36.44,31.80,80.50,RESTING
12:02:39.864,-3.38,68.85,16.55,-0.75,0.00,0.00,98,0,0,36.50,31.80,80.50,RESTING
12:02:40.136,-3.38,68.85,16.55,-0.75,0.00,0.00,98,0,0,36.50,31.80,80.50,RESTING
12:02:40.441,-3.38,68.85,16.55,-0.75,0.00,0.00,98,0,0,36.50,31.80,80.50,RESTING
12:02:40.689,-3.38,68.85,16.55,-0.75,0.00,0.00,98,0,0,36.44,31.80,80.50,RESTING
12:02:40.977,-3.38,68.85,16.55,-0.75,0.00,0.00,98,0,0,36.44,31.80,80.40,RESTING
12:02:41.263,-3.38,68.85,16.55,-0.75,0.00,0.00,98,0,0,36.44,31.80,80.40,RESTING
12:02:41.568,-3.38,68.85,16.55,-0.75,0.00,0.00,98,0,0,36.50,31.80,80.40,RESTING
12:02:41.876,-3.38,68.85,16.55,-0.75,0.00,0.00,98,0,0,36.50,31.80,80.40,RESTING
12:02:42.114,-3.38,68.85,16.55,-0.75,0.00,0.00,98,0,0,36.50,31.80,80.40,RESTING
12:02:42.398,-3.38,68.85,16.55,-0.75,0.00,0.00,98,0,0,36.44,31.80,80.40,RESTING
12:02:42.694,-3.38,68.85,16.55,-0.75,0.00,0.00,98,0,0,36.44,31.80,80.40,RESTING
12:02:43.002,-3.38,68.85,16.55,-0.75,0.00,0.00,98,0,0,36.44,31.80,80.40,RESTING
12:02:43.310,-3.38,68.85,16.55,-0.75,0.00,0.00,98,0,0,36.50,31.90,80.30,RESTING
12:02:43.537,-3.38,68.85,16.55,-0.75,0.00,0.00,98,0,0,36.50,31.90,80.30,RESTING
12:02:43.821,-3.38,68.85,16.55,-0.75,0.00,0.00,98,0,0,36.50,31.90,80.30,RESTING
12:02:44.128,-3.38,68.85,16.55,-0.75,0.00,0.00,98,0,0,36.56,31.90,80.30,ANOMALY
12:02:44.437,-3.38,68.85,16.55,-0.75,0.00,0.00,98,0,0,36.56,31.90,80.30,ANOMALY
12:02:44.672,-3.38,68.85,16.55,-0.75,0.00,0.00,98,0,0,36.56,31.90,80.30,ANOMALY
12:02:44.961,-3.38,68.85,16.55,-0.75,0.00,0.00,98,0,0,36.50,31.90,80.30,ANOMALY
12:02:45.277,-3.38,68.85,16.55,-0.75,0.00,0.00,98,0,0,36.50,31.90,80.30,ANOMALY
12:02:45.562,-3.38,68.85,16.55,-0.75,0.00,0.00,98,0,0,36.50,31.90,79.90,ANOMALY
12:02:45.870,-3.38,68.85,16.55,-0.75,0.00,0.00,98,0,0,36.56,31.90,79.90,ANOMALY
12:02:46.097,-3.38,68.85,16.55,-0.75,0.00,0.00,98,0,0,36.56,31.90,79.90,ANOMALY
12:02:46.380,-3.38,68.85,16.55,-0.75,0.00,0.00,98,0,0,36.56,31.90,79.90,ANOMALY
12:02:46.689,-3.38,68.85,16.55,-0.75,0.00,0.00,98,0,0,36.50,31.90,79.90,ANOMALY
12:02:46.997,-3.38,68.85,16.55,-0.75,0.00,0.00,98,0,0,36.50,31.90,79.90,ANOMALY
12:02:47.231,-3.38,68.85,16.55,-0.75,0.00,0.00,98,0,0,36.50,31.90,79.90,ANOMALY
12:02:47.517,-3.38,68.85,16.55,-0.75,0.00,0.00,98,0,0,36.56,31.90,79.90,ANOMALY
12:02:47.815,-3.38,68.85,16.55,-0.75,0.00,0.00,98,0,0,36.56,31.90,79.60,ANOMALY
12:02:48.122,-3.38,68.85,16.55,-0.75,0.00,0.00,98,0,0,36.56,31.90,79.60,ANOMALY
12:02:48.370,-3.38,68.85,16.55,-0.75,0.00,0.00,98,0,0,36.50,31.90,79.60,ANOMALY
12:02:48.655,-3.38,68.85,16.55,-0.75,0.00,0.00,98,0,0,36.50,31.90,79.60,ANOMALY
12:02:48.941,-3.38,68.85,16.55,-0.75,0.00,0.00,98,0,0,36.50,31.90,79.60,ANOMALY
12:02:49.248,-3.38,68.85,16.55,-0.75,0.00,0.00,98,0,0,36.56,31.90,79.60,ANOMALY
12:02:49.556,-3.38,68.85,16.55,-0.75,0.00,0.00,98,0,0,36.56,31.90,79.60,ANOMALY
12:02:49.789,-3.38,68.85,16.55,-0.75,0.00,0.00,98,0,0,36.56,31.90,79.60,ANOMALY
12:02:50.078,-3.38,68.85,16.55,-0.75,0.00,0.00,98,0,0,36.56,31.90,79.20,ANOMALY
12:02:50.375,-3.38,68.85,16.55,-0.75,0.00,0.00,98,0,0,36.56,31.90,79.20,ANOMALY
12:02:50.685,-3.38,68.85,16.55,-0.75,0.00,0.00,98,0,0,36.56,31.90,79.20,ANOMALY
12:02:50.928,-3.38,68.85,16.55,-0.75,0.00,0.00,98,0,0,36.50,31.90,79.20,ANOMALY
12:02:51.213,-3.38,68.85,16.55,-0.75,0.00,0.00,98,0,0,36.50,31.90,79.20,ANOMALY
12:02:51.501,-3.38,68.85,16.55,-0.75,0.00,0.00,98,0,0,36.50,31.90,79.20,ANOMALY
12:02:51.809,-3.38,68.85,16.55,-0.75,0.00,0.00,98,0,0,36.56,31.90,79.20,ANOMALY
12:02:52.115,-3.38,68.85,16.55,-0.75,0.00,0.00,98,0,0,36.56,31.90,79.20,ANOMALY
12:02:52.352,-3.38,68.85,16.55,-0.75,0.00,0.00,98,0,0,36.56,31.90,78.90,ANOMALY
12:02:52.637,-3.38,68.85,16.55,-0.75,0.00,0.00,98,0,0,36.56,31.90,78.90,ANOMALY
12:02:52.936,-3.38,68.85,16.55,-0.75,0.00,0.00,98,0,0,36.56,31.90,78.90,ANOMALY
12:02:53.242,-3.38,68.85,16.55,-0.75,0.00,0.00,98,0,0,36.56,31.90,78.90,ANOMALY
12:02:53.488,-3.38,68.85,16.55,-0.75,0.00,0.00,98,0,0,36.50,31.90,78.90,ANOMALY
12:02:53.773,-3.38,68.85,16.55,-0.75,0.00,0.00,98,0,0,36.50,31.90,78.90,ANOMALY
12:02:54.061,-3.38,68.85,16.55,-0.75,0.00,0.00,98,0,0,36.50,31.90,78.90,ANOMALY
12:02:54.370,-3.38,68.85,16.55,-0.75,0.00,0.00,98,0,0,36.56,31.90,78.90,ANOMALY
12:02:54.676,-3.38,68.85,16.55,-0.75,0.00,0.00,98,0,0,36.56,31.90,78.80,ANOMALY
12:02:54.909,-3.38,68.85,16.55,-0.75,0.00,0.00,98,0,0,36.56,31.90,78.80,ANOMALY
12:02:55.195,-3.38,68.85,16.55,-0.75,0.00,0.00,98,0,0,36.56,31.90,78.80,ANOMALY
12:02:55.496,-3.38,68.85,16.55,-0.75,0.00,0.00,98,0,0,36.56,31.90,78.80,ANOMALY
12:02:55.803,-3.38,68.85,16.55,-0.75,0.00,0.00,98,0,0,36.56,31.90,78.80,ANOMALY
12:02:56.043,-3.38,68.85,16.55,-0.75,0.00,0.00,98,0,0,36.50,31.90,78.80,ANOMALY
12:02:56.329,-3.38,68.85,16.55,-0.75,0.00,0.00,98,0,0,36.50,31.90,78.80,ANOMALY
12:02:56.621,-3.38,68.85,16.55,-0.75,0.00,0.00,98,0,0,36.50,31.90,78.80,ANOMALY
12:02:56.928,-3.38,68.85,16.55,-0.75,0.00,0.00,98,0,0,36.50,31.90,78.80,ANOMALY
12:02:57.236,-3.38,68.85,16.55,-0.75,0.00,0.00,98,0,0,36.50,31.90,78.80,ANOMALY
12:02:57.468,-3.38,68.85,16.55,-0.75,0.00,0.00,98,0,0,36.50,31.90,78.80,ANOMALY
12:02:57.753,-3.38,68.85,16.55,-0.75,0.00,0.00,98,0,0,36.56,31.90,78.80,ANOMALY
12:02:58.056,-3.38,68.85,16.55,-0.75,0.00,0.00,98,0,0,36.56,31.90,78.80,ANOMALY
12:02:58.363,-3.38,68.85,16.55,-0.75,0.00,0.00,98,0,0,36.56,31.90,78.80,ANOMALY
12:02:58.602,-3.38,68.85,16.55,-0.75,0.00,0.00,98,0,0,36.50,31.90,78.80,ANOMALY
12:02:58.885,-3.38,68.85,16.55,-0.75,0.00,0.00,98,0,0,36.50,31.90,78.80,ANOMALY
12:02:59.181,-3.38,68.85,16.55,-0.75,0.00,0.00,98,0,0,36.50,32.00,78.80,ANOMALY
12:02:59.489,-3.38,68.85,16.55,-0.75,0.00,0.00,98,0,0,36.50,32.00,78.80,ANOMALY
12:02:59.797,-3.38,68.85,16.55,-0.75,0.00,0.00,98,0,0,36.50,32.00,78.80,ANOMALY
12:03:00.024,-3.38,68.85,16.55,-0.75,0.00,0.00,98,0,0,36.50,32.00,78.80,ANOMALY
12:03:00.311,-3.38,68.85,16.55,-0.75,0.00,0.00,98,0,0,36.56,32.00,78.80,ANOMALY
12:03:00.615,-3.38,68.85,16.55,-0.75,0.00,0.00,98,0,0,36.56,32.00,78.80,ANOMALY
12:03:00.923,-3.38,68.85,16.55,-0.75,0.00,0.00,98,0,0,36.56,32.00,78.80,ANOMALY
12:03:01.159,-3.38,68.85,16.55,-0.75,0.00,0.00,98,0,0,36.56,32.00,78.80,ANOMALY
12:03:01.448,-3.38,68.85,16.55,-0.75,0.00,0.00,98,0,0,36.56,32.00,78.90,ANOMALY
12:03:01.741,-3.38,68.85,16.55,-0.75,0.00,0.00,98,0,0,36.56,32.00,78.90,ANOMALY
12:03:02.049,-3.38,68.85,16.55,-0.75,0.00,0.00,98,0,0,36.56,32.00,78.90,ANOMALY
12:03:02.356,-3.38,68.85,16.55,-0.75,0.00,0.00,98,0,0,36.56,32.00,78.90,ANOMALY
12:03:02.582,-3.38,68.85,16.55,-0.75,0.00,0.00,98,0,0,36.56,32.00,78.90,ANOMALY
12:03:02.867,-3.38,68.85,16.55,-0.75,0.00,0.00,98,0,0,36.56,32.00,78.90,ANOMALY
12:03:03.176,-3.38,68.85,16.55,-0.75,0.00,0.00,98,0,0,36.56,32.00,78.90,ANOMALY
12:03:03.482,-3.38,68.85,16.55,-0.75,0.00,0.00,98,0,0,36.56,32.00,78.90,ANOMALY
12:03:03.722,-3.38,68.85,16.55,-0.75,0.00,0.00,98,0,0,36.56,32.00,78.90,ANOMALY
12:03:04.008,-3.38,68.85,16.55,-0.75,0.00,0.00,98,0,0,36.56,32.00,78.90,ANOMALY
12:03:04.301,-3.38,68.85,16.55,-0.75,0.00,0.00,98,0,0,36.56,32.00,78.90,ANOMALY
12:03:04.609,-3.38,68.85,16.55,-0.75,0.00,0.00,98,0,0,36.56,32.00,78.90,ANOMALY
12:03:04.916,-3.38,68.85,16.55,-0.75,0.00,0.00,98,0,0,36.56,32.00,78.90,ANOMALY
12:03:05.140,-3.38,68.85,16.55,-0.75,0.00,0.00,98,0,0,36.56,32.00,78.90,ANOMALY
12:03:05.427,-3.38,68.85,16.55,-0.75,0.00,0.00,98,0,0,36.56,32.00,78.90,ANOMALY
12:03:05.735,-3.38,68.85,16.55,-0.75,0.00,0.00,98,0,0,36.56,32.00,78.90,ANOMALY
12:03:06.042,-3.38,68.85,16.55,-0.75,0.00,0.00,98,0,0,36.56,32.00,78.90,ANOMALY
12:03:06.278,-3.38,68.85,16.55,-0.75,0.00,0.00,98,0,0,36.56,32.00,78.90,ANOMALY
12:03:06.562,-3.38,68.85,16.55,-0.75,0.00,0.00,98,0,0,36.56,32.00,78.90,ANOMALY
12:03:06.862,-3.38,68.85,16.55,-0.75,0.00,0.00,98,0,0,36.56,32.00,78.90,ANOMALY
12:03:07.170,-3.38,68.85,16.55,-0.75,0.00,0.00,98,0,0,36.56,32.00,78.90,ANOMALY
12:03:07.414,-3.38,68.85,16.55,-0.75,0.00,0.00,98,0,0,36.56,32.00,78.90,ANOMALY
12:03:07.699,-3.38,68.85,16.55,-0.75,0.00,0.00,98,0,0,36.56,32.00,78.90,ANOMALY
12:03:07.988,-3.38,68.85,16.55,-0.75,0.00,0.00,98,0,0,36.50,32.00,78.90,ANOMALY
12:03:08.296,-3.38,68.85,16.55,-0.75,0.00,0.00,98,0,0,36.50,32.00,79.00,ANOMALY
12:03:08.602,-3.38,68.85,16.55,-0.75,0.00,0.00,98,0,0,36.50,32.00,79.00,ANOMALY
12:03:08.838,-3.38,68.85,16.55,-0.75,0.00,0.00,98,0,0,36.56,32.00,79.00,ANOMALY
12:03:09.122,-3.38,68.85,16.55,-0.75,0.00,0.00,98,0,0,36.56,32.00,79.00,ANOMALY
12:03:09.423,-3.38,68.85,16.55,-0.75,0.00,0.00,98,0,0,36.56,32.00,79.00,ANOMALY
12:03:09.728,-3.38,68.85,16.55,-0.75,0.00,0.00,98,0,0,36.56,32.00,79.00,ANOMALY
12:03:09.972,-3.38,68.85,16.55,-0.75,0.00,0.00,98,0,0,36.56,32.00,79.00,ANOMALY
12:03:10.256,-3.38,68.85,16.55,-0.75,0.00,0.00,98,0,0,36.56,32.00,79.00,ANOMALY
12:03:10.548,-3.38,68.85,16.55,-0.75,0.00,0.00,98,0,0,36.56,32.00,79.00,ANOMALY
12:03:10.854,-3.38,68.85,16.55,-0.75,0.00,0.00,98,0,0,36.56,32.00,79.00,ANOMALY
12:03:11.162,-3.38,68.85,16.55,-0.75,0.00,0.00,98,0,0,36.56,32.00,79.00,ANOMALY
12:03:11.396,-3.38,68.85,16.55,-0.75,0.00,0.00,98,0,0,36.50,32.00,79.00,ANOMALY
12:03:11.686,-3.38,68.85,16.55,-0.75,0.00,0.00,98,0,0,36.50,32.00,79.00,ANOMALY
12:03:12.023,-3.38,68.85,16.55,-0.75,0.00,0.00,98,0,0,36.50,32.00,79.00,ANOMALY
12:03:12.289,-3.38,68.85,16.55,-0.75,0.00,0.00,98,0,0,36.56,32.00,79.00,ANOMALY
12:03:12.532,-3.38,68.85,16.55,-0.75,0.00,0.00,98,0,0,36.56,32.00,79.00,ANOMALY
12:03:12.820,-3.38,68.85,16.55,-0.75,0.00,0.00,98,0,0,36.56,32.00,79.00,ANOMALY
12:03:13.108,-3.38,68.85,16.55,-0.75,0.00,0.00,98,0,0,36.56,32.00,79.00,ANOMALY
12:03:13.415,-3.38,68.85,16.55,-0.75,0.00,0.00,98,0,0,36.56,32.00,79.00,ANOMALY
12:03:13.724,-3.38,68.85,16.55,-0.75,0.00,0.00,98,0,0,36.56,32.00,79.00,ANOMALY
12:03:13.954,-3.38,68.85,16.55,-0.75,0.00,0.00,98,0,0,36.56,32.00,79.00,ANOMALY
12:03:14.240,-3.38,68.85,16.55,-0.75,0.00,0.00,98,0,0,36.56,32.00,79.00,ANOMALY
12:03:14.565,-3.38,68.85,16.55,-0.75,0.00,0.00,98,0,0,36.56,32.00,79.00,ANOMALY
12:03:14.850,-3.38,68.85,16.55,-0.75,0.00,0.00,98,0,0,36.50,32.00,79.00,ANOMALY
12:03:15.094,-3.38,68.85,16.55,-0.75,0.00,0.00,98,0,0,36.50,32.00,78.80,ANOMALY
12:03:15.474,-3.38,68.85,16.55,-0.75,0.00,0.00,98,0,0,36.50,32.00,78.80,ANOMALY
12:03:15.669,-3.38,68.85,16.55,-0.75,0.00,0.00,98,0,0,36.50,32.00,78.80,ANOMALY
12:03:15.977,-3.38,68.85,16.55,-0.75,0.00,0.00,98,0,0,36.50,32.00,78.80,ANOMALY
12:03:16.282,-3.38,68.85,16.55,-0.75,0.00,0.00,98,0,0,36.50,32.00,78.80,ANOMALY
12:03:16.512,-3.38,68.85,16.55,-0.75,0.00,0.00,98,0,0,36.44,32.00,78.80,ANOMALY
12:03:16.796,-3.38,68.85,16.55,-0.75,0.00,0.00,98,0,0,36.44,32.00,78.80,ANOMALY
12:03:17.103,-3.38,68.85,16.55,-0.75,0.00,0.00,98,0,0,36.44,32.00,78.80,ANOMALY
12:03:17.409,-3.38,68.85,16.55,-0.75,0.00,0.00,98,0,0,36.44,32.00,78.40,ANOMALY
12:03:17.716,-3.38,68.85,16.55,-0.75,0.00,0.00,98,0,0,36.44,32.00,78.40,ANOMALY
12:03:18.024,-3.38,68.85,16.55,-0.75,0.00,0.00,98,0,0,36.44,32.00,78.40,ANOMALY
12:03:18.229,-3.38,68.85,16.55,-0.75,0.00,0.00,98,0,0,36.38,32.00,78.40,ANOMALY
12:03:18.536,-3.38,68.85,16.55,-0.75,0.00,0.00,98,0,0,36.38,32.00,78.40,ANOMALY
12:03:18.850,-3.38,68.85,16.55,-0.75,0.00,0.00,98,0,0,36.38,32.00,78.40,ANOMALY
12:03:19.071,-3.38,68.85,16.55,-0.75,0.00,0.00,98,0,0,36.31,32.00,78.40,ANOMALY
12:03:19.356,-3.38,68.85,16.55,-0.75,0.00,0.00,98,0,0,36.31,32.00,78.40,ANOMALY
12:03:19.663,-3.38,68.85,16.55,-0.75,0.00,0.00,98,0,0,36.31,32.00,78.20,ANOMALY
12:03:19.969,0.00,68.85,16.55,-0.75,0.00,0.00,98,0,0,36.31,32.00,78.20,ANOMALY
12:03:20.212,-3.38,68.85,16.55,-0.75,0.00,0.00,98,0,0,36.31,32.00,78.20,ANOMALY
12:03:20.494,-3.38,68.85,16.55,-0.75,0.00,0.00,98,0,0,36.31,32.00,78.20,ANOMALY
12:03:20.787,-3.38,68.85,16.55,-0.75,0.00,0.00,98,0,0,36.25,32.00,78.20,ANOMALY
12:03:21.095,-3.38,68.85,16.55,-0.75,0.00,0.00,98,0,0,36.25,32.00,78.20,ANOMALY
12:03:21.403,-3.38,68.85,16.55,-0.75,0.00,0.00,98,0,0,36.25,32.00,78.20,ANOMALY
12:03:21.628,-3.38,68.85,16.55,-0.75,0.00,0.00,98,0,0,36.12,32.00,78.20,ANOMALY
12:03:21.916,-3.38,68.85,16.55,-0.75,0.00,0.00,98,0,0,36.12,32.00,77.90,ANOMALY
12:03:22.324,-3.38,68.85,16.55,-0.75,0.00,0.00,98,0,0,36.12,32.00,77.90,ANOMALY
12:03:22.528,-3.38,68.85,16.55,-0.75,0.00,0.00,98,0,0,36.12,32.00,77.90,ANOMALY
12:03:22.769,-3.38,68.85,16.55,-0.75,0.00,0.00,98,0,0,36.12,32.00,77.90,ANOMALY
12:03:23.054,-3.38,68.85,16.55,-0.75,0.00,0.00,98,0,0,36.12,32.00,77.90,ANOMALY
12:03:23.348,-3.38,68.85,16.55,-0.75,0.00,0.00,98,0,0,36.00,32.00,77.90,ANOMALY
12:03:23.655,-3.38,68.85,16.55,-0.75,0.00,0.00,98,0,0,36.00,32.00,77.90,ANOMALY
12:03:23.962,-3.38,68.85,16.55,-0.75,0.00,0.00,98,0,0,36.00,32.00,77.90,ANOMALY
12:03:24.191,-3.38,68.85,16.55,-0.75,0.00,0.00,98,0,0,36.00,32.00,77.60,ANOMALY
12:03:24.476,-3.38,68.85,16.55,-0.75,0.00,0.00,98,0,0,36.00,32.00,77.60,ANOMALY
12:03:24.781,-3.38,68.85,16.55,-0.75,0.00,0.00,98,0,0,36.00,32.00,77.60,ANOMALY
12:03:25.088,-3.38,68.85,16.55,-0.75,0.00,0.00,98,0,0,35.94,32.00,77.60,ANOMALY
12:03:25.327,-3.38,68.85,16.55,-0.75,0.00,0.00,98,0,0,35.94,32.00,77.60,ANOMALY
12:03:25.612,-3.38,68.85,16.55,-0.75,0.00,0.00,98,0,0,35.94,32.00,77.60,ANOMALY
12:03:25.907,-3.38,68.85,16.55,-0.75,0.00,0.00,98,0,0,35.88,32.00,77.60,ANOMALY
12:03:26.216,-3.38,68.85,16.55,-0.75,0.00,0.00,98,0,0,35.88,32.00,77.60,ANOMALY
12:03:26.522,-3.38,68.85,16.55,-0.75,0.00,0.00,98,0,0,35.88,32.10,77.50,ANOMALY
12:03:26.749,-3.38,68.85,16.55,-0.75,0.00,0.00,98,0,0,35.81,32.10,77.50,ANOMALY
12:03:27.034,-3.38,68.85,16.55,-0.75,0.00,0.00,98,0,0,35.81,32.10,77.50,ANOMALY
12:03:27.343,-3.38,68.85,16.55,-0.75,0.00,0.00,98,0,0,35.81,32.10,77.50,ANOMALY
12:03:27.649,-3.38,68.85,16.55,-0.75,0.00,0.00,98,0,0,35.75,32.10,77.50,ANOMALY
12:03:27.884,-3.38,68.85,16.55,-0.75,0.00,0.00,98,0,0,35.75,32.10,77.50,ANOMALY
12:03:28.168,-3.38,68.85,16.55,-0.75,0.00,0.00,98,0,0,35.75,32.10,77.50,ANOMALY
12:03:28.469,-3.38,68.85,16.55,-0.75,0.00,0.00,98,0,0,35.69,32.10,77.50,ANOMALY
12:03:28.775,-3.38,68.85,16.55,-0.75,0.00,0.00,98,0,0,35.69,32.00,77.00,ANOMALY
12:03:29.023,-3.38,68.85,16.55,-0.75,0.00,0.00,98,0,0,35.69,32.00,77.00,ANOMALY
12:03:29.307,-3.38,68.85,16.55,-0.75,0.00,0.00,98,0,0,35.69,32.00,77.00,ANOMALY
12:03:29.594,-3.38,68.85,16.55,-0.75,0.00,0.00,98,0,0,35.69,32.00,77.00,ANOMALY
12:03:29.901,-3.38,68.85,16.55,-0.75,0.00,0.00,98,0,0,35.69,32.00,77.00,ANOMALY
12:03:30.209,-3.38,68.85,16.55,-0.75,0.00,0.00,98,0,0,35.62,32.00,77.00,ANOMALY
12:03:30.442,-3.38,68.85,16.55,-0.75,0.00,0.00,98,0,0,35.62,32.00,77.00,ANOMALY
12:03:30.726,-3.38,68.85,16.55,-0.75,0.00,0.00,98,0,0,35.62,32.00,77.00,ANOMALY
12:03:31.028,-3.38,68.85,16.55,-0.75,0.00,0.00,98,0,0,35.62,32.10,76.70,ANOMALY
12:03:31.335,-3.38,68.85,16.55,-0.75,0.00,0.00,98,0,0,35.62,32.10,76.70,ANOMALY
12:03:31.583,-3.38,68.85,16.55,-0.75,0.00,0.00,98,0,0,35.62,32.10,76.70,ANOMALY
12:03:31.867,-3.38,68.85,16.55,-0.75,0.00,0.00,98,0,0,35.56,32.10,76.70,ANOMALY
12:03:32.154,-3.38,68.85,16.55,-0.75,0.00,0.00,98,0,0,35.56,32.10,76.70,ANOMALY
12:03:32.461,-3.38,68.85,16.55,-0.75,0.00,0.00,98,0,0,35.56,32.10,76.70,ANOMALY
12:03:32.769,-3.38,68.85,16.55,-0.75,0.00,0.00,98,0,0,35.56,32.10,76.70,ANOMALY
12:03:33.000,-3.38,68.85,16.55,-0.75,0.00,0.00,98,0,0,35.56,32.10,76.70,ANOMALY
12:03:33.289,-3.38,68.85,16.55,-0.75,0.00,0.00,98,0,0,35.56,32.10,76.50,ANOMALY
12:03:33.588,-3.38,68.85,16.55,-0.75,0.00,0.00,98,0,0,35.56,32.10,76.50,ANOMALY
12:03:33.897,-3.38,68.85,16.55,-0.75,0.00,0.00,98,0,0,35.56,32.10,76.50,ANOMALY
12:03:34.141,-3.38,68.85,16.55,-0.75,0.00,0.00,98,0,0,35.56,32.10,76.50,ANOMALY
12:03:34.426,-3.38,68.85,16.55,-0.75,0.00,0.00,98,0,0,35.50,32.10,76.50,ANOMALY
12:03:34.714,-3.38,68.85,16.55,-0.75,0.00,0.00,98,0,0,35.50,32.10,76.50,ANOMALY
12:03:35.021,-3.38,68.85,16.55,-0.75,0.00,0.00,98,0,0,35.50,32.10,76.50,ANOMALY
12:03:35.329,-3.38,68.85,16.55,-0.75,0.00,0.00,98,0,0,35.50,32.10,76.50,ANOMALY
12:03:35.564,-3.38,68.85,16.55,-0.75,0.00,0.00,98,0,0,35.50,32.10,76.40,ANOMALY
12:03:35.848,-3.38,68.85,16.55,-0.75,0.00,0.00,98,0,0,35.50,32.10,76.40,ANOMALY
12:03:36.148,-3.38,68.85,16.55,-0.75,0.00,0.00,98,0,0,35.44,32.10,76.40,ANOMALY
12:03:36.455,-3.38,68.85,16.55,-0.75,0.00,0.00,98,0,0,35.44,32.10,76.40,ANOMALY
12:03:36.700,-3.38,68.85,16.55,-0.75,0.00,0.00,98,0,0,35.44,32.10,76.40,ANOMALY
12:03:36.984,-3.38,68.85,16.55,-0.75,0.00,0.00,98,0,0,35.44,32.10,76.40,ANOMALY
12:03:37.276,-3.38,68.85,16.55,-0.75,0.00,0.00,98,0,0,35.44,32.10,76.40,ANOMALY
12:03:37.582,-3.38,68.85,16.55,-0.75,0.00,0.00,98,0,0,35.44,32.10,76.40,ANOMALY
12:03:37.888,-3.38,68.85,16.55,-0.75,0.00,0.00,98,0,0,35.44,32.10,76.40,ANOMALY
12:03:38.124,-3.38,68.85,16.55,-0.75,0.00,0.00,98,0,0,35.44,32.10,76.40,ANOMALY
12:03:38.409,-3.38,68.85,16.55,-0.75,0.00,0.00,98,0,0,35.44,32.10,76.40,ANOMALY
12:03:38.707,-3.38,68.85,16.55,-0.75,0.00,0.00,98,0,0,35.38,32.10,76.40,ANOMALY
12:03:39.015,-3.38,68.85,16.55,-0.75,0.00,0.00,98,0,0,35.38,32.10,76.40,ANOMALY
12:03:39.259,-3.38,68.85,16.55,-0.75,0.00,0.00,98,0,0,35.38,32.10,76.40,ANOMALY
12:03:39.543,-3.38,68.85,16.55,-0.75,0.00,0.00,98,0,0,35.38,32.10,76.40,ANOMALY
12:03:39.834,-3.38,68.85,16.55,-0.75,0.00,0.00,98,0,0,35.38,32.10,76.40,ANOMALY
12:03:40.141,-3.38,68.85,16.55,-0.75,0.00,0.00,98,0,0,35.38,32.10,76.30,ANOMALY
12:03:40.448,-3.38,68.85,16.55,-0.75,0.00,0.00,98,0,0,35.31,32.10,76.30,ANOMALY
12:03:40.681,-3.38,68.85,16.55,-0.75,0.00,0.00,98,0,0,35.31,32.10,76.30,ANOMALY
12:03:40.965,-3.38,68.85,16.55,-0.75,0.00,0.00,98,0,0,35.31,32.10,76.30,ANOMALY
12:03:41.268,-3.38,68.85,16.55,-0.75,0.00,0.00,98,0,0,35.31,32.10,76.30,ANOMALY
12:03:41.575,-3.38,68.85,16.55,-0.75,0.00,0.00,98,0,0,35.31,32.10,76.30,ANOMALY
12:03:41.816,-3.38,68.85,16.55,-0.75,0.00,0.00,98,0,0,35.31,32.10,76.30,ANOMALY
12:03:42.101,-3.38,68.85,16.55,-0.75,0.00,0.00,98,0,0,35.31,32.10,76.30,ANOMALY
12:03:42.396,-3.38,68.85,16.55,-0.75,0.00,0.00,98,0,0,35.31,32.10,76.10,ANOMALY
12:03:42.701,-3.38,68.85,16.55,-0.75,0.00,0.00,98,0,0,35.31,32.10,76.10,ANOMALY
12:03:43.009,-3.38,68.85,16.55,-0.75,0.00,0.00,98,0,0,35.25,32.10,76.10,ANOMALY
12:03:43.239,-3.38,68.85,16.55,-0.75,0.00,0.00,98,0,0,35.25,32.10,76.10,ANOMALY
12:03:43.523,-3.38,68.85,16.55,-0.75,0.00,0.00,98,0,0,35.25,32.10,76.10,ANOMALY
12:03:43.828,-3.38,68.85,16.55,-0.75,0.00,0.00,98,0,0,35.25,32.10,76.10,ANOMALY
12:03:44.136,-3.38,68.85,16.55,-0.75,0.00,0.00,98,0,0,35.25,32.10,76.10,ANOMALY
12:03:44.373,-3.38,68.85,16.55,-0.75,0.00,0.00,98,0,0,35.25,32.10,76.10,ANOMALY
12:03:44.662,-3.38,68.85,16.55,-0.75,0.00,0.00,98,0,0,35.25,32.10,75.80,ANOMALY
12:03:44.957,-3.38,68.85,16.55,-0.75,0.00,0.00,98,0,0,35.25,32.10,75.80,ANOMALY
12:03:45.261,-3.38,68.85,16.55,-0.75,0.00,0.00,98,0,0,35.25,32.10,75.80,ANOMALY
12:03:45.568,-3.38,68.85,16.55,-0.75,0.00,0.00,98,0,0,35.25,32.10,75.80,ANOMALY
12:03:45.797,-3.38,68.85,16.55,-0.75,0.00,0.00,98,0,0,35.25,32.10,75.80,ANOMALY
12:03:46.082,-3.38,68.85,16.55,-0.75,0.00,0.00,98,0,0,35.25,32.10,75.80,ANOMALY
12:03:46.387,-3.38,68.85,16.55,-0.75,0.00,0.00,98,0,0,35.25,32.10,75.80,ANOMALY
12:03:46.695,-3.38,68.85,16.55,-0.75,0.00,0.00,98,0,0,35.25,32.10,75.80,ANOMALY
12:03:46.938,-3.38,68.85,16.55,-0.75,0.00,0.00,98,0,0,35.25,32.10,75.70,ANOMALY
12:03:47.223,-3.38,68.85,16.55,-0.75,0.00,0.00,98,0,0,35.19,32.10,75.70,ANOMALY
12:03:47.514,-3.38,68.85,16.55,-0.75,0.00,0.00,98,0,0,35.19,32.10,75.70,ANOMALY
12:03:47.821,-3.38,68.85,16.55,-0.75,0.00,0.00,98,0,0,35.19,32.10,75.70,ANOMALY
12:03:48.129,-3.38,68.85,16.55,-0.75,0.00,0.00,98,0,0,35.25,32.10,75.70,ANOMALY
12:03:48.356,-3.38,68.85,16.55,-0.75,0.00,0.00,98,0,0,35.25,32.10,75.70,ANOMALY
12:03:48.640,-3.38,68.85,16.55,-0.75,0.00,0.00,98,0,0,35.25,32.10,75.70,ANOMALY
12:03:48.948,-3.38,68.85,16.55,-0.75,0.00,0.00,98,0,0,35.25,32.10,75.70,ANOMALY
12:03:49.255,-3.38,68.85,16.55,-0.75,0.00,0.00,98,0,0,35.25,32.10,75.60,ANOMALY
12:03:49.495,-3.38,68.85,16.55,-0.75,0.00,0.00,98,0,0,35.25,32.10,75.60,ANOMALY
12:03:49.780,-3.38,68.85,16.55,-0.75,0.00,0.00,98,0,0,35.25,32.10,75.60,ANOMALY
12:03:50.075,-3.38,68.85,16.55,-0.75,0.00,0.00,98,0,0,35.25,32.10,75.60,ANOMALY
12:03:50.381,-3.38,68.85,16.55,-0.75,0.00,0.00,98,0,0,35.25,32.10,75.60,ANOMALY
12:03:50.688,-3.38,68.85,16.55,-0.75,0.00,0.00,98,0,0,35.25,32.10,75.60,ANOMALY
12:03:50.915,-3.38,68.85,16.55,-0.75,0.00,0.00,98,0,0,35.25,32.10,75.60,ANOMALY
12:03:51.199,-3.38,68.85,16.55,-0.75,0.00,0.00,98,0,0,35.25,32.10,75.60,ANOMALY
12:03:51.507,-3.38,68.85,16.55,-0.75,0.00,0.00,98,0,0,35.25,32.10,75.60,ANOMALY
12:03:51.815,-3.38,68.85,16.55,-0.75,0.00,0.00,98,0,0,35.25,32.10,75.60,ANOMALY
12:03:52.053,-3.38,68.85,16.55,-0.75,0.00,0.00,98,0,0,35.25,32.10,75.60,ANOMALY
12:03:52.337,-3.38,68.85,16.55,-0.75,0.00,0.00,98,0,0,35.25,32.10,75.60,ANOMALY
12:03:52.634,-3.38,68.85,16.55,-0.75,0.00,0.00,98,0,0,35.25,32.10,75.60,ANOMALY
12:03:52.942,-3.38,68.85,16.55,-0.75,0.00,0.00,98,0,0,35.25,32.10,75.60,ANOMALY
12:03:53.187,-3.38,68.85,16.55,-0.75,0.00,0.00,98,0,0,35.25,32.10,75.60,ANOMALY
12:03:53.472,-3.38,68.85,16.55,-0.75,0.00,0.00,98,0,0,35.25,32.10,75.60,ANOMALY
12:03:53.763,-3.38,68.85,16.55,-0.75,0.00,0.00,98,0,0,35.25,32.10,75.30,ANOMALY
12:03:54.068,-3.38,68.85,16.55,-0.75,0.00,0.00,98,0,0,35.25,32.10,75.30,ANOMALY
12:03:54.377,-3.38,68.85,16.55,-0.75,0.00,0.00,98,0,0,35.25,32.10,75.30,ANOMALY
12:03:54.612,-3.38,68.85,16.55,-0.75,0.00,0.00,98,0,0,35.25,32.10,75.30,ANOMALY
12:03:54.899,-3.38,68.85,16.55,-0.75,0.00,0.00,98,0,0,35.25,32.10,75.30,ANOMALY
12:03:55.199,-3.38,68.85,16.55,-0.75,0.00,0.00,98,0,0,35.25,32.10,75.30,ANOMALY
12:03:55.605,-3.38,68.85,16.55,-0.75,0.00,0.00,98,0,0,35.25,32.10,75.30,ANOMALY
12:03:55.837,-3.38,68.85,16.55,-0.75,0.00,0.00,98,0,0,35.25,32.10,75.30,ANOMALY
12:03:56.133,-3.38,68.85,16.55,-0.75,0.00,0.00,98,0,0,35.25,32.20,75.20,ANOMALY
12:03:56.448,-3.38,68.85,16.55,-0.75,0.00,0.00,98,0,0,35.25,32.20,75.20,ANOMALY
12:03:56.740,-3.38,68.85,16.55,-0.75,0.00,0.00,98,0,0,35.25,32.20,75.20,ANOMALY
12:03:57.048,-3.38,68.85,16.55,-0.75,0.00,0.00,98,0,0,35.25,32.20,75.20,ANOMALY
12:03:57.282,-3.38,68.85,16.55,-0.75,0.00,0.00,98,0,0,35.25,32.20,75.20,ANOMALY
12:03:57.557,-3.38,68.85,16.55,-0.75,0.00,0.00,98,0,0,35.25,32.20,75.20,ANOMALY
12:03:57.861,-3.38,68.85,16.55,-0.75,0.00,0.00,98,0,0,35.25,32.20,75.20,ANOMALY
12:03:58.178,-3.38,68.85,16.55,-0.75,0.00,0.00,98,0,0,35.25,32.20,75.20,ANOMALY
12:03:58.387,-3.38,68.85,16.55,-0.75,0.00,0.00,98,0,0,35.25,32.20,75.20,ANOMALY
12:03:58.683,-3.38,68.85,16.55,-0.75,0.00,0.00,98,0,0,35.25,32.20,75.20,ANOMALY
12:03:59.496,-3.38,68.85,16.55,-0.75,0.00,0.00,98,0,0,35.19,32.20,75.20,ANOMALY
12:03:59.498,-3.38,68.85,16.55,-0.75,0.00,0.00,98,0,0,35.19,32.20,75.20,ANOMALY
12:03:59.726,-3.38,68.85,16.55,-0.75,0.00,0.00,98,0,0,35.19,32.20,75.20,ANOMALY
12:04:00.009,-3.38,68.85,16.55,-0.75,0.00,0.00,98,0,0,35.19,32.20,75.20,ANOMALY
12:04:00.315,-3.38,68.85,16.55,-0.75,0.00,0.00,98,0,0,35.19,32.20,75.20,ANOMALY
12:04:00.622,-3.38,68.85,16.55,-0.75,0.00,0.00,98,0,0,35.19,32.20,75.30,ANOMALY
12:04:00.864,-3.38,68.85,16.55,-0.75,0.00,0.00,98,0,0,35.19,32.20,75.30,ANOMALY
12:04:01.149,-3.38,68.85,16.55,-0.75,0.00,0.00,98,0,0,35.19,32.20,75.30,ANOMALY
12:04:01.438,-3.38,68.85,16.55,-0.75,0.00,0.00,98,0,0,35.19,32.20,75.30,ANOMALY
12:04:01.748,-3.38,68.85,16.55,-0.75,0.00,0.00,98,0,0,35.19,32.20,75.30,ANOMALY
12:04:02.055,-3.38,68.85,16.55,-0.75,0.00,0.00,98,0,0,35.19,32.20,75.30,ANOMALY
12:04:02.282,-3.38,68.85,16.55,-0.75,0.00,0.00,98,0,0,35.19,32.20,75.30,ANOMALY
12:04:02.566,-3.38,68.85,16.55,-0.75,0.00,0.00,98,0,0,35.19,32.20,75.30,ANOMALY
12:04:02.874,-3.38,68.85,16.55,-0.75,0.00,0.00,98,0,0,35.19,32.20,75.10,ANOMALY
12:04:03.181,-3.38,68.85,16.55,-0.75,0.00,0.00,98,0,0,35.19,32.20,75.10,ANOMALY
12:04:03.421,-3.38,68.85,16.55,-0.75,0.00,0.00,98,0,0,35.12,32.20,75.10,ANOMALY
12:04:03.705,-3.38,68.85,16.55,-0.75,0.00,0.00,98,0,0,35.12,32.20,75.10,ANOMALY
12:04:04.002,-3.38,68.85,16.55,-0.75,0.00,0.00,98,0,0,35.12,32.20,75.10,ANOMALY
12:04:04.308,-3.38,68.85,16.55,-0.75,0.00,0.00,98,0,0,35.12,32.20,75.10,ANOMALY
12:04:04.554,-3.38,68.85,16.55,-0.75,0.00,0.00,98,0,0,35.12,32.20,75.10,ANOMALY
12:04:04.839,-3.38,68.85,16.55,-0.75,0.00,0.00,98,0,0,35.12,32.20,75.10,ANOMALY
12:04:05.131,-3.38,68.85,16.55,-0.75,0.00,0.00,98,0,0,35.12,32.10,74.70,ANOMALY
12:04:05.434,-3.38,68.85,16.55,-0.75,0.00,0.00,98,0,0,35.12,32.10,74.70,ANOMALY
12:04:05.741,-3.38,68.85,16.55,-0.75,0.00,0.00,98,0,0,35.12,32.10,74.70,ANOMALY
12:04:05.980,-3.38,68.85,16.55,-0.75,0.00,0.00,98,0,0,35.12,32.10,74.70,ANOMALY
12:04:06.264,-3.38,68.85,16.55,-0.75,0.00,0.00,98,0,0,35.12,32.10,74.70,ANOMALY
12:04:06.561,-3.38,68.85,16.55,-0.75,0.00,0.00,98,0,0,35.12,32.10,74.70,ANOMALY
12:04:06.868,-3.38,68.85,16.55,-0.75,0.00,0.00,98,0,0,35.19,32.10,74.70,ANOMALY
12:04:07.115,-3.38,68.85,16.55,-0.75,0.00,0.00,98,0,0,35.19,32.10,74.70,ANOMALY
12:04:07.402,-3.38,68.85,16.55,-0.75,0.00,0.00,98,0,0,35.19,32.20,74.60,ANOMALY
12:04:07.686,-3.38,68.85,16.55,-0.75,0.00,0.00,98,0,0,35.12,32.20,74.60,ANOMALY
12:04:07.994,-3.38,68.85,16.55,-0.75,0.00,0.00,98,0,0,35.12,32.20,74.60,ANOMALY
12:04:08.302,-3.38,68.85,16.55,-0.75,0.00,0.00,98,0,0,35.12,32.20,74.60,ANOMALY
12:04:08.537,-3.38,68.85,16.55,-0.75,0.00,0.00,98,0,0,35.19,32.20,74.60,ANOMALY
12:04:08.821,-3.38,68.85,16.55,-0.75,0.00,0.00,98,0,0,35.19,32.20,74.60,ANOMALY
12:04:09.120,-3.38,68.85,16.55,-0.75,0.00,0.00,98,0,0,35.19,32.20,74.60,ANOMALY
12:04:09.428,-3.38,68.85,16.55,-0.75,0.00,0.00,98,0,0,35.19,32.20,74.60,ANOMALY
12:04:09.676,-3.38,68.85,16.55,-0.75,0.00,0.00,98,0,0,35.19,32.20,74.30,ANOMALY
12:04:09.959,-3.38,68.85,16.55,-0.75,0.00,0.00,98,0,0,35.19,32.20,74.30,ANOMALY
12:04:10.247,-3.38,68.85,16.55,-0.75,0.00,0.00,98,0,0,35.19,32.20,74.30,ANOMALY
12:04:10.554,-3.38,68.85,16.55,-0.75,0.00,0.00,98,0,0,35.19,32.20,74.30,ANOMALY
12:04:10.862,-3.38,68.85,16.55,-0.75,0.00,0.00,98,0,0,35.19,32.20,74.30,ANOMALY
12:04:11.093,-3.38,68.85,16.55,-0.75,0.00,0.00,98,0,0,35.19,32.20,74.30,ANOMALY
12:04:11.376,-3.38,68.85,16.55,-0.75,0.00,0.00,98,0,0,35.19,32.20,74.30,ANOMALY
12:04:11.681,-3.38,68.85,16.55,-0.75,0.00,0.00,98,0,0,35.19,32.20,74.30,ANOMALY
12:04:11.988,-3.38,68.85,16.55,-0.75,0.00,0.00,98,0,0,35.25,32.20,74.20,ANOMALY
12:04:12.230,-3.38,68.85,16.55,-0.75,0.00,0.00,98,0,0,35.25,32.20,74.20,ANOMALY
12:04:12.515,-3.38,68.85,16.55,-0.75,0.00,0.00,98,0,0,35.25,32.20,74.20,ANOMALY
12:04:12.807,-3.38,68.85,16.55,-0.75,0.00,0.00,98,0,0,35.25,32.20,74.20,ANOMALY
12:04:13.114,-3.38,68.85,16.55,-0.75,0.00,0.00,98,0,0,35.25,32.20,74.20,ANOMALY
12:04:13.421,-3.38,68.85,16.55,-0.75,0.00,0.00,98,0,0,35.25,32.20,74.20,ANOMALY
12:04:13.649,-3.38,68.85,16.55,-0.75,0.00,0.00,98,0,0,35.19,32.20,74.20,ANOMALY
12:04:13.933,-3.38,68.85,16.55,-0.75,0.00,0.00,98,0,0,35.19,32.20,74.20,ANOMALY
12:04:14.241,-3.38,68.85,16.55,-0.75,0.00,0.00,98,0,0,35.19,32.20,74.30,ANOMALY
12:04:14.548,-3.38,68.85,16.55,-0.75,0.00,0.00,98,0,0,35.25,32.20,74.30,ANOMALY
12:04:14.789,-3.38,68.85,16.55,-0.75,0.00,0.00,98,0,0,35.25,32.20,74.30,ANOMALY
12:04:15.073,-3.38,68.85,16.55,-0.75,0.00,0.00,98,0,0,35.25,32.20,74.30,ANOMALY
12:04:15.366,-3.38,68.85,16.55,-0.75,0.00,0.00,98,0,0,35.25,32.20,74.30,ANOMALY
12:04:15.674,-3.38,68.85,16.55,-0.75,0.00,0.00,98,0,0,35.25,32.20,74.30,ANOMALY
12:04:16.499,-3.38,68.85,16.55,-0.75,0.00,0.00,98,0,0,35.25,32.20,74.30,ANOMALY
12:04:16.502,-3.38,68.85,16.55,-0.75,0.00,0.00,98,0,0,35.25,32.20,74.00,ANOMALY
12:04:16.801,-3.38,68.85,16.55,-0.75,0.00,0.00,98,0,0,35.25,32.20,74.00,ANOMALY
12:04:17.109,-3.38,68.85,16.55,-0.75,0.00,0.00,98,0,0,35.25,32.20,74.00,ANOMALY
12:04:17.348,-3.38,68.85,16.55,-0.75,0.00,0.00,98,0,0,35.25,32.20,74.00,ANOMALY
12:04:17.631,-3.38,68.85,16.55,-0.75,0.00,0.00,98,0,0,35.25,32.20,74.00,ANOMALY
12:04:17.927,-3.38,68.85,16.55,-0.75,0.00,0.00,98,0,0,35.25,32.20,74.00,ANOMALY
12:04:18.233,-3.38,68.85,16.55,-0.75,0.00,0.00,98,0,0,35.25,32.20,74.00,ANOMALY
12:04:18.481,-3.38,68.85,16.55,-0.75,0.00,0.00,98,0,0,35.25,32.20,74.00,ANOMALY
12:04:18.770,-3.38,68.85,16.55,-0.75,0.00,0.00,98,0,0,35.25,32.30,73.90,ANOMALY
12:04:19.054,-3.38,68.85,16.55,-0.75,0.00,0.00,98,0,0,35.25,32.30,73.90,ANOMALY
12:04:19.361,-3.38,68.85,16.55,-0.75,0.00,0.00,98,0,0,35.25,32.30,73.90,ANOMALY
12:04:19.668,-3.38,68.85,16.55,-0.75,0.00,0.00,98,0,0,35.31,32.30,73.90,ANOMALY
12:04:19.904,-3.38,68.85,16.55,-0.75,0.00,0.00,98,0,0,35.31,32.30,73.90,ANOMALY
12:04:20.189,-3.38,68.85,16.55,-0.75,0.00,0.00,98,0,0,35.31,32.30,73.90,ANOMALY
12:04:20.486,-3.38,68.85,16.55,-0.75,0.00,0.00,98,0,0,35.25,32.30,73.90,ANOMALY
12:04:20.795,-3.38,68.85,16.55,-0.75,0.00,0.00,98,0,0,35.25,32.30,73.90,ANOMALY
12:04:21.102,-3.38,68.85,16.55,-0.75,0.00,0.00,98,0,0,35.25,32.30,73.70,ANOMALY
12:04:21.327,-3.38,68.85,16.55,-0.75,0.00,0.00,98,0,0,35.31,32.30,73.70,ANOMALY
12:04:21.614,-3.38,68.85,16.55,-0.75,0.00,0.00,98,0,0,35.31,32.30,73.70,ANOMALY
12:04:21.921,-3.38,68.85,16.55,-0.75,0.00,0.00,98,0,0,35.31,32.30,73.70,ANOMALY
12:04:22.224,-3.38,68.85,16.55,-0.75,0.00,0.00,98,0,0,35.31,32.30,73.70,ANOMALY
12:04:22.459,-3.38,68.85,16.55,-0.75,0.00,0.00,98,0,0,35.31,32.30,73.70,ANOMALY
12:04:22.742,-3.38,68.85,16.55,-0.75,0.00,0.00,98,0,0,35.31,32.30,73.70,ANOMALY
12:04:23.048,-3.38,68.85,16.55,-0.75,0.00,0.00,98,0,0,35.31,32.30,73.70,ANOMALY
12:04:23.355,-3.38,68.85,16.55,-0.75,0.00,0.00,98,0,0,35.31,32.20,73.70,ANOMALY
12:04:23.598,-3.38,68.85,16.55,-0.75,0.00,0.00,98,0,0,35.31,32.20,73.70,ANOMALY
12:04:23.884,-3.38,68.85,16.55,-0.75,0.00,0.00,98,0,0,35.38,32.20,73.70,ANOMALY
12:04:24.173,-3.38,68.85,16.55,-0.75,0.00,0.00,98,0,0,35.38,32.20,73.70,ANOMALY
12:04:24.481,-3.38,68.85,16.55,-0.75,0.00,0.00,98,0,0,35.38,32.20,73.70,ANOMALY
12:04:24.788,-3.38,68.85,16.55,-0.75,0.00,0.00,98,0,0,35.38,32.20,73.70,ANOMALY
12:04:25.018,-3.38,68.85,16.55,-0.75,0.00,0.00,98,0,0,35.38,32.20,73.70,ANOMALY
12:04:25.302,-3.38,68.85,16.55,-0.75,0.00,0.00,98,0,0,35.38,32.20,73.70,ANOMALY
12:04:25.607,-3.38,68.85,16.55,-0.75,0.00,0.00,98,0,0,35.38,32.30,73.70,ANOMALY
12:04:25.914,-3.38,68.85,16.55,-0.75,0.00,0.00,98,0,0,35.38,32.30,73.70,ANOMALY
12:04:26.158,-3.38,68.85,16.55,-0.75,0.00,0.00,98,0,0,35.38,32.30,73.70,ANOMALY
12:04:26.442,-3.38,68.85,16.55,-0.75,0.00,0.00,98,0,0,35.38,32.30,73.70,ANOMALY
12:04:26.733,-3.38,68.85,16.55,-0.75,0.00,0.00,98,0,0,35.38,32.30,73.70,ANOMALY
12:04:27.041,-3.38,68.85,16.55,-0.75,0.00,0.00,98,0,0,35.38,32.30,73.70,ANOMALY
12:04:27.348,-3.38,68.85,16.55,-0.75,0.00,0.00,98,0,0,35.44,32.30,73.70,ANOMALY
12:04:27.578,-3.38,68.85,16.55,-0.75,0.00,0.00,98,0,0,35.44,32.30,73.70,ANOMALY
12:04:27.866,-3.38,68.85,16.55,-0.75,0.00,0.00,98,0,0,35.44,32.30,73.50,ANOMALY
12:04:28.167,-3.38,68.85,16.55,-0.75,0.00,0.00,98,0,0,35.44,32.30,73.50,ANOMALY
12:04:28.474,-3.38,68.85,16.55,-0.75,0.00,0.00,98,0,0,35.44,32.30,73.50,ANOMALY
12:04:28.718,-3.38,68.85,16.55,-0.75,0.00,0.00,98,0,0,35.44,32.30,73.50,ANOMALY
12:04:29.001,-3.38,68.85,16.55,-0.75,0.00,0.00,98,0,0,35.44,32.30,73.50,ANOMALY
12:04:29.293,-3.38,68.85,16.55,-0.75,0.00,0.00,98,0,0,35.44,32.30,73.50,ANOMALY
12:04:29.600,-3.38,68.85,16.55,-0.75,0.00,0.00,98,0,0,35.44,32.30,73.50,ANOMALY
12:04:29.908,-3.38,68.85,16.55,-0.75,0.00,0.00,98,0,0,35.38,32.30,73.50,ANOMALY
12:04:30.140,-3.38,68.85,16.55,-0.75,0.00,0.00,98,0,0,35.38,32.30,72.90,ANOMALY
12:04:30.425,-3.38,68.85,16.55,-0.75,0.00,0.00,98,0,0,35.38,32.30,72.90,ANOMALY
12:04:30.727,-3.38,68.85,16.55,-0.75,0.00,0.00,98,0,0,35.44,32.30,72.90,ANOMALY
12:04:31.034,-3.38,68.85,16.55,-0.75,0.00,0.00,98,0,0,35.44,32.30,72.90,ANOMALY
12:04:31.275,-3.38,68.85,16.55,-0.75,0.00,0.00,98,0,0,35.44,32.30,72.90,ANOMALY
12:04:31.560,-3.38,68.85,16.55,-0.75,0.00,0.00,98,0,0,35.44,32.30,72.90,ANOMALY
12:04:31.853,-3.38,68.85,16.55,-0.75,0.00,0.00,98,0,0,35.44,32.30,72.90,ANOMALY
12:04:32.161,-3.38,68.85,16.55,-0.75,0.00,0.00,98,0,0,35.44,32.30,72.90,ANOMALY
12:04:32.471,-3.38,68.85,16.55,-0.75,0.00,0.00,98,0,0,35.50,32.30,72.90,ANOMALY
12:04:32.699,-3.38,68.85,16.55,-0.75,0.00,0.00,98,0,0,35.50,32.30,72.90,ANOMALY
12:04:32.982,-3.38,68.85,16.55,-0.75,0.00,0.00,98,0,0,35.50,32.30,72.90,ANOMALY
12:04:33.288,-3.38,68.85,16.55,-0.75,0.00,0.00,98,0,0,35.50,32.30,72.90,ANOMALY
12:04:33.595,-3.38,68.85,16.55,-0.75,0.00,0.00,98,0,0,35.50,32.30,72.90,ANOMALY
12:04:33.831,-3.38,68.85,16.55,-0.75,0.00,0.00,98,0,0,35.50,32.30,72.90,ANOMALY
12:04:34.116,-3.38,68.85,16.55,-0.75,0.00,0.00,98,0,0,35.50,32.30,72.90,ANOMALY
12:04:34.418,-3.38,68.85,16.55,-0.75,0.00,0.00,98,0,0,35.50,32.30,72.90,ANOMALY
12:04:34.721,-3.38,68.85,16.55,-0.75,0.00,0.00,98,0,0,35.50,32.30,72.80,ANOMALY
12:04:35.031,-3.38,68.85,16.55,-0.75,0.00,0.00,98,0,0,35.50,32.30,72.80,ANOMALY
12:04:35.256,-3.38,68.85,16.55,-0.75,0.00,0.00,98,0,0,35.50,32.30,72.80,ANOMALY
12:04:35.540,-3.38,68.85,16.55,-0.75,0.00,0.00,98,0,0,35.50,32.30,72.80,ANOMALY
12:04:35.858,-3.38,68.85,16.55,-0.75,0.00,0.00,98,0,0,35.50,32.30,72.80,ANOMALY
12:04:36.155,-3.38,68.85,16.55,-0.75,0.00,0.00,98,0,0,35.50,32.30,72.80,ANOMALY
12:04:36.390,-3.38,68.85,16.55,-0.75,0.00,0.00,98,0,0,35.50,32.30,72.80,ANOMALY
12:04:36.673,-3.38,68.85,16.55,-0.75,0.00,0.00,98,0,0,35.50,32.30,72.80,ANOMALY
12:04:36.980,-3.38,68.85,16.55,-0.75,0.00,0.00,98,0,0,35.50,32.30,72.90,ANOMALY
12:04:37.294,-3.38,68.85,16.55,-0.75,0.00,0.00,98,0,0,35.50,32.30,72.90,ANOMALY
12:04:37.528,-3.38,68.85,16.55,-0.75,0.00,0.00,98,0,0,35.50,32.30,72.90,ANOMALY
12:04:37.813,-3.38,68.85,16.55,-0.75,0.00,0.00,98,0,0,35.50,32.30,72.90,ANOMALY
12:04:38.100,-3.38,68.85,16.55,-0.75,0.00,0.00,98,0,0,35.50,32.30,72.90,ANOMALY
12:04:38.413,-3.38,68.85,16.55,-0.75,0.00,0.00,98,0,0,35.56,32.30,72.90,ANOMALY
12:04:38.725,-3.38,68.85,16.55,-0.75,0.00,0.00,98,0,0,35.56,32.30,72.90,ANOMALY
12:04:38.946,-3.38,68.85,16.55,-0.75,0.00,0.00,98,0,0,35.56,32.30,72.90,ANOMALY
12:04:39.237,-3.38,68.85,16.55,-0.75,0.00,0.00,98,0,0,35.56,32.30,72.90,ANOMALY
12:04:39.533,-3.38,68.85,16.55,-0.75,0.00,0.00,98,0,0,35.56,32.30,72.90,ANOMALY
12:04:39.841,-3.38,68.85,16.55,-0.75,0.00,0.00,98,0,0,35.56,32.30,72.90,ANOMALY
12:04:40.087,-3.38,68.85,16.55,-0.75,0.00,0.00,98,0,0,35.56,32.30,72.90,ANOMALY
12:04:40.370,-3.38,68.85,16.55,-0.75,0.00,0.00,98,0,0,35.56,32.30,72.90,ANOMALY
12:04:40.660,-3.38,68.85,16.55,-0.75,0.00,0.00,98,0,0,35.56,32.30,72.90,ANOMALY
12:04:40.967,-3.38,68.85,16.55,-0.75,0.00,0.00,98,0,0,35.56,32.30,72.90,ANOMALY
12:04:41.274,-3.38,68.85,16.55,-0.75,0.00,0.00,98,0,0,35.56,32.30,72.90,ANOMALY
12:04:41.508,-3.38,68.85,16.55,-0.75,0.00,0.00,98,0,0,35.56,32.30,72.80,ANOMALY
12:04:41.792,-3.38,68.85,16.55,-0.75,0.00,0.00,98,0,0,35.56,32.30,72.80,ANOMALY
12:04:42.093,-3.38,68.85,16.55,-0.75,0.00,0.00,98,0,0,35.56,32.30,72.80,ANOMALY
12:04:42.401,-3.38,68.85,16.55,-0.75,0.00,0.00,98,0,0,35.56,32.30,72.80,ANOMALY
12:04:42.642,-3.38,68.85,16.55,-0.75,0.00,0.00,98,0,0,35.56,32.30,72.80,ANOMALY
12:04:42.927,-3.38,68.85,16.55,-0.75,0.00,0.00,98,0,0,35.56,32.30,72.80,ANOMALY
12:04:43.220,-3.38,68.85,16.55,-0.75,0.00,0.00,98,0,0,35.56,32.30,72.80,ANOMALY
12:04:43.527,-3.38,68.85,16.55,-0.75,0.00,0.00,98,0,0,35.56,32.30,72.80,ANOMALY
12:04:43.835,-3.38,68.85,16.55,-0.75,0.00,0.00,98,0,0,35.56,32.30,72.60,ANOMALY
12:04:44.065,-3.38,68.85,16.55,-0.75,0.00,0.00,98,0,0,35.56,32.30,72.60,ANOMALY
12:04:44.348,-3.38,68.85,16.55,-0.75,0.00,0.00,98,0,0,35.62,32.30,72.60,ANOMALY
12:04:44.667,-3.38,68.85,16.55,-0.75,0.00,0.00,98,0,0,35.62,32.30,72.60,ANOMALY
12:04:44.965,-3.38,68.85,16.55,-0.75,0.00,0.00,98,0,0,35.62,32.30,72.60,ANOMALY
12:04:45.199,-3.38,68.85,16.55,-0.75,0.00,0.00,98,0,0,35.56,32.30,72.60,ANOMALY
12:04:45.483,-3.38,68.85,16.55,-0.75,0.00,0.00,98,0,0,35.56,32.30,72.60,ANOMALY
12:04:45.784,-3.38,68.85,16.55,-0.75,0.00,0.00,98,0,0,35.56,32.30,72.60,ANOMALY
12:04:46.088,-3.38,68.85,16.55,-0.75,0.00,0.00,98,0,0,35.62,32.30,72.40,ANOMALY
12:04:46.403,-3.38,68.85,16.55,-0.75,0.00,0.00,98,0,0,35.62,32.30,72.40,ANOMALY
12:04:46.622,-3.38,68.85,16.55,-0.75,0.00,0.00,98,0,0,35.62,32.30,72.40,ANOMALY
12:04:46.908,-3.38,68.85,16.55,-0.75,0.00,0.00,98,0,0,35.62,32.30,72.40,ANOMALY
12:04:47.222,-3.38,68.85,16.55,-0.75,0.00,0.00,98,0,0,35.62,32.30,72.40,ANOMALY
12:04:47.521,-3.38,68.85,16.55,-0.75,0.00,0.00,98,0,0,35.62,32.30,72.40,ANOMALY
12:04:47.755,-3.38,68.85,16.55,-0.75,0.00,0.00,98,0,0,35.62,32.30,72.40,ANOMALY
12:04:48.040,-3.38,68.85,16.55,-0.75,0.00,0.00,98,0,0,35.62,32.30,72.40,ANOMALY
12:04:48.347,-3.38,68.85,16.55,-0.75,0.00,0.00,98,0,0,35.62,32.30,72.30,ANOMALY
12:04:48.660,-3.38,68.85,16.55,-0.75,0.00,0.00,98,0,0,35.62,32.30,72.30,ANOMALY
12:04:48.895,-3.38,68.85,16.55,-0.75,0.00,0.00,98,0,0,35.62,32.30,72.30,ANOMALY
12:04:49.179,-3.38,68.85,16.55,-0.75,0.00,0.00,98,0,0,35.62,32.30,72.30,ANOMALY
12:04:49.466,-3.38,68.85,16.55,-0.75,0.00,0.00,98,0,0,35.56,32.30,72.30,ANOMALY
12:04:49.774,-3.38,68.85,16.55,-0.75,0.00,0.00,98,0,0,35.56,32.30,72.30,ANOMALY
12:04:50.081,-3.38,68.85,16.55,-0.75,0.00,0.00,98,0,0,35.56,32.30,72.30,ANOMALY
12:04:50.312,-3.38,68.85,16.55,-0.75,0.00,0.00,98,0,0,35.62,32.30,72.30,ANOMALY
12:04:50.603,-3.38,68.85,16.55,-0.75,0.00,0.00,98,0,0,35.62,32.40,72.40,ANOMALY
12:04:50.900,-3.38,68.85,16.55,-0.75,0.00,0.00,98,0,0,35.62,32.40,72.40,ANOMALY
12:04:51.207,-3.38,68.85,16.55,-0.75,0.00,0.00,98,0,0,35.62,32.40,72.40,ANOMALY
12:04:51.452,-3.38,68.85,16.55,-0.75,0.00,0.00,98,0,0,35.62,32.40,72.40,ANOMALY
12:04:51.735,-3.38,68.85,16.55,-0.75,0.00,0.00,98,0,0,35.62,32.40,72.40,ANOMALY
12:04:52.026,-3.38,68.85,16.55,-0.75,0.00,0.00,98,0,0,35.62,32.40,72.40,ANOMALY
12:04:52.334,-3.38,68.85,16.55,-0.75,0.00,0.00,98,0,0,35.62,32.40,72.40,ANOMALY
12:04:52.641,-3.38,68.85,16.55,-0.75,0.00,0.00,98,0,0,35.62,32.40,72.40,ANOMALY
12:04:52.872,-3.38,68.85,16.55,-0.75,0.00,0.00,98,0,0,35.62,32.40,72.40,ANOMALY
12:04:53.157,-3.38,68.85,16.55,-0.75,0.00,0.00,98,0,0,35.62,32.40,72.40,ANOMALY
12:04:53.460,-3.38,68.85,16.55,-0.75,0.00,0.00,98,0,0,35.62,32.40,72.40,ANOMALY
12:04:53.768,-3.38,68.85,16.55,-0.75,0.00,0.00,98,0,0,35.62,32.40,72.40,ANOMALY
12:04:54.007,-3.38,68.85,16.55,-0.75,0.00,0.00,98,0,0,35.62,32.40,72.40,ANOMALY
12:04:54.292,-3.38,68.85,16.55,-0.75,0.00,0.00,98,0,0,35.62,32.40,72.40,ANOMALY
12:04:54.588,-3.38,68.85,16.55,-0.75,0.00,0.00,98,0,0,35.62,32.40,72.40,ANOMALY
12:04:54.894,-3.38,68.85,16.55,-0.75,0.00,0.00,98,0,0,35.62,32.40,72.40,ANOMALY
12:04:55.211,-3.38,68.85,16.55,-0.75,0.00,0.00,98,0,0,35.62,32.40,72.50,ANOMALY
12:04:55.432,-3.38,68.85,16.55,-0.75,0.00,0.00,98,0,0,35.62,32.40,72.50,ANOMALY
12:04:55.715,-3.38,68.85,16.55,-0.75,0.00,0.00,98,0,0,35.62,32.40,72.50,ANOMALY
12:04:56.022,-3.38,68.85,16.55,-0.75,0.00,0.00,98,0,0,35.62,32.40,72.50,ANOMALY
12:04:56.327,-3.38,68.85,16.55,-0.75,0.00,0.00,98,0,0,35.62,32.40,72.50,ANOMALY
12:04:56.565,-3.38,68.85,16.55,-0.75,0.00,0.00,98,0,0,35.62,32.40,72.50,ANOMALY
12:04:56.850,-3.38,68.85,16.55,-0.75,0.00,0.00,98,0,0,35.62,32.40,72.50,ANOMALY
12:04:57.147,-3.38,68.85,16.55,-0.75,0.00,0.00,98,0,0,35.62,32.40,72.50,ANOMALY
12:04:57.455,-3.38,68.85,16.55,-0.75,0.00,0.00,98,0,0,35.62,32.40,72.60,ANOMALY
12:04:57.761,-3.38,68.85,16.55,-0.75,0.00,0.00,98,0,0,35.62,32.40,72.60,ANOMALY
12:04:57.990,-3.38,68.85,16.55,-0.75,0.00,0.00,98,0,0,35.62,32.40,72.60,ANOMALY
12:04:58.274,-3.38,68.85,16.55,-0.75,0.00,0.00,98,0,0,35.62,32.40,72.60,ANOMALY
12:04:58.580,-3.38,68.85,16.55,-0.75,0.00,0.00,98,0,0,35.62,32.40,72.60,ANOMALY
12:04:58.887,-3.38,68.85,16.55,-0.75,0.00,0.00,98,0,0,35.62,32.40,72.60,ANOMALY
12:04:59.124,-3.38,68.85,16.55,-0.75,0.00,0.00,98,0,0,35.62,32.40,72.60,ANOMALY
12:04:59.408,-3.38,68.85,16.55,-0.75,0.00,0.00,98,0,0,35.62,32.40,72.60,ANOMALY
12:04:59.706,-3.38,68.85,16.55,-0.75,0.00,0.00,98,0,0,35.62,32.40,73.00,ANOMALY
12:05:00.013,-3.38,68.85,16.55,-0.75,0.00,0.00,98,0,0,35.62,32.40,73.00,ANOMALY
12:05:00.320,-3.38,68.85,16.55,-0.75,0.00,0.00,98,0,0,35.62,32.40,73.00,ANOMALY
12:05:00.547,-3.38,68.85,16.55,-0.75,0.00,0.00,98,0,0,35.69,32.40,73.00,ANOMALY
12:05:00.832,-3.38,68.85,16.55,-0.75,0.00,0.00,98,0,0,35.69,32.40,73.00,ANOMALY
12:05:01.140,-3.38,68.85,16.55,-0.75,0.00,0.00,98,0,0,35.69,32.40,73.00,ANOMALY
12:05:01.447,-3.38,68.85,16.55,-0.75,0.00,0.00,98,0,0,35.62,32.40,73.00,ANOMALY
12:05:01.681,-3.38,68.85,16.55,-0.75,0.00,0.00,98,0,0,35.62,32.40,73.00,ANOMALY
12:05:01.972,-3.38,68.85,16.55,-0.75,0.00,0.00,98,0,0,35.62,32.40,73.20,ANOMALY
12:05:02.267,-3.38,68.85,16.55,-0.75,0.00,0.00,98,0,0,35.69,32.40,73.20,ANOMALY
12:05:02.573,-3.38,68.85,16.55,-0.75,0.00,0.00,98,0,0,35.69,32.40,73.20,ANOMALY
12:05:02.822,-3.38,68.85,16.55,-0.75,0.00,0.00,98,0,0,35.69,32.40,73.20,ANOMALY
12:05:03.105,-3.38,68.85,16.55,-0.75,0.00,0.00,98,0,0,35.69,32.40,73.20,ANOMALY
12:05:03.393,-3.38,68.85,16.55,-0.75,0.00,0.00,98,0,0,35.69,32.40,73.20,ANOMALY
12:05:03.700,-3.38,68.85,16.55,-0.75,0.00,0.00,98,0,0,35.69,32.40,73.20,ANOMALY
12:05:04.007,-3.38,68.85,16.55,-0.75,0.00,0.00,98,0,0,35.62,32.40,73.20,ANOMALY
12:05:04.243,-3.38,68.85,16.55,-0.75,0.00,0.00,98,0,0,35.62,32.40,73.50,ANOMALY
12:05:04.529,-3.38,68.85,16.55,-0.75,0.00,0.00,98,0,0,35.62,32.40,73.50,ANOMALY
12:05:04.830,-3.38,68.85,16.55,-0.75,0.00,0.00,98,0,0,35.62,32.40,73.50,ANOMALY
12:05:05.134,-3.38,68.85,16.55,-0.75,0.00,0.00,98,0,0,35.62,32.40,73.50,ANOMALY
12:05:05.378,-3.38,68.85,16.55,-0.75,0.00,0.00,98,0,0,35.62,32.40,73.50,ANOMALY
12:05:05.663,-3.38,68.85,16.55,-0.75,0.00,0.00,98,0,0,35.56,32.40,73.50,ANOMALY
12:05:05.953,-3.38,68.85,16.55,-0.75,0.00,0.00,98,0,0,35.56,32.40,73.50,ANOMALY
12:05:06.261,-3.38,68.85,16.55,-0.75,0.00,0.00,98,0,0,35.56,32.40,73.50,ANOMALY
12:05:06.568,-3.38,68.85,16.55,-0.75,0.00,0.00,98,0,0,35.50,32.40,73.20,ANOMALY
12:05:06.802,-3.38,68.85,16.55,-0.75,0.00,0.00,98,0,0,35.50,32.40,73.20,ANOMALY
12:05:07.085,-3.38,68.85,16.55,-0.75,0.00,0.00,98,0,0,35.50,32.40,73.20,ANOMALY
12:05:07.387,-3.38,68.85,16.55,-0.75,0.00,0.00,98,0,0,35.44,32.40,73.20,ANOMALY
12:05:07.693,-3.38,68.85,16.55,-0.75,0.00,0.00,98,0,0,35.44,32.40,73.20,ANOMALY
12:05:07.936,-3.38,68.85,16.55,-0.75,0.00,0.00,98,0,0,35.44,32.40,73.20,ANOMALY
12:05:08.218,-3.38,68.85,16.55,-0.75,0.00,0.00,98,0,0,35.44,32.40,73.20,ANOMALY
12:05:08.512,-3.38,68.85,16.55,-0.75,0.00,0.00,98,0,0,35.44,32.40,73.20,ANOMALY
12:05:08.820,-3.38,68.85,16.55,-0.75,0.00,0.00,98,0,0,35.44,32.40,73.20,ANOMALY
12:05:09.127,-3.38,68.85,16.55,-0.75,0.00,0.00,98,0,0,35.38,32.40,73.20,ANOMALY
12:05:09.358,-3.38,68.85,16.55,-0.75,0.00,0.00,98,0,0,35.38,32.40,73.20,ANOMALY
12:05:09.643,-3.38,68.85,16.55,-0.75,0.00,0.00,98,0,0,35.38,32.40,73.20,ANOMALY
12:05:09.946,-3.38,68.85,16.55,-0.75,0.00,0.00,98,0,0,35.38,32.40,73.20,ANOMALY
12:05:10.254,-3.38,68.85,16.55,-0.75,0.00,0.00,98,0,0,35.38,32.40,73.20,ANOMALY
12:05:10.493,-3.38,68.85,16.55,-0.75,0.00,0.00,98,0,0,35.38,32.40,73.20,ANOMALY
12:05:10.776,-3.38,68.85,16.55,-0.75,0.00,0.00,98,0,0,35.31,32.40,73.20,ANOMALY
12:05:11.073,-3.38,68.85,16.55,-0.75,0.00,0.00,98,0,0,35.31,32.40,73.20,ANOMALY
12:05:11.380,-3.38,68.85,16.55,-0.75,0.00,0.00,98,0,0,35.31,32.40,73.20,ANOMALY
12:05:11.687,-3.38,68.85,16.55,-0.75,0.00,0.00,98,0,0,35.31,32.40,73.20,ANOMALY
12:05:11.913,-3.38,68.85,16.55,-0.75,0.00,0.00,98,0,0,35.31,32.40,73.20,ANOMALY
12:05:12.198,-3.38,68.85,16.55,-0.75,0.00,0.00,98,0,0,35.31,32.40,73.20,ANOMALY
12:05:12.507,-3.38,68.85,16.55,-0.75,0.00,0.00,98,0,0,35.25,32.40,73.20,ANOMALY
12:05:12.813,-3.38,68.85,16.55,-0.75,0.00,0.00,98,0,0,35.25,32.40,73.20,ANOMALY
12:05:13.046,-3.38,68.85,16.55,-0.75,0.00,0.00,98,0,0,35.25,32.40,73.20,ANOMALY
12:05:13.337,-3.38,68.85,16.55,-0.75,0.00,0.00,98,0,0,35.25,32.40,73.30,ANOMALY
12:05:13.633,-3.38,68.85,16.55,-0.75,0.00,0.00,98,0,0,35.25,32.40,73.30,ANOMALY
12:05:13.939,-3.38,68.85,16.55,-0.75,0.00,0.00,98,0,0,35.25,32.40,73.30,ANOMALY
12:05:14.188,-3.38,68.85,16.55,-0.75,0.00,0.00,98,0,0,35.25,32.40,73.30,ANOMALY
12:05:14.471,-3.38,68.85,16.55,-0.75,0.00,0.00,98,0,0,35.25,32.40,73.30,ANOMALY
12:05:14.759,-3.38,68.85,16.55,-0.75,0.00,0.00,98,0,0,35.25,32.40,73.30,ANOMALY
12:05:15.067,-3.38,68.85,16.55,-0.75,0.00,0.00,98,0,0,35.19,32.40,73.30,ANOMALY
12:05:15.374,-3.38,68.85,16.55,-0.75,0.00,0.00,98,0,0,35.19,32.40,73.30,ANOMALY
12:05:15.609,-3.38,68.85,16.55,-0.75,0.00,0.00,98,0,0,35.19,32.40,73.50,ANOMALY
12:05:15.892,-3.38,68.85,16.55,-0.75,0.00,0.00,98,0,0,35.19,32.40,73.50,ANOMALY
12:05:16.193,-3.38,68.85,16.55,-0.75,0.00,0.00,98,0,0,35.19,32.40,73.50,ANOMALY
12:05:16.507,-3.38,68.85,16.55,-0.75,0.00,0.00,98,0,0,35.19,32.40,73.50,ANOMALY
12:05:16.741,-3.38,68.85,16.55,-0.75,0.00,0.00,98,0,0,35.19,32.40,73.50,ANOMALY
12:05:17.028,-3.38,68.85,16.55,-0.75,0.00,0.00,98,0,0,35.19,32.40,73.50,ANOMALY
12:05:17.319,-3.38,68.85,16.55,-0.75,0.00,0.00,98,0,0,35.19,32.40,73.50,ANOMALY
12:05:17.626,-3.38,68.85,16.55,-0.75,0.00,0.00,98,0,0,35.12,32.40,73.50,ANOMALY
12:05:17.945,-3.38,68.85,16.55,-0.75,0.00,0.00,98,0,0,35.12,32.40,73.70,ANOMALY
12:05:18.164,-3.38,68.85,16.55,-0.75,0.00,0.00,98,0,0,35.12,32.40,73.70,ANOMALY
12:05:18.448,-3.38,68.85,16.55,-0.75,0.00,0.00,98,0,0,35.12,32.40,73.70,ANOMALY
12:05:18.766,-3.38,68.85,16.55,-0.75,0.00,0.00,98,0,0,35.12,32.40,73.70,ANOMALY
12:05:19.064,-3.38,68.85,16.55,-0.75,0.00,0.00,98,0,0,35.12,32.40,73.70,ANOMALY
12:05:19.299,-3.38,68.85,16.55,-0.75,0.00,0.00,98,0,0,35.12,32.40,73.70,ANOMALY
12:05:19.583,-3.38,68.85,16.55,-0.75,0.00,0.00,98,0,0,35.12,32.40,73.70,ANOMALY
12:05:19.879,-3.38,68.85,16.55,-0.75,0.00,0.00,98,0,0,35.12,32.40,73.70,ANOMALY
12:05:20.190,-3.38,68.85,16.55,-0.75,0.00,0.00,98,0,0,35.12,32.40,73.90,ANOMALY
12:05:20.504,-3.38,68.85,16.55,-0.75,0.00,0.00,98,0,0,35.12,32.40,73.90,ANOMALY
12:05:20.725,-3.38,68.85,16.55,-0.75,0.00,0.00,98,0,0,35.12,32.40,73.90,ANOMALY
12:05:21.008,-3.38,68.85,16.55,-0.75,0.00,0.00,98,0,0,35.12,32.40,73.90,ANOMALY
12:05:21.314,-3.38,68.85,16.55,-0.75,0.00,0.00,98,0,0,35.12,32.40,73.90,ANOMALY
12:05:21.624,-3.38,68.85,16.55,-0.75,0.00,0.00,98,0,0,35.12,32.40,73.90,ANOMALY
12:05:21.858,-3.38,68.85,16.55,-0.75,0.00,0.00,98,0,0,35.19,32.40,73.90,ANOMALY
12:05:22.141,-3.38,68.85,16.55,-0.75,0.00,0.00,98,0,0,35.19,32.40,73.90,ANOMALY
12:05:22.450,-3.38,68.85,16.55,-0.75,0.00,0.00,98,0,0,35.19,32.50,74.20,ANOMALY
12:05:22.749,-3.38,68.85,16.55,-0.75,0.00,0.00,98,0,0,35.19,32.50,74.20,ANOMALY
12:05:23.063,-3.38,68.85,16.55,-0.75,0.00,0.00,98,0,0,35.19,32.50,74.20,ANOMALY
12:05:23.280,-3.38,68.85,16.55,-0.75,0.00,0.00,98,0,0,35.19,32.50,74.20,ANOMALY
12:05:23.566,-3.38,68.85,16.55,-0.75,0.00,0.00,98,0,0,35.19,32.50,74.20,ANOMALY
12:05:23.874,-3.38,68.85,16.55,-0.75,0.00,0.00,98,0,0,35.19,32.50,74.20,ANOMALY
12:05:24.181,-3.38,68.85,16.55,-0.75,0.00,0.00,98,0,0,35.19,32.50,74.20,ANOMALY
12:05:24.414,-3.38,68.85,16.55,-0.75,0.00,0.00,98,0,0,35.19,32.50,74.20,ANOMALY
12:05:24.706,-3.38,68.85,16.55,-0.75,0.00,0.00,98,0,0,35.19,32.50,74.50,ANOMALY
12:05:25.000,-3.38,68.85,16.55,-0.75,0.00,0.00,98,0,0,35.19,32.50,74.50,ANOMALY
12:05:25.307,-3.38,68.85,16.55,-0.75,0.00,0.00,98,0,0,35.19,32.50,74.50,ANOMALY
12:05:25.553,-3.38,68.85,16.55,-0.75,0.00,0.00,98,0,0,35.19,32.50,74.50,ANOMALY
12:05:25.837,-3.38,68.85,16.55,-0.75,0.00,0.00,98,0,0,35.19,32.50,74.50,ANOMALY
12:05:26.126,-3.38,68.85,16.55,-0.75,0.00,0.00,98,0,0,35.25,32.50,74.50,ANOMALY
12:05:26.433,-3.38,68.85,16.55,-0.75,0.00,0.00,98,0,0,35.25,32.50,74.50,ANOMALY
12:05:26.740,-3.38,68.85,16.55,-0.75,0.00,0.00,98,0,0,35.25,32.50,74.50,ANOMALY
12:05:26.974,-3.38,68.85,16.55,-0.75,0.00,0.00,98,0,0,35.25,32.50,74.70,ANOMALY
12:05:27.258,-3.38,68.85,16.55,-0.75,0.00,0.00,98,0,0,35.25,32.50,74.70,ANOMALY
12:05:27.574,-3.38,68.85,16.55,-0.75,0.00,0.00,98,0,0,35.25,32.50,74.70,ANOMALY
12:05:27.978,-3.38,68.85,16.55,-0.75,0.00,0.00,98,0,0,35.25,32.50,74.70,ANOMALY
12:05:28.175,-3.38,68.85,16.55,-0.75,0.00,0.00,98,0,0,35.25,32.50,74.70,ANOMALY
12:05:28.487,-3.38,68.85,16.55,-0.75,0.00,0.00,98,0,0,35.25,32.50,74.70,ANOMALY
12:05:28.696,-3.38,68.85,16.55,-0.75,0.00,0.00,98,0,0,35.25,32.50,74.70,ANOMALY
12:05:28.994,-3.38,68.85,16.55,-0.75,0.00,0.00,98,0,0,35.25,32.50,74.70,ANOMALY
12:05:29.300,-3.38,68.85,16.55,-0.75,0.00,0.00,98,0,0,35.25,32.50,74.80,ANOMALY
12:05:29.532,-3.38,68.85,16.55,-0.75,0.00,0.00,98,0,0,35.25,32.50,74.80,ANOMALY
12:05:29.815,-3.38,68.85,16.55,-0.75,0.00,0.00,98,0,0,35.25,32.50,74.80,ANOMALY
12:05:30.119,-3.38,68.85,16.55,-0.75,0.00,0.00,98,0,0,35.25,32.50,74.80,ANOMALY
12:05:30.428,-3.38,68.85,16.55,-0.75,0.00,0.00,98,0,0,35.25,32.50,74.80,ANOMALY
12:05:30.667,-3.38,68.85,16.55,-0.75,0.00,0.00,98,0,0,35.25,32.50,74.80,ANOMALY
12:05:30.951,-3.38,68.85,16.55,-0.75,0.00,0.00,98,0,0,35.25,32.50,74.80,ANOMALY
12:05:31.248,-3.38,68.85,16.55,-0.75,0.00,0.00,98,0,0,35.25,32.50,74.80,ANOMALY
12:05:31.555,-3.38,68.85,16.55,-0.75,0.00,0.00,98,0,0,35.25,32.50,74.90,ANOMALY
12:05:31.886,-3.38,68.85,16.55,-0.75,0.00,0.00,98,0,0,35.25,32.50,74.90,ANOMALY
12:05:32.091,-3.38,68.85,16.55,-0.75,0.00,0.00,98,0,0,35.25,32.50,74.90,ANOMALY
12:05:32.376,-3.38,68.85,16.55,-0.75,0.00,0.00,98,0,0,35.25,32.50,74.90,ANOMALY
12:05:32.679,-3.38,68.85,16.55,-0.75,0.00,0.00,98,0,0,35.25,32.50,74.90,ANOMALY
12:05:32.986,-3.38,68.85,16.55,-0.75,0.00,0.00,98,0,0,35.25,32.50,74.90,ANOMALY
12:05:33.227,-3.38,68.85,16.55,-0.75,0.00,0.00,98,0,0,35.25,32.50,74.90,ANOMALY
12:05:33.511,-3.38,68.85,16.55,-0.75,0.00,0.00,98,0,0,35.25,32.50,74.90,ANOMALY
12:05:33.806,-3.38,68.85,16.55,-0.75,0.00,0.00,98,0,0,35.19,32.50,74.80,ANOMALY
12:05:34.113,-3.38,68.85,16.55,-0.75,0.00,0.00,98,0,0,35.19,32.50,74.80,ANOMALY
12:05:34.521,-3.38,68.85,16.55,-0.75,0.00,0.00,98,0,0,35.19,32.50,74.80,ANOMALY
12:05:34.742,-3.38,68.85,16.55,-0.75,0.00,0.00,98,0,0,35.25,32.50,74.80,ANOMALY
12:05:34.937,-3.38,68.85,16.55,-0.75,0.00,0.00,98,0,0,35.25,32.50,74.80,ANOMALY
12:05:35.346,-3.38,68.85,16.55,-0.75,0.00,0.00,98,0,0,35.25,32.50,74.80,ANOMALY
12:05:35.661,-3.38,68.85,16.55,-0.75,0.00,0.00,98,0,0,35.19,32.50,74.80,ANOMALY
12:05:35.857,-3.38,68.85,16.55,-0.75,0.00,0.00,98,0,0,35.19,32.50,74.80,ANOMALY
12:05:36.167,-3.38,68.85,16.55,-0.75,0.00,0.00,98,0,0,35.19,32.50,74.70,ANOMALY
12:05:36.474,-3.38,68.85,16.55,-0.75,0.00,0.00,98,0,0,35.19,32.50,74.70,ANOMALY
12:05:36.788,-3.38,68.85,16.55,-0.75,0.00,0.00,98,0,0,35.19,32.50,74.70,ANOMALY
12:05:37.099,-3.38,68.85,16.55,-0.75,0.00,0.00,98,0,0,35.19,32.50,74.70,ANOMALY
12:05:37.800,-3.38,68.85,16.55,-0.75,0.00,0.00,98,0,0,35.19,32.50,74.70,ANOMALY
12:05:37.803,-3.38,68.85,16.55,-0.75,0.00,0.00,98,0,0,35.19,32.50,74.70,ANOMALY
12:05:38.107,-3.38,68.85,16.55,-0.75,0.00,0.00,98,0,0,35.19,32.50,74.70,ANOMALY
12:05:38.348,-3.38,68.85,16.55,-0.75,0.00,0.00,98,0,0,35.19,32.60,74.60,ANOMALY
12:05:38.632,-3.38,68.85,16.55,-0.75,0.00,0.00,98,0,0,35.19,32.60,74.60,ANOMALY
12:05:38.925,-3.38,68.85,16.55,-0.75,0.00,0.00,98,0,0,35.19,32.60,74.60,ANOMALY
12:05:39.232,-3.38,68.85,16.55,-0.75,0.00,0.00,98,0,0,35.19,32.60,74.60,ANOMALY
12:05:40.052,-3.38,68.85,16.55,-0.75,0.00,0.00,98,0,0,35.19,32.60,74.60,ANOMALY
12:05:40.054,-3.38,68.85,16.55,-0.75,0.00,0.00,98,0,0,35.19,32.60,74.60,ANOMALY
12:05:40.359,-3.38,68.85,16.55,-0.75,0.00,0.00,98,0,0,35.19,32.60,74.60,ANOMALY
12:05:40.666,-3.38,68.85,16.55,-0.75,0.00,0.00,98,0,0,35.19,32.60,74.60,ANOMALY
12:05:40.906,-3.38,68.85,16.55,-0.75,0.00,0.00,98,0,0,35.19,32.60,74.60,ANOMALY
12:05:41.189,-3.38,68.85,16.55,-0.75,0.00,0.00,98,0,0,35.19,32.60,74.60,ANOMALY
12:05:41.485,-3.38,68.85,16.55,-0.75,0.00,0.00,98,0,0,35.25,32.60,74.60,ANOMALY
12:05:41.793,-3.38,68.85,16.55,-0.75,0.00,0.00,98,0,0,35.25,32.60,74.60,ANOMALY
12:05:42.039,-3.38,68.85,16.55,-0.75,0.00,0.00,98,0,0,35.25,32.60,74.60,ANOMALY
12:05:42.324,-3.38,68.85,16.55,-0.75,0.00,0.00,98,0,0,35.25,32.60,74.60,ANOMALY
12:05:42.613,-3.38,68.85,16.55,-0.75,0.00,0.00,98,0,0,35.25,32.60,74.60,ANOMALY
12:05:42.920,-3.38,68.85,16.55,-0.75,0.00,0.00,98,0,0,35.25,32.60,74.40,ANOMALY
12:05:43.227,-3.38,68.85,16.55,-0.75,0.00,0.00,98,0,0,35.31,32.60,74.40,ANOMALY
12:05:43.462,-3.38,68.85,16.55,-0.75,0.00,0.00,98,0,0,35.31,32.60,74.40,ANOMALY
12:05:43.746,-3.38,68.85,16.55,-0.75,0.00,0.00,98,0,0,35.31,32.60,74.40,ANOMALY
12:05:44.046,-3.38,68.85,16.55,-0.75,0.00,0.00,98,0,0,35.31,32.60,74.40,ANOMALY
12:05:44.352,-3.38,68.85,16.55,-0.75,0.00,0.00,98,0,0,35.31,32.60,74.40,ANOMALY
12:05:44.598,-3.38,68.85,16.55,-0.75,0.00,0.00,98,0,0,35.31,32.60,74.40,ANOMALY
12:05:44.881,-3.38,68.85,16.55,-0.75,0.00,0.00,98,0,0,35.31,32.60,74.40,ANOMALY
12:05:45.172,-3.38,68.85,16.55,-0.75,0.00,0.00,98,0,0,35.31,32.60,74.40,ANOMALY
12:05:45.480,-3.38,68.85,16.55,-0.75,0.00,0.00,98,0,0,35.31,32.60,74.40,ANOMALY
12:05:45.786,-3.38,68.85,16.55,-0.75,0.00,0.00,98,0,0,35.31,32.60,74.40,ANOMALY
12:05:46.019,-3.38,68.85,16.55,-0.75,0.00,0.00,98,0,0,35.31,32.60,74.40,ANOMALY
12:05:46.302,-3.38,68.85,16.55,-0.75,0.00,0.00,98,0,0,35.31,32.60,74.40,ANOMALY
12:05:46.606,-3.38,68.85,16.55,-0.75,0.00,0.00,98,0,0,35.31,32.60,74.40,ANOMALY
12:05:46.912,-3.38,68.85,16.55,-0.75,0.00,0.00,98,0,0,35.31,32.60,74.40,ANOMALY
12:05:47.152,-3.38,68.85,16.55,-0.75,0.00,0.00,98,0,0,35.31,32.60,74.40,ANOMALY
12:05:47.443,-3.38,68.85,16.55,-0.75,0.00,0.00,98,0,0,35.38,32.60,74.40,ANOMALY
12:05:47.732,-3.38,68.85,16.55,-0.75,0.00,0.00,98,0,0,35.38,32.60,74.40,ANOMALY
12:05:48.040,-3.38,68.85,16.55,-0.75,0.00,0.00,98,0,0,35.38,32.60,74.40,ANOMALY
12:05:48.346,-3.38,68.85,16.55,-0.75,0.00,0.00,98,0,0,35.38,32.60,74.40,ANOMALY
12:05:48.576,-3.38,68.85,16.55,-0.75,0.00,0.00,98,0,0,35.38,32.60,74.40,ANOMALY
12:05:48.861,-3.38,68.85,16.55,-0.75,0.00,0.00,98,0,0,35.38,32.60,74.40,ANOMALY
12:05:49.165,-3.38,68.85,16.55,-0.75,0.00,0.00,98,0,0,35.38,32.60,74.40,ANOMALY
12:05:49.473,-3.38,68.85,16.55,-0.75,0.00,0.00,98,0,0,35.38,32.60,74.40,ANOMALY
12:05:49.715,-3.38,68.85,16.55,-0.75,0.00,0.00,98,0,0,35.38,32.50,74.30,ANOMALY
12:05:50.000,-3.38,68.85,16.55,-0.75,0.00,0.00,98,0,0,35.44,32.50,74.30,ANOMALY
12:05:50.293,-3.38,68.85,16.55,-0.75,0.00,0.00,98,0,0,35.44,32.50,74.30,ANOMALY
12:05:50.599,-3.38,68.85,16.55,-0.75,0.00,0.00,98,0,0,35.44,32.50,74.30,ANOMALY
12:05:50.907,-3.38,68.85,16.55,-0.75,0.00,0.00,98,0,0,35.44,32.50,74.30,ANOMALY
12:05:51.133,-3.38,68.85,16.55,-0.75,0.00,0.00,98,0,0,35.44,32.50,74.30,ANOMALY
12:05:51.418,-3.38,68.85,16.55,-0.75,0.00,0.00,98,0,0,35.44,32.50,74.30,ANOMALY
12:05:51.735,-3.38,68.85,16.55,-0.75,0.00,0.00,98,0,0,35.44,32.50,74.30,ANOMALY
12:05:52.034,-3.38,68.85,16.55,-0.75,0.00,0.00,98,0,0,35.44,32.60,74.30,ANOMALY
12:05:52.272,-3.38,68.85,16.55,-0.75,0.00,0.00,98,0,0,35.44,32.60,74.30,ANOMALY
12:05:52.555,-3.38,68.85,16.55,-0.75,0.00,0.00,98,0,0,35.44,32.60,74.30,ANOMALY
12:05:52.852,-3.38,68.85,16.55,-0.75,0.00,0.00,98,0,0,35.44,32.60,74.30,ANOMALY
12:05:53.159,-3.38,68.85,16.55,-0.75,0.00,0.00,98,0,0,35.44,32.60,74.30,ANOMALY
12:05:53.405,-3.38,68.85,16.55,-0.75,0.00,0.00,98,0,0,35.44,32.60,74.30,ANOMALY
12:05:53.688,-3.38,68.85,16.55,-0.75,0.00,0.00,98,0,0,35.44,32.60,74.30,ANOMALY
12:05:53.979,-3.38,68.85,16.55,-0.75,0.00,0.00,98,0,0,35.44,32.60,74.30,ANOMALY
12:05:54.285,-3.38,68.85,16.55,-0.75,0.00,0.00,98,0,0,35.44,32.60,74.40,ANOMALY
12:05:54.593,-3.38,68.85,16.55,-0.75,0.00,0.00,98,0,0,35.44,32.60,74.40,ANOMALY
12:05:54.828,-3.38,68.85,16.55,-0.75,0.00,0.00,98,0,0,35.44,32.60,74.40,ANOMALY
12:05:55.112,-3.38,68.85,16.55,-0.75,0.00,0.00,98,0,0,35.50,32.60,74.40,ANOMALY
12:05:55.413,-3.38,68.85,16.55,-0.75,0.00,0.00,98,0,0,35.50,32.60,74.40,ANOMALY
12:05:55.719,-3.38,68.85,16.55,-0.75,0.00,0.00,98,0,0,35.50,32.60,74.40,ANOMALY
12:05:55.963,-3.38,68.85,16.55,-0.75,0.00,0.00,98,0,0,35.50,32.60,74.40,ANOMALY
12:05:56.247,-3.38,68.85,16.55,-0.75,0.00,0.00,98,0,0,35.50,32.60,74.40,ANOMALY
12:05:56.539,-3.38,68.85,16.55,-0.75,0.00,0.00,98,0,0,35.50,32.60,74.60,ANOMALY
12:05:56.852,-3.38,68.85,16.55,-0.75,0.00,0.00,98,0,0,35.50,32.60,74.60,ANOMALY
12:05:57.153,-3.38,68.85,16.55,-0.75,0.00,0.00,98,0,0,35.50,32.60,74.60,ANOMALY
12:05:57.384,-3.38,68.85,16.55,-0.75,0.00,0.00,98,0,0,35.50,32.60,74.60,ANOMALY
12:05:57.668,-3.38,68.85,16.55,-0.75,0.00,0.00,98,0,0,35.50,32.60,74.60,ANOMALY
12:05:57.973,-3.38,68.85,16.55,-0.75,0.00,0.00,98,0,0,35.50,32.60,74.60,ANOMALY
12:05:58.284,-3.38,68.85,16.55,-0.75,0.00,0.00,98,0,0,35.50,32.60,74.60,ANOMALY
12:05:58.518,-3.38,68.85,16.55,-0.75,0.00,0.00,98,0,0,35.50,32.60,74.60,ANOMALY
12:05:58.808,-3.38,68.85,16.55,-0.75,0.00,0.00,98,0,0,35.50,32.60,75.00,ANOMALY
12:05:59.099,-3.38,68.85,16.55,-0.75,0.00,0.00,98,0,0,35.50,32.60,75.00,ANOMALY
12:05:59.408,-3.38,68.85,16.55,-0.75,0.00,0.00,98,0,0,35.50,32.60,75.00,ANOMALY
12:05:59.725,-3.38,68.85,16.55,-0.75,0.00,0.00,98,0,0,35.50,32.60,75.00,ANOMALY
12:05:59.940,-3.38,68.85,16.55,-0.75,0.00,0.00,98,0,0,35.50,32.60,75.00,ANOMALY
12:06:00.224,-3.38,68.85,16.55,-0.75,0.00,0.00,98,0,0,35.50,32.60,75.00,ANOMALY
12:06:00.533,-3.38,68.85,16.55,-0.75,0.00,0.00,98,0,0,35.50,32.60,75.00,ANOMALY
12:06:00.840,-3.38,68.85,16.55,-0.75,0.00,0.00,98,0,0,35.50,32.60,75.00,ANOMALY
12:06:01.077,-3.38,68.85,16.55,-0.75,0.00,0.00,98,0,0,35.56,32.60,75.30,ANOMALY
12:06:01.360,-3.38,68.85,16.55,-0.75,0.00,0.00,98,0,0,35.56,32.60,75.30,ANOMALY
12:06:01.658,-3.38,68.85,16.55,-0.75,0.00,0.00,98,0,0,35.56,32.60,75.30,ANOMALY
12:06:01.966,-3.38,68.85,16.55,-0.75,0.00,0.00,98,0,0,35.50,32.60,75.30,ANOMALY
12:06:02.210,-3.38,68.85,16.55,-0.75,0.00,0.00,98,0,0,35.50,32.60,75.30,ANOMALY
12:06:02.495,-3.38,68.85,16.55,-0.75,0.00,0.00,98,0,0,35.50,32.60,75.30,ANOMALY
12:06:02.788,-3.38,68.85,16.55,-0.75,0.00,0.00,98,0,0,35.56,32.60,75.30,ANOMALY
12:06:03.093,-3.38,68.85,16.55,-0.75,0.00,0.00,98,0,0,35.56,32.60,75.30,ANOMALY
12:06:03.400,-3.38,68.85,16.55,-0.75,0.00,0.00,98,0,0,35.56,32.60,75.70,ANOMALY
12:06:03.634,-3.38,68.85,16.55,-0.75,0.00,0.00,98,0,0,35.56,32.60,75.70,ANOMALY
12:06:03.917,-3.38,68.85,16.55,-0.75,0.00,0.00,98,0,0,35.56,32.60,75.70,ANOMALY
12:06:04.219,-3.38,68.85,16.55,-0.75,0.00,0.00,98,0,0,35.56,32.60,75.70,ANOMALY
12:06:04.523,-3.38,68.85,16.55,-0.75,0.00,0.00,98,0,0,35.62,32.60,75.70,ANOMALY
12:06:04.768,-3.38,68.85,16.55,-0.75,0.00,0.00,98,0,0,35.62,32.60,75.70,ANOMALY
12:06:05.051,-3.38,68.85,16.55,-0.75,0.00,0.00,98,0,0,35.62,32.60,75.70,ANOMALY
12:06:05.345,-3.38,68.85,16.55,-0.75,0.00,0.00,98,0,0,35.62,32.60,75.70,ANOMALY
12:06:05.652,-3.38,68.85,16.55,-0.75,0.00,0.00,98,0,0,35.62,32.60,75.80,ANOMALY
12:06:05.955,-3.38,68.85,16.55,-0.75,0.00,0.00,98,0,0,35.62,32.60,75.80,ANOMALY
12:06:06.192,-3.38,68.85,16.55,-0.75,0.00,0.00,98,0,0,35.62,32.60,75.80,ANOMALY
12:06:06.476,-3.38,68.85,16.55,-0.75,0.00,0.00,98,0,0,35.62,32.60,75.80,ANOMALY
12:06:06.778,-3.38,68.85,16.55,-0.75,0.00,0.00,98,0,0,35.62,32.60,75.80,ANOMALY
12:06:07.086,-3.38,68.85,16.55,-0.75,0.00,0.00,98,0,0,35.62,32.60,75.80,ANOMALY
12:06:07.326,-3.38,68.85,16.55,-0.75,0.00,0.00,98,0,0,35.62,32.60,75.80,ANOMALY
12:06:07.610,-3.38,68.85,16.55,-0.75,0.00,0.00,98,0,0,35.62,32.60,75.80,ANOMALY
12:06:07.906,-3.38,68.85,16.55,-0.75,0.00,0.00,98,0,0,35.62,32.60,75.70,ANOMALY
12:06:08.212,-3.38,68.85,16.55,-0.75,0.00,0.00,98,0,0,35.62,32.60,75.70,ANOMALY
12:06:08.519,-3.38,68.85,16.55,-0.75,0.00,0.00,98,0,0,35.62,32.60,75.70,ANOMALY
12:06:08.748,-3.38,68.85,16.55,-0.75,0.00,0.00,98,0,0,35.62,32.60,75.70,ANOMALY
12:06:09.032,-3.38,68.85,16.55,-0.75,0.00,0.00,98,0,0,35.62,32.60,75.70,ANOMALY
12:06:09.340,-3.38,68.85,16.55,-0.75,0.00,0.00,98,0,0,35.62,32.60,75.70,ANOMALY
12:06:09.646,-3.38,68.85,16.55,-0.75,0.00,0.00,98,0,0,35.69,32.60,75.70,ANOMALY
12:06:09.882,-3.38,68.85,16.55,-0.75,0.00,0.00,98,0,0,35.69,32.60,75.70,ANOMALY
12:06:10.173,-3.38,68.85,16.55,-0.75,0.00,0.00,98,0,0,35.69,32.60,75.70,ANOMALY
12:06:10.465,-3.38,68.85,16.55,-0.75,0.00,0.00,98,0,0,35.69,32.60,75.70,ANOMALY
12:06:10.772,-3.38,68.85,16.55,-0.75,0.00,0.00,98,0,0,35.69,32.60,75.70,ANOMALY
12:06:11.080,-3.38,68.85,16.55,-0.75,0.00,0.00,98,0,0,35.69,32.60,75.70,ANOMALY
12:06:11.305,-3.38,68.85,16.55,-0.75,0.00,0.00,98,0,0,35.69,32.60,75.70,ANOMALY
12:06:11.591,-3.38,68.85,16.55,-0.75,0.00,0.00,98,0,0,35.69,32.60,75.70,ANOMALY
12:06:11.899,-3.38,68.85,16.55,-0.75,0.00,0.00,98,0,0,35.69,32.60,75.70,ANOMALY
12:06:12.206,-3.38,68.85,16.55,-0.75,0.00,0.00,98,0,0,35.69,32.60,75.70,ANOMALY
12:06:12.443,-3.38,68.85,16.55,-0.75,0.00,0.00,98,0,0,35.69,32.60,75.60,ANOMALY
12:06:12.727,-3.38,68.85,16.55,-0.75,0.00,0.00,98,0,0,35.69,32.60,75.60,ANOMALY
12:06:13.024,-3.38,68.85,16.55,-0.75,0.00,0.00,98,0,0,35.69,32.60,75.60,ANOMALY
12:06:13.332,-3.38,68.85,16.55,-0.75,0.00,0.00,98,0,0,35.69,32.60,75.60,ANOMALY
12:06:13.576,-3.38,68.85,16.55,-0.75,0.00,0.00,98,0,0,35.69,32.60,75.60,ANOMALY
12:06:13.860,-3.38,68.85,16.55,-0.75,0.00,0.00,98,0,0,35.75,32.60,75.60,ANOMALY
12:06:14.151,-3.38,68.85,16.55,-0.75,0.00,0.00,98,0,0,35.75,32.60,75.60,ANOMALY
12:06:14.459,-3.38,68.85,16.55,-0.75,0.00,0.00,98,0,0,35.75,32.60,75.60,ANOMALY
12:06:14.766,-3.38,68.85,16.55,-0.75,0.00,0.00,98,0,0,35.69,32.60,75.20,ANOMALY
12:06:14.998,-3.38,68.85,16.55,-0.75,0.00,0.00,98,0,0,35.69,32.60,75.20,ANOMALY
12:06:15.282,-3.38,68.85,16.55,-0.75,0.00,0.00,98,0,0,35.69,32.60,75.20,ANOMALY
12:06:15.584,-3.38,68.85,16.55,-0.75,0.00,0.00,98,0,0,35.69,32.60,75.20,ANOMALY
12:06:15.892,-3.38,68.85,16.55,-0.75,0.00,0.00,98,0,0,35.69,32.60,75.20,ANOMALY
12:06:16.131,-3.38,68.85,16.55,-0.75,0.00,0.00,98,0,0,35.69,32.60,75.20,ANOMALY
12:06:16.414,-3.38,68.85,16.55,-0.75,0.00,0.00,98,0,0,35.62,32.60,75.20,ANOMALY
12:06:16.712,-3.38,68.85,16.55,-0.75,0.00,0.00,98,0,0,35.62,32.60,75.20,ANOMALY
12:06:17.018,-3.38,68.85,16.55,-0.75,0.00,0.00,98,0,0,35.62,32.60,75.10,ANOMALY
12:06:17.326,-3.38,68.85,16.55,-0.75,0.00,0.00,98,0,0,35.62,32.60,75.10,ANOMALY
12:06:17.554,-3.38,68.85,16.55,-0.75,0.00,0.00,98,0,0,35.62,32.60,75.10,ANOMALY
12:06:17.838,-3.38,68.85,16.55,-0.75,0.00,0.00,98,0,0,35.62,32.60,75.10,ANOMALY
12:06:18.146,-3.38,68.85,16.55,-0.75,0.00,0.00,98,0,0,35.62,32.60,75.10,ANOMALY
12:06:18.452,-3.38,68.85,16.55,-0.75,0.00,0.00,98,0,0,35.62,32.60,75.10,ANOMALY
12:06:18.688,-3.38,68.85,16.55,-0.75,0.00,0.00,98,0,0,35.62,32.60,75.10,ANOMALY
12:06:18.972,-3.38,68.85,16.55,-0.75,0.00,0.00,98,0,0,35.62,32.60,75.10,ANOMALY
12:06:19.271,-3.38,68.85,16.55,-0.75,0.00,0.00,98,0,0,35.62,32.50,74.80,ANOMALY
12:06:19.579,-3.38,68.85,16.55,-0.75,0.00,0.00,98,0,0,35.62,32.50,74.80,ANOMALY
12:06:19.886,-3.38,68.85,16.55,-0.75,0.00,0.00,98,0,0,35.56,32.50,74.80,ANOMALY
12:06:20.112,-3.38,68.85,16.55,-0.75,0.00,0.00,98,0,0,35.56,32.50,74.80,ANOMALY
12:06:20.397,-3.38,68.85,16.55,-0.75,0.00,0.00,98,0,0,35.56,32.50,74.80,ANOMALY
12:06:20.705,-3.38,68.85,16.55,-0.75,0.00,0.00,98,0,0,35.56,32.50,74.80,ANOMALY
12:06:21.011,-3.38,68.85,16.55,-0.75,0.00,0.00,98,0,0,35.56,32.50,74.80,ANOMALY
12:06:21.245,-3.38,68.85,16.55,-0.75,0.00,0.00,98,0,0,35.56,32.50,74.80,ANOMALY
12:06:21.535,-3.38,68.85,16.55,-0.75,0.00,0.00,98,0,0,35.56,32.50,74.50,ANOMALY
12:06:21.832,-3.38,68.85,16.55,-0.75,0.00,0.00,98,0,0,35.56,32.50,74.50,ANOMALY
12:06:22.139,-3.38,68.85,16.55,-0.75,0.00,0.00,98,0,0,35.56,32.50,74.50,ANOMALY
12:06:22.385,-3.38,68.85,16.55,-0.75,0.00,0.00,98,0,0,35.56,32.50,74.50,ANOMALY
12:06:22.668,-3.38,68.85,16.55,-0.75,0.00,0.00,98,0,0,35.56,32.50,74.50,ANOMALY
12:06:22.957,-3.38,68.85,16.55,-0.75,0.00,0.00,98,0,0,35.56,32.50,74.50,ANOMALY
12:06:23.265,-3.38,68.85,16.55,-0.75,0.00,0.00,98,0,0,35.50,32.50,74.50,ANOMALY
12:06:23.572,-3.38,68.85,16.55,-0.75,0.00,0.00,98,0,0,35.50,32.50,74.50,ANOMALY
12:06:23.806,-3.38,68.85,16.55,-0.75,0.00,0.00,98,0,0,35.50,32.50,74.40,ANOMALY
12:06:24.089,-3.38,68.85,16.55,-0.75,0.00,0.00,98,0,0,35.56,32.50,74.40,ANOMALY
12:06:24.391,-3.38,68.85,16.55,-0.75,0.00,0.00,98,0,0,35.56,32.50,74.40,ANOMALY
12:06:24.698,-3.38,68.85,16.55,-0.75,0.00,0.00,98,0,0,35.56,32.50,74.40,ANOMALY
12:06:24.939,-3.38,68.85,16.55,-0.75,0.00,0.00,98,0,0,35.56,32.50,74.40,ANOMALY
12:06:25.223,-3.38,68.85,16.55,-0.75,0.00,0.00,98,0,0,35.56,32.50,74.40,ANOMALY
12:06:25.518,-3.38,68.85,16.55,-0.75,0.00,0.00,98,0,0,35.56,32.50,74.40,ANOMALY
12:06:25.824,-3.38,68.85,16.55,-0.75,0.00,0.00,98,0,0,35.56,32.50,74.40,ANOMALY
12:06:26.133,-3.38,68.85,16.55,-0.75,0.00,0.00,98,0,0,35.56,32.50,74.20,ANOMALY
12:06:26.361,-3.38,68.85,16.55,-0.75,0.00,0.00,98,0,0,35.56,32.50,74.20,ANOMALY
12:06:26.646,-3.38,68.85,16.55,-0.75,0.00,0.00,98,0,0,35.56,32.50,74.20,ANOMALY
12:06:26.952,-3.38,68.85,16.55,-0.75,0.00,0.00,98,0,0,35.56,32.50,74.20,ANOMALY
12:06:27.258,-3.38,68.85,16.55,-0.75,0.00,0.00,98,0,0,35.56,32.50,74.20,ANOMALY
12:06:27.496,-3.38,68.85,16.55,-0.75,0.00,0.00,98,0,0,35.56,32.50,74.20,ANOMALY
12:06:27.779,-3.38,68.85,16.55,-0.75,0.00,0.00,98,0,0,35.56,32.50,74.20,ANOMALY
12:06:28.083,-3.38,68.85,16.55,-0.75,0.00,0.00,98,0,0,35.56,32.50,74.20,ANOMALY
12:06:28.385,-3.38,68.85,16.55,-0.75,0.00,0.00,98,0,0,35.56,32.50,73.80,ANOMALY
12:06:28.693,-3.38,68.85,16.55,-0.75,0.00,0.00,98,0,0,35.56,32.50,73.80,ANOMALY
12:06:28.918,-3.38,68.85,16.55,-0.75,0.00,0.00,98,0,0,35.56,32.50,73.80,ANOMALY
12:06:29.204,-3.38,68.85,16.55,-0.75,0.00,0.00,98,0,0,35.56,32.50,73.80,ANOMALY
12:06:29.513,-3.38,68.85,16.55,-0.75,0.00,0.00,98,0,0,35.56,32.50,73.80,ANOMALY
12:06:29.818,-3.38,68.85,16.55,-0.75,0.00,0.00,98,0,0,35.56,32.50,73.80,ANOMALY
12:06:30.053,-3.38,68.85,16.55,-0.75,0.00,0.00,98,0,0,35.56,32.50,73.80,ANOMALY
12:06:30.337,-3.38,68.85,16.55,-0.75,0.00,0.00,98,0,0,35.56,32.50,73.80,ANOMALY
12:06:30.638,-3.38,68.85,16.55,-0.75,0.00,0.00,98,0,0,35.56,32.40,73.30,ANOMALY
12:06:30.945,-3.38,68.85,16.55,-0.75,0.00,0.00,98,0,0,35.50,32.40,73.30,ANOMALY
12:06:31.192,-3.38,68.85,16.55,-0.75,0.00,0.00,98,0,0,35.50,32.40,73.30,ANOMALY
12:06:31.476,-3.38,68.85,16.55,-0.75,0.00,0.00,98,0,0,35.50,32.40,73.30,ANOMALY
12:06:31.764,-3.38,68.85,16.55,-0.75,0.00,0.00,98,0,0,35.50,32.40,73.30,ANOMALY
12:06:32.072,-3.38,68.85,16.55,-0.75,0.00,0.00,98,0,0,35.50,32.40,73.30,ANOMALY
12:06:32.390,-3.38,68.85,16.55,-0.75,0.00,0.00,98,0,0,35.50,32.40,73.30,ANOMALY
12:06:32.610,-3.38,68.85,16.55,-0.75,0.00,0.00,98,0,0,35.56,32.40,73.30,ANOMALY
12:06:32.900,-3.38,68.85,16.55,-0.75,0.00,0.00,98,0,0,35.56,32.40,73.20,ANOMALY
12:06:33.204,-3.38,68.85,16.55,-0.75,0.00,0.00,98,0,0,35.56,32.40,73.20,ANOMALY
12:06:33.516,-3.38,68.85,16.55,-0.75,0.00,0.00,98,0,0,35.56,32.40,73.20,ANOMALY
12:06:33.752,-3.38,68.85,16.55,-0.75,0.00,0.00,98,0,0,35.56,32.40,73.20,ANOMALY
12:06:34.125,-3.38,68.85,16.55,-0.75,0.00,0.00,98,0,0,35.56,32.40,73.20,ANOMALY
12:06:34.330,-3.38,68.85,16.55,-0.75,0.00,0.00,98,0,0,35.50,32.40,73.20,ANOMALY
12:06:34.632,-3.38,68.85,16.55,-0.75,0.00,0.00,98,0,0,35.50,32.40,73.20,ANOMALY
12:06:34.939,-3.38,68.85,16.55,-0.75,0.00,0.00,98,0,0,35.50,32.40,73.20,ANOMALY
12:06:35.173,-3.38,68.85,16.55,-0.75,0.00,0.00,98,0,0,35.56,32.40,72.80,ANOMALY
12:06:35.457,-3.38,68.85,16.55,-0.75,0.00,0.00,98,0,0,35.56,32.40,72.80,ANOMALY
12:06:35.758,-3.38,68.85,16.55,-0.75,0.00,0.00,98,0,0,35.56,32.40,72.80,ANOMALY
12:06:36.067,-3.38,68.85,16.55,-0.75,0.00,0.00,98,0,0,35.56,32.40,72.80,ANOMALY
12:06:36.308,-3.38,68.85,16.55,-0.75,0.00,0.00,98,0,0,35.56,32.40,72.80,ANOMALY
12:06:36.594,-3.38,68.85,16.55,-0.75,0.00,0.00,98,0,0,35.56,32.40,72.80,ANOMALY
12:06:36.886,-3.38,68.85,16.55,-0.75,0.00,0.00,98,0,0,35.56,32.40,72.80,ANOMALY
12:06:37.192,-3.38,68.85,16.55,-0.75,0.00,0.00,98,0,0,35.56,32.40,72.80,ANOMALY
12:06:37.498,-3.38,68.85,16.55,-0.75,0.00,0.00,98,0,0,35.56,32.40,72.70,ANOMALY
12:06:37.732,-3.38,68.85,16.55,-0.75,0.00,0.00,98,0,0,35.56,32.40,72.70,ANOMALY
12:06:38.017,-3.38,68.85,16.55,-0.75,0.00,0.00,98,0,0,35.56,32.40,72.70,ANOMALY
12:06:38.318,-3.38,68.85,16.55,-0.75,0.00,0.00,98,0,0,35.56,32.40,72.70,ANOMALY
12:06:38.728,-3.38,68.85,16.55,-0.75,0.00,0.00,98,0,0,35.56,32.40,72.70,ANOMALY
12:06:38.867,-3.38,68.85,16.55,-0.75,0.00,0.00,98,0,0,35.56,32.40,72.70,ANOMALY
12:06:39.150,-3.38,68.85,16.55,-0.75,0.00,0.00,98,0,0,35.56,32.40,72.70,ANOMALY
12:06:39.444,-3.38,68.85,16.55,-0.75,0.00,0.00,98,0,0,35.56,32.40,72.70,ANOMALY
12:06:39.944,-3.38,68.85,16.55,-0.75,0.00,0.00,98,0,0,35.56,32.40,72.80,ANOMALY
12:06:40.058,-3.38,68.85,16.55,-0.75,0.00,0.00,98,0,0,35.56,32.40,72.80,ANOMALY
12:06:40.289,-3.38,68.85,16.55,-0.75,0.00,0.00,98,0,0,35.56,32.40,72.80,ANOMALY
12:06:40.574,-3.38,68.85,16.55,-0.75,0.00,0.00,98,0,0,35.56,32.40,72.80,ANOMALY
12:06:40.877,-3.38,68.85,16.55,-0.75,0.00,0.00,98,0,0,35.56,32.40,72.80,ANOMALY
12:06:41.185,-3.38,68.85,16.55,-0.75,0.00,0.00,98,0,0,35.62,32.40,72.80,ANOMALY
12:06:41.423,-3.38,68.85,16.55,-0.75,0.00,0.00,98,0,0,35.62,32.40,72.80,ANOMALY
12:06:41.707,-3.38,68.85,16.55,-0.75,0.00,0.00,98,0,0,35.62,32.40,72.80,ANOMALY
12:06:42.004,-3.38,68.85,16.55,-0.75,0.00,0.00,98,0,0,35.62,32.40,73.00,ANOMALY
12:06:42.312,-3.38,68.85,16.55,-0.75,0.00,0.00,98,0,0,35.62,32.40,73.00,ANOMALY
12:06:42.619,-3.38,68.85,16.55,-0.75,0.00,0.00,98,0,0,35.62,32.40,73.00,ANOMALY
12:06:42.848,-3.38,68.85,16.55,-0.75,0.00,0.00,98,0,0,35.62,32.40,73.00,ANOMALY
12:06:43.132,-3.38,68.85,16.55,-0.75,0.00,0.00,98,0,0,35.62,32.40,73.00,ANOMALY
12:06:43.438,-3.38,68.85,16.55,-0.75,0.00,0.00,98,0,0,35.62,32.40,73.00,ANOMALY
12:06:43.746,-3.38,68.85,16.55,-0.75,0.00,0.00,98,0,0,35.62,32.40,73.00,ANOMALY
12:06:43.981,-3.38,68.85,16.55,-0.75,0.00,0.00,98,0,0,35.62,32.40,73.00,ANOMALY
12:06:44.272,-3.38,68.85,16.55,-0.75,0.00,0.00,98,0,0,35.62,32.40,73.20,ANOMALY
12:06:44.564,-3.38,68.85,16.55,-0.75,0.00,0.00,98,0,0,35.62,32.40,73.20,ANOMALY
12:06:45.216,-3.38,68.85,16.55,-0.75,0.00,0.00,98,0,0,35.62,32.40,73.20,ANOMALY
12:06:45.233,-3.38,68.85,16.55,-0.75,0.00,0.00,98,0,0,35.62,32.40,73.20,ANOMALY
12:06:45.407,-3.38,68.85,16.55,-0.75,0.00,0.00,98,0,0,35.62,32.40,73.20,ANOMALY
12:06:45.693,-3.38,68.85,16.55,-0.75,0.00,0.00,98,0,0,35.62,32.40,73.20,ANOMALY
12:06:45.999,-3.38,68.85,16.55,-0.75,0.00,0.00,98,0,0,35.62,32.40,73.20,ANOMALY
12:06:46.306,-3.38,68.85,16.55,-0.75,0.00,0.00,98,0,0,35.62,32.40,73.20,ANOMALY
12:06:46.546,-3.38,68.85,16.55,-0.75,0.00,0.00,98,0,0,35.62,32.40,73.00,ANOMALY
12:06:46.829,-3.38,68.85,16.55,-0.75,0.00,0.00,98,0,0,35.62,32.40,73.00,ANOMALY
12:06:47.124,-3.38,68.85,16.55,-0.75,0.00,0.00,98,0,0,35.56,32.40,73.00,ANOMALY
12:06:47.431,-3.38,68.85,16.55,-0.75,0.00,0.00,98,0,0,35.56,32.40,73.00,ANOMALY
12:06:47.737,-3.38,68.85,16.55,-0.75,0.00,0.00,98,0,0,35.56,32.40,73.00,ANOMALY
12:06:47.965,-3.38,68.85,16.55,-0.75,0.00,0.00,98,0,0,35.56,32.40,73.00,ANOMALY
12:06:48.250,-3.38,68.85,16.55,-0.75,0.00,0.00,98,0,0,35.56,32.40,73.00,ANOMALY
12:06:48.558,-3.38,68.85,16.55,-0.75,0.00,0.00,98,0,0,35.56,32.40,73.00,ANOMALY
12:06:48.864,-3.38,68.85,16.55,-0.75,0.00,0.00,98,0,0,35.56,32.30,72.60,ANOMALY
12:06:49.105,-3.38,68.85,16.55,-0.75,0.00,0.00,98,0,0,35.56,32.30,72.60,ANOMALY
12:06:49.389,-3.38,68.85,16.55,-0.75,0.00,0.00,98,0,0,35.56,32.30,72.60,ANOMALY
12:06:49.684,-3.38,68.85,16.55,-0.75,0.00,0.00,98,0,0,35.56,32.30,72.60,ANOMALY
12:06:49.992,-3.38,68.85,16.55,-0.75,0.00,0.00,98,0,0,35.56,32.30,72.60,ANOMALY
12:06:50.300,-3.38,68.85,16.55,-0.75,0.00,0.00,98,0,0,35.56,32.30,72.60,ANOMALY
12:06:50.524,-3.38,68.85,16.55,-0.75,0.00,0.00,98,0,0,35.62,32.30,72.60,ANOMALY
12:06:50.810,-3.38,68.85,16.55,-0.75,0.00,0.00,98,0,0,35.62,32.30,72.60,ANOMALY
12:06:51.122,-3.38,68.85,16.55,-0.75,0.00,0.00,98,0,0,35.62,32.40,72.50,ANOMALY
12:06:51.427,-3.38,68.85,16.55,-0.75,0.00,0.00,98,0,0,35.56,32.40,72.50,ANOMALY
12:06:51.664,-3.38,68.85,16.55,-0.75,0.00,0.00,98,0,0,35.56,32.40,72.50,ANOMALY
12:06:51.949,-3.38,68.85,16.55,-0.75,0.00,0.00,98,0,0,35.56,32.40,72.50,ANOMALY
12:06:52.244,-3.38,68.85,16.55,-0.75,0.00,0.00,98,0,0,35.56,32.40,72.50,ANOMALY
12:06:52.551,-3.38,68.85,16.55,-0.75,0.00,0.00,98,0,0,35.56,32.40,72.50,ANOMALY
12:06:52.799,-3.38,68.85,16.55,-0.75,0.00,0.00,98,0,0,35.56,32.40,72.50,ANOMALY
12:06:53.083,-3.38,68.85,16.55,-0.75,0.00,0.00,98,0,0,35.56,32.40,72.50,ANOMALY
12:06:53.373,-3.38,68.85,16.55,-0.75,0.00,0.00,98,0,0,35.56,32.30,72.40,ANOMALY
12:06:53.678,-3.38,68.85,16.55,-0.75,0.00,0.00,98,0,0,35.56,32.30,72.40,ANOMALY
12:06:53.985,-3.38,68.85,16.55,-0.75,0.00,0.00,98,0,0,35.50,32.30,72.40,ANOMALY
12:06:54.222,-3.38,68.85,16.55,-0.75,0.00,0.00,98,0,0,35.50,32.30,72.40,ANOMALY
12:06:54.854,-3.38,68.85,16.55,-0.75,0.00,0.00,98,0,0,35.50,32.30,72.40,ANOMALY
12:06:54.856,-3.38,68.85,16.55,-0.75,0.00,0.00,98,0,0,35.50,32.30,72.40,ANOMALY
12:06:55.111,-3.38,68.85,16.55,-0.75,0.00,0.00,98,0,0,35.50,32.30,72.40,ANOMALY
12:06:55.357,-3.38,68.85,16.55,-0.75,0.00,0.00,98,0,0,35.50,32.30,72.40,ANOMALY
12:06:55.648,-3.38,68.85,16.55,-0.75,0.00,0.00,98,0,0,35.44,32.40,72.40,ANOMALY
12:06:55.933,-3.38,68.85,16.55,-0.75,0.00,0.00,98,0,0,35.44,32.40,72.40,ANOMALY
12:06:56.239,-3.38,68.85,16.55,-0.75,0.00,0.00,98,0,0,35.44,32.40,72.40,ANOMALY
12:06:56.545,-3.38,68.85,16.55,-0.75,0.00,0.00,98,0,0,35.44,32.40,72.40,ANOMALY
12:06:56.783,-3.38,68.85,16.55,-0.75,0.00,0.00,98,0,0,35.44,32.40,72.40,ANOMALY
12:06:57.066,-3.38,68.85,16.55,-0.75,0.00,0.00,98,0,0,35.44,32.40,72.40,ANOMALY
12:06:57.366,-3.38,68.85,16.55,-0.75,0.00,0.00,98,0,0,35.44,32.40,72.40,ANOMALY
12:06:57.672,-3.38,68.85,16.55,-0.75,0.00,0.00,98,0,0,35.44,32.40,72.40,ANOMALY
12:06:57.979,-3.38,68.85,16.55,-0.75,0.00,0.00,98,0,0,35.44,32.40,72.40,ANOMALY
12:06:58.205,-3.38,68.85,16.55,-0.75,0.00,0.00,98,0,0,35.44,32.40,72.40,ANOMALY
12:06:58.490,-3.38,68.85,16.55,-0.75,0.00,0.00,98,0,0,35.44,32.40,72.40,ANOMALY
12:06:58.798,-3.38,68.85,16.55,-0.75,0.00,0.00,98,0,0,35.44,32.40,72.40,ANOMALY
12:06:59.106,-3.38,68.85,16.55,-0.75,0.00,0.00,98,0,0,35.44,32.40,72.40,ANOMALY
12:06:59.342,-3.38,68.85,16.55,-0.75,0.00,0.00,98,0,0,35.44,32.40,72.40,ANOMALY
12:06:59.628,-3.38,68.85,16.55,-0.75,0.00,0.00,98,0,0,35.44,32.40,72.40,ANOMALY
12:06:59.926,-3.38,68.85,16.55,-0.75,0.00,0.00,98,0,0,35.44,32.40,72.40,ANOMALY
12:07:00.236,-3.38,68.85,16.55,-0.75,0.00,0.00,98,0,0,35.44,32.40,72.50,ANOMALY
12:07:00.540,-3.38,68.85,16.55,-0.75,0.00,0.00,98,0,0,35.44,32.40,72.50,ANOMALY
12:07:00.765,-3.38,68.85,16.55,-0.75,0.00,0.00,98,0,0,35.38,32.40,72.50,ANOMALY
12:07:01.050,-3.38,68.85,16.55,-0.75,0.00,0.00,98,0,0,35.38,32.40,72.50,ANOMALY
12:07:01.358,-3.38,68.85,16.55,-0.75,0.00,0.00,98,0,0,35.38,32.40,72.50,ANOMALY
12:07:01.665,-3.38,68.85,16.55,-0.75,0.00,0.00,98,0,0,35.44,32.40,72.50,ANOMALY
12:07:01.898,-3.38,68.85,16.55,-0.75,0.00,0.00,98,0,0,35.44,32.40,72.50,ANOMALY
12:07:02.182,-3.38,68.85,16.55,-0.75,0.00,0.00,98,0,0,35.44,32.40,72.50,ANOMALY
12:07:02.485,-3.38,68.85,16.55,-0.75,0.00,0.00,98,0,0,35.44,32.40,72.50,ANOMALY
12:07:02.793,-3.38,68.85,16.55,-0.75,0.00,0.00,98,0,0,35.44,32.40,72.50,ANOMALY
12:07:03.038,-3.38,68.85,16.55,-0.75,0.00,0.00,98,0,0,35.44,32.40,72.50,ANOMALY
12:07:03.412,-3.38,68.85,16.55,-0.75,0.00,0.00,98,0,0,35.44,32.40,72.50,ANOMALY
12:07:03.611,-3.38,68.85,16.55,-0.75,0.00,0.00,98,0,0,35.44,32.40,72.50,ANOMALY
12:07:03.918,-3.38,68.85,16.55,-0.75,0.00,0.00,98,0,0,35.44,32.40,72.50,ANOMALY
12:07:04.242,-3.38,68.85,16.55,-0.75,0.00,0.00,98,0,0,35.44,32.40,72.50,ANOMALY
12:07:04.464,-3.38,68.85,16.55,-0.75,0.00,0.00,98,0,0,35.44,32.40,72.50,ANOMALY
12:07:04.749,-3.38,68.85,16.55,-0.75,0.00,0.00,98,0,0,35.44,32.40,72.90,ANOMALY
12:07:05.044,0.00,68.85,16.55,-0.75,0.00,0.00,98,0,0,35.44,32.40,72.90,ANOMALY
12:07:05.352,-3.38,68.85,16.55,-0.75,0.00,0.00,98,0,0,35.44,32.40,72.90,ANOMALY
12:07:05.597,-3.38,68.85,16.55,-0.75,0.00,0.00,98,0,0,35.44,32.40,72.90,ANOMALY
12:07:05.887,-3.38,68.85,16.55,-0.75,0.00,0.00,98,0,0,35.44,32.40,72.90,ANOMALY
12:07:06.172,-3.38,68.85,16.55,-0.75,0.00,0.00,98,0,0,35.44,32.40,72.90,ANOMALY
12:07:06.479,-3.38,68.85,16.55,-0.75,0.00,0.00,98,0,0,35.44,32.40,72.90,ANOMALY
12:07:06.785,-3.38,68.85,16.55,-0.75,0.00,0.00,98,0,0,35.44,32.40,72.90,ANOMALY
12:07:07.017,-3.38,68.85,16.55,-0.75,0.00,0.00,98,0,0,35.44,32.40,73.60,ANOMALY
12:07:07.309,-3.38,68.85,16.55,-0.75,0.00,0.00,98,0,0,35.44,32.40,73.60,GRAZING
12:07:07.604,-3.38,68.85,16.55,-0.75,0.00,0.00,98,0,0,35.44,32.40,73.60,GRAZING
12:07:07.911,-3.38,68.85,16.55,-0.75,0.00,0.00,98,0,0,35.44,32.40,73.60,GRAZING
12:07:08.151,-3.38,68.85,16.55,-0.75,0.00,0.00,98,0,0,35.44,32.40,73.60,GRAZING
12:07:08.436,-3.38,68.85,16.55,-0.75,0.00,0.00,98,0,0,35.44,32.40,73.60,GRAZING
12:07:08.730,-3.38,68.85,16.55,-0.75,0.00,0.00,98,0,0,35.44,32.40,73.60,GRAZING
12:07:09.038,-3.38,68.85,16.55,-0.75,0.00,0.00,98,0,0,35.44,32.40,73.60,GRAZING
12:07:09.345,-3.38,68.85,16.55,-0.75,0.00,0.00,98,0,0,35.44,32.40,74.10,GRAZING
12:07:09.574,-3.38,68.85,16.55,-0.75,0.00,0.00,98,0,0,35.44,32.40,74.10,GRAZING
12:07:09.857,-3.38,68.85,16.55,-0.75,0.00,0.00,98,0,0,35.44,32.40,74.10,GRAZING
12:07:10.164,-3.38,68.85,16.55,-0.75,0.00,0.00,98,0,0,35.44,32.40,74.10,GRAZING
12:07:10.472,-3.38,68.85,16.55,-0.75,0.00,0.00,98,0,0,35.44,32.40,74.10,GRAZING
12:07:10.711,-3.38,68.85,16.55,-0.75,0.00,0.00,98,0,0,35.44,32.40,74.10,GRAZING
12:07:10.995,-3.38,68.85,16.55,-0.75,0.00,0.00,98,0,0,35.44,32.40,74.10,GRAZING
12:07:11.291,-3.38,68.85,16.55,-0.75,0.00,0.00,98,0,0,35.44,32.40,74.10,GRAZING
12:07:11.598,-3.38,68.85,16.55,-0.75,0.00,0.00,98,0,0,35.44,32.40,74.10,GRAZING
12:07:11.905,-3.38,68.85,16.55,-0.75,0.00,0.00,98,0,0,35.44,32.40,74.10,GRAZING
12:07:12.133,-3.38,68.85,16.55,-0.75,0.00,0.00,98,0,0,35.44,32.40,74.10,GRAZING
12:07:12.417,-3.38,68.85,16.55,-0.75,0.00,0.00,98,0,0,35.44,32.40,74.10,GRAZING
12:07:12.725,-3.38,68.85,16.55,-0.75,0.00,0.00,98,0,0,35.44,32.40,74.10,GRAZING
12:07:13.031,-3.38,68.85,16.55,-0.75,0.00,0.00,98,0,0,35.44,32.40,74.10,GRAZING
12:07:13.267,-3.38,68.85,16.55,-0.75,0.00,0.00,98,0,0,35.44,32.40,74.10,GRAZING
12:07:13.552,-3.38,68.85,16.55,-0.75,0.00,0.00,98,0,0,35.44,32.40,74.10,GRAZING
12:07:13.860,-3.38,68.85,16.55,-0.75,0.00,0.00,98,0,0,35.44,32.50,74.20,GRAZING
12:07:14.163,-3.38,68.85,16.55,-0.75,0.00,0.00,98,0,0,35.44,32.50,74.20,GRAZING
12:07:14.465,-3.38,68.85,16.55,-0.75,0.00,0.00,98,0,0,35.44,32.50,74.20,GRAZING
12:07:14.692,-3.38,68.85,16.55,-0.75,0.00,0.00,98,0,0,35.44,32.50,74.20,GRAZING
12:07:14.977,-3.38,68.85,16.55,-0.75,0.00,0.00,98,0,0,35.44,32.50,74.20,GRAZING
12:07:15.284,-3.38,68.85,16.55,-0.75,0.00,0.00,98,0,0,35.44,32.50,74.20,GRAZING
12:07:15.593,-3.38,68.85,16.55,-0.75,0.00,0.00,98,0,0,35.44,32.50,74.20,GRAZING
12:07:15.828,-3.38,68.85,16.55,-0.75,0.00,0.00,98,0,0,35.44,32.50,74.20,GRAZING
12:07:16.116,-3.38,68.85,16.55,-0.75,0.00,0.00,98,0,0,35.44,32.50,74.10,GRAZING
12:07:16.411,-3.38,68.85,16.55,-0.75,0.00,0.00,98,0,0,35.44,32.50,74.10,GRAZING
12:07:16.719,-3.38,68.85,16.55,-0.75,0.00,0.00,98,0,0,35.44,32.50,74.10,GRAZING
12:07:17.025,-3.38,68.85,16.55,-0.75,0.00,0.00,98,0,0,35.44,32.50,74.10,GRAZING
12:07:17.250,-3.38,68.85,16.55,-0.75,0.00,0.00,98,0,0,35.44,32.50,74.10,GRAZING
12:07:17.537,-3.38,68.85,16.55,-0.75,0.00,0.00,98,0,0,35.44,32.50,74.10,GRAZING
12:07:17.844,-3.38,68.85,16.55,-0.75,0.00,0.00,98,0,0,35.44,32.50,74.10,GRAZING
12:07:18.151,-3.38,68.85,16.55,-0.75,0.00,0.00,98,0,0,35.44,32.50,74.10,GRAZING
12:07:18.389,-3.38,68.85,16.55,-0.75,0.00,0.00,98,0,0,35.44,32.50,74.00,GRAZING
12:07:18.674,-3.38,68.85,16.55,-0.75,0.00,0.00,98,0,0,35.50,32.50,74.00,GRAZING
12:07:18.970,-3.38,68.85,16.55,-0.75,0.00,0.00,98,0,0,35.50,32.50,74.00,GRAZING
12:07:19.278,-3.38,68.85,16.55,-0.75,0.00,0.00,98,0,0,35.50,32.50,74.00,GRAZING
12:07:19.524,-3.38,68.85,16.55,-0.75,0.00,0.00,98,0,0,35.44,32.50,74.00,GRAZING
12:07:19.812,-3.38,68.85,16.55,-0.75,0.00,0.00,98,0,0,35.44,32.50,74.00,GRAZING
12:07:20.100,-3.38,68.85,16.55,-0.75,0.00,0.00,98,0,0,35.44,32.50,74.00,GRAZING
12:07:20.404,-3.38,68.85,16.55,-0.75,0.00,0.00,98,0,0,35.44,32.50,74.00,GRAZING
12:07:20.712,-3.38,68.85,16.55,-0.75,0.00,0.00,98,0,0,35.44,32.50,74.20,GRAZING
12:07:20.946,-3.38,68.85,16.55,-0.75,0.00,0.00,98,0,0,35.44,32.50,74.20,GRAZING
12:07:21.230,-3.38,68.85,16.55,-0.75,0.00,0.00,98,0,0,35.44,32.50,74.20,GRAZING
12:07:21.676,-3.38,68.85,16.55,-0.75,0.00,0.00,98,0,0,35.44,32.50,74.20,GRAZING
12:07:21.838,-3.38,68.85,16.55,-0.75,0.00,0.00,98,0,0,35.44,32.50,74.20,GRAZING
12:07:22.080,-3.38,68.85,16.55,-0.75,0.00,0.00,98,0,0,35.44,32.50,74.20,GRAZING
12:07:22.366,-3.38,68.85,16.55,-0.75,0.00,0.00,98,0,0,35.44,32.50,74.20,GRAZING
12:07:22.657,-3.38,68.85,16.55,-0.75,0.00,0.00,98,0,0,35.44,32.50,74.20,GRAZING
12:07:22.964,-3.38,68.85,16.55,-0.75,0.00,0.00,98,0,0,35.38,32.50,74.40,GRAZING
12:07:23.272,-3.38,68.85,16.55,-0.75,0.00,0.00,98,0,0,35.38,32.50,74.40,GRAZING
12:07:23.504,-3.38,68.85,16.55,-0.75,0.00,0.00,98,0,0,35.38,32.50,74.40,GRAZING
12:07:23.788,-3.38,68.85,16.55,-0.75,0.00,0.00,98,0,0,35.38,32.50,74.40,GRAZING
12:07:24.091,-3.38,68.85,16.55,-0.75,0.00,0.00,98,0,0,35.38,32.50,74.40,GRAZING
12:07:24.398,-3.38,68.85,16.55,-0.75,0.00,0.00,98,0,0,35.38,32.50,74.40,GRAZING
12:07:24.639,-3.38,68.85,16.55,-0.75,0.00,0.00,98,0,0,35.38,32.50,74.40,GRAZING
12:07:24.923,-3.38,68.85,16.55,-0.75,0.00,0.00,98,0,0,35.38,32.50,74.40,GRAZING
12:07:25.217,-3.38,68.85,16.55,-0.75,0.00,0.00,98,0,0,35.38,32.50,74.30,GRAZING
12:07:25.525,-3.38,68.85,16.55,-0.75,0.00,0.00,98,0,0,35.31,32.50,74.30,GRAZING
12:07:25.831,-3.38,68.85,16.55,-0.75,0.00,0.00,98,0,0,35.31,32.50,74.30,GRAZING
12:07:26.063,-3.38,68.85,16.55,-0.75,0.00,0.00,98,0,0,35.31,32.50,74.30,GRAZING
12:07:26.348,-3.38,68.85,16.55,-0.75,0.00,0.00,98,0,0,35.31,32.50,74.30,GRAZING
12:07:26.651,-3.38,68.85,16.55,-0.75,0.00,0.00,98,0,0,35.31,32.50,74.30,GRAZING
12:07:26.958,-3.38,68.85,16.55,-0.75,0.00,0.00,98,0,0,35.31,32.50,74.30,GRAZING
12:07:27.198,-3.38,68.85,16.55,-0.75,0.00,0.00,98,0,0,35.31,32.50,74.30,GRAZING
12:07:27.487,-3.38,68.85,16.55,-0.75,0.00,0.00,98,0,0,35.31,32.50,74.20,GRAZING
12:07:27.777,-3.38,68.85,16.55,-0.75,0.00,0.00,98,0,0,35.31,32.50,74.20,GRAZING
12:07:28.084,-3.38,68.85,16.55,-0.75,0.00,0.00,98,0,0,35.31,32.50,74.20,GRAZING
12:07:28.391,-3.38,68.85,16.55,-0.75,0.00,0.00,98,0,0,35.31,32.50,74.20,GRAZING
12:07:28.623,-3.38,68.85,16.55,-0.75,0.00,0.00,98,0,0,35.31,32.50,74.20,GRAZING
12:07:28.905,-3.38,68.85,16.55,-0.75,0.00,0.00,98,0,0,35.31,32.50,74.20,GRAZING
12:07:29.211,-3.38,68.85,16.55,-0.75,0.00,0.00,98,0,0,35.31,32.50,74.20,GRAZING
12:07:29.519,-3.38,68.85,16.55,-0.75,0.00,0.00,98,0,0,35.31,32.50,74.20,GRAZING
12:07:29.761,-3.38,68.85,16.55,-0.75,0.00,0.00,98,0,0,35.31,32.50,74.20,GRAZING
12:07:30.046,-3.38,68.85,16.55,-0.75,0.00,0.00,98,0,0,35.31,32.50,74.20,GRAZING
12:07:30.337,-3.38,68.85,16.55,-0.75,0.00,0.00,98,0,0,35.31,32.50,74.20,GRAZING
12:07:30.644,-3.38,68.85,16.55,-0.75,0.00,0.00,98,0,0,35.25,32.50,74.20,GRAZING
12:07:30.952,-3.38,68.85,16.55,-0.75,0.00,0.00,98,0,0,35.25,32.50,74.20,GRAZING
12:07:31.180,-3.38,68.85,16.55,-0.75,0.00,0.00,98,0,0,35.25,32.50,74.20,GRAZING
12:07:31.464,-3.38,68.85,16.55,-0.75,0.00,0.00,98,0,0,35.25,32.50,74.20,GRAZING
12:07:31.771,-3.38,68.85,16.55,-0.75,0.00,0.00,98,0,0,35.25,32.50,74.20,GRAZING
12:07:32.078,-3.38,68.85,16.55,-0.75,0.00,0.00,98,0,0,35.25,32.50,74.10,GRAZING
12:07:32.319,-3.38,68.85,16.55,-0.75,0.00,0.00,98,0,0,35.25,32.50,74.10,GRAZING
12:07:32.603,-3.38,68.85,16.55,-0.75,0.00,0.00,98,0,0,35.25,32.50,74.10,GRAZING
12:07:32.898,-3.38,68.85,16.55,-0.75,0.00,0.00,98,0,0,35.25,32.50,74.10,GRAZING
12:07:33.205,-3.38,68.85,16.55,-0.75,0.00,0.00,98,0,0,35.25,32.50,74.10,GRAZING
12:07:33.512,-3.38,68.85,16.55,-0.75,0.00,0.00,98,0,0,35.25,32.50,74.10,GRAZING
12:07:33.738,-3.38,68.85,16.55,-0.75,0.00,0.00,98,0,0,35.25,32.50,74.10,GRAZING
12:07:34.023,-3.38,68.85,16.55,-0.75,0.00,0.00,98,0,0,35.25,32.50,74.10,GRAZING
12:07:34.331,-3.38,68.85,16.55,-0.75,0.00,0.00,98,0,0,35.25,32.60,73.90,GRAZING
12:07:34.638,-3.38,68.85,16.55,-0.75,0.00,0.00,98,0,0,35.25,32.60,73.90,GRAZING
12:07:34.876,-3.38,68.85,16.55,-0.75,0.00,0.00,98,0,0,35.25,32.60,73.90,GRAZING
12:07:35.160,-3.38,68.85,16.55,-0.75,0.00,0.00,98,0,0,35.25,32.60,73.90,GRAZING
12:07:35.457,-3.38,68.85,16.55,-0.75,0.00,0.00,98,0,0,35.25,32.60,73.90,GRAZING
12:07:35.764,-3.38,68.85,16.55,-0.75,0.00,0.00,98,0,0,35.25,32.60,73.90,GRAZING
12:07:36.011,-3.38,68.85,16.55,-0.75,0.00,0.00,98,0,0,35.25,32.60,73.90,GRAZING
12:07:36.295,-3.38,68.85,16.55,-0.75,0.00,0.00,98,0,0,35.25,32.60,73.90,GRAZING
12:07:36.584,-3.38,68.85,16.55,-0.75,0.00,0.00,98,0,0,35.25,32.60,73.50,GRAZING
12:07:36.890,-3.38,68.85,16.55,-0.75,0.00,0.00,98,0,0,35.25,32.60,73.50,GRAZING
12:07:37.198,-3.38,68.85,16.55,-0.75,0.00,0.00,98,0,0,35.25,32.60,73.50,GRAZING
12:07:37.435,-3.38,68.85,16.55,-0.75,0.00,0.00,98,0,0,35.19,32.60,73.50,GRAZING
12:07:37.720,-3.38,68.85,16.55,-0.75,0.00,0.00,98,0,0,35.19,32.60,73.50,GRAZING
12:07:38.019,-3.38,68.85,16.55,-0.75,0.00,0.00,98,0,0,35.19,32.60,73.50,GRAZING
12:07:38.327,-3.38,68.85,16.55,-0.75,0.00,0.00,98,0,0,35.19,32.60,73.50,GRAZING
12:07:38.571,-3.38,68.85,16.55,-0.75,0.00,0.00,98,0,0,35.19,32.60,73.50,GRAZING
12:07:38.860,-3.38,68.85,16.55,-0.75,0.00,0.00,98,0,0,35.19,32.60,73.40,GRAZING
12:07:39.144,-3.38,68.85,16.55,-0.75,0.00,0.00,98,0,0,35.12,32.60,73.40,GRAZING
12:07:39.450,-3.38,68.85,16.55,-0.75,0.00,0.00,98,0,0,35.12,32.60,73.40,GRAZING
12:07:39.759,-3.38,68.85,16.55,-0.75,0.00,0.00,98,0,0,35.12,32.60,73.40,GRAZING
12:07:39.994,-3.38,68.85,16.55,-0.75,0.00,0.00,98,0,0,35.19,32.60,73.40,GRAZING
12:07:40.278,-3.38,68.85,16.55,-0.75,0.00,0.00,98,0,0,35.19,32.60,73.40,GRAZING
12:07:40.578,-3.38,68.85,16.55,-0.75,0.00,0.00,98,0,0,35.19,32.60,73.40,GRAZING
12:07:40.884,-3.38,68.85,16.55,-0.75,0.00,0.00,98,0,0,35.19,32.60,73.40,GRAZING
12:07:41.212,-3.38,68.85,16.55,-0.75,0.00,0.00,98,0,0,35.19,32.60,73.10,GRAZING
12:07:41.418,-3.38,68.85,16.55,-0.75,0.00,0.00,98,0,0,35.19,32.60,73.10,GRAZING
12:07:41.703,-3.38,68.85,16.55,-0.75,0.00,0.00,98,0,0,35.19,32.60,73.10,GRAZING
12:07:42.011,-3.38,68.85,16.55,-0.75,0.00,0.00,98,0,0,35.19,32.60,73.10,GRAZING
12:07:42.317,-3.38,68.85,16.55,-0.75,0.00,0.00,98,0,0,35.19,32.60,73.10,GRAZING
12:07:42.551,-3.38,68.85,16.55,-0.75,0.00,0.00,98,0,0,35.19,32.60,73.10,GRAZING
12:07:42.835,-3.38,68.85,16.55,-0.75,0.00,0.00,98,0,0,35.19,32.60,73.10,GRAZING
12:07:43.137,-3.38,68.85,16.55,-0.75,0.00,0.00,98,0,0,35.19,32.60,73.10,GRAZING
12:07:43.444,-3.38,68.85,16.55,-0.75,0.00,0.00,98,0,0,35.19,32.60,73.20,GRAZING
12:07:43.691,-3.38,68.85,16.55,-0.75,0.00,0.00,98,0,0,35.19,32.60,73.20,GRAZING
12:07:43.975,-3.38,68.85,16.55,-0.75,0.00,0.00,98,0,0,35.19,32.60,73.20,GRAZING
12:07:44.264,-3.38,68.85,16.55,-0.75,0.00,0.00,98,0,0,35.19,32.60,73.20,GRAZING
12:07:44.571,-3.38,68.85,16.55,-0.75,0.00,0.00,98,0,0,35.19,32.60,73.20,GRAZING
12:07:44.879,-3.38,68.85,16.55,-0.75,0.00,0.00,98,0,0,35.19,32.60,73.20,GRAZING
12:07:45.111,-3.38,68.85,16.55,-0.75,0.00,0.00,98,0,0,35.19,32.60,73.20,GRAZING
12:07:45.395,-3.38,68.85,16.55,-0.75,0.00,0.00,98,0,0,35.19,32.60,73.20,GRAZING
12:07:45.697,-3.38,68.85,16.55,-0.75,0.00,0.00,98,0,0,35.19,32.60,73.20,GRAZING
12:07:46.004,-3.38,68.85,16.55,-0.75,0.00,0.00,98,0,0,35.25,32.60,73.20,GRAZING
12:07:46.251,-3.38,68.85,16.55,-0.75,0.00,0.00,98,0,0,35.25,32.60,73.20,GRAZING
12:07:46.535,-3.38,68.85,16.55,-0.75,0.00,0.00,98,0,0,35.25,32.60,73.20,GRAZING
12:07:46.824,-3.38,68.85,16.55,-0.75,0.00,0.00,98,0,0,35.25,32.60,73.20,GRAZING
12:07:47.130,-3.38,68.85,16.55,-0.75,0.00,0.00,98,0,0,35.25,32.60,73.20,GRAZING
12:07:47.438,-3.38,68.85,16.55,-0.75,0.00,0.00,98,0,0,35.25,32.60,73.20,GRAZING
12:07:47.669,-3.38,68.85,16.55,-0.75,0.00,0.00,98,0,0,35.25,32.60,73.20,GRAZING
12:07:47.958,-3.38,68.85,16.55,-0.75,0.00,0.00,98,0,0,35.25,32.60,73.20,GRAZING
12:07:48.257,-3.38,68.85,16.55,-0.75,0.00,0.00,98,0,0,35.25,32.60,73.20,GRAZING
12:07:48.581,-3.38,68.85,16.55,-0.75,0.00,0.00,98,0,0,35.25,32.60,73.20,GRAZING
12:07:48.871,-3.38,68.85,16.55,-0.75,0.00,0.00,98,0,0,35.25,32.60,73.20,GRAZING
12:07:49.096,-3.38,68.85,16.55,-0.75,0.00,0.00,98,0,0,35.25,32.60,73.20,GRAZING
12:07:49.384,-3.38,68.85,16.55,-0.75,0.00,0.00,98,0,0,35.31,32.60,73.20,GRAZING
12:07:49.691,-3.38,68.85,16.55,-0.75,0.00,0.00,98,0,0,35.31,32.60,73.20,GRAZING
12:07:49.998,-3.38,68.85,16.55,-0.75,0.00,0.00,98,0,0,35.31,32.60,73.20,GRAZING
12:07:50.232,-3.38,68.85,16.55,-0.75,0.00,0.00,98,0,0,35.31,32.60,73.30,GRAZING
12:07:50.516,-3.38,68.85,16.55,-0.75,0.00,0.00,98,0,0,35.31,32.60,73.30,GRAZING
12:07:50.817,-3.38,68.85,16.55,-0.75,0.00,0.00,98,0,0,35.31,32.60,73.30,GRAZING
12:07:51.124,-3.38,68.85,16.55,-0.75,0.00,0.00,98,0,0,35.31,32.60,73.30,GRAZING
12:07:51.366,-3.38,68.85,16.55,-0.75,0.00,0.00,98,0,0,35.31,32.60,73.30,GRAZING
12:07:51.650,-3.38,68.85,16.55,-0.75,0.00,0.00,98,0,0,35.31,32.60,73.30,GRAZING
12:07:51.943,-3.38,68.85,16.55,-0.75,0.00,0.00,98,0,0,35.31,32.60,73.30,GRAZING
12:07:52.252,-3.38,68.85,16.55,-0.75,0.00,0.00,98,0,0,35.31,32.60,73.30,GRAZING
12:07:52.563,-3.38,68.85,16.55,-0.75,0.00,0.00,98,0,0,35.31,32.60,73.60,GRAZING
12:07:52.789,-3.38,68.85,16.55,-0.75,0.00,0.00,98,0,0,35.31,32.60,73.60,GRAZING
12:07:53.074,-3.38,68.85,16.55,-0.75,0.00,0.00,98,0,0,35.31,32.60,73.60,GRAZING
12:07:53.377,-3.38,68.85,16.55,-0.75,0.00,0.00,98,0,0,35.31,32.60,73.60,GRAZING
12:07:53.685,-3.38,68.85,16.55,-0.75,0.00,0.00,98,0,0,35.31,32.60,73.60,GRAZING
12:07:53.925,-3.38,68.85,16.55,-0.75,0.00,0.00,98,0,0,35.31,32.60,73.60,GRAZING
12:07:54.209,-3.38,68.85,16.55,-0.75,0.00,0.00,98,0,0,35.31,32.60,73.60,GRAZING
12:07:54.503,-3.38,68.85,16.55,-0.75,0.00,0.00,98,0,0,35.31,32.60,73.60,GRAZING
12:07:54.813,-3.38,68.85,16.55,-0.75,0.00,0.00,98,0,0,35.31,32.60,73.70,GRAZING
12:07:55.119,-3.38,68.85,16.55,-0.75,0.00,0.00,98,0,0,35.31,32.60,73.70,GRAZING
12:07:55.459,-3.38,68.85,16.55,-0.75,0.00,0.00,98,0,0,35.31,32.60,73.70,GRAZING
12:07:55.742,-3.38,68.85,16.55,-0.75,0.00,0.00,98,0,0,35.31,32.60,73.70,GRAZING
12:07:56.058,-3.38,68.85,16.55,-0.75,0.00,0.00,98,0,0,35.31,32.60,73.70,GRAZING
12:07:56.357,-3.38,68.85,16.55,-0.75,0.00,0.00,98,0,0,35.31,32.60,73.70,GRAZING
12:07:56.573,-3.38,68.85,16.55,-0.75,0.00,0.00,98,0,0,35.31,32.60,73.70,GRAZING
12:07:56.877,-3.38,68.85,16.55,-0.75,0.00,0.00,98,0,0,35.31,32.60,73.70,GRAZING
12:07:57.073,-3.38,68.85,16.55,-0.75,0.00,0.00,98,0,0,35.31,32.50,73.50,GRAZING
12:07:57.372,-3.38,68.85,16.55,-0.75,0.00,0.00,98,0,0,35.31,32.50,73.50,GRAZING
12:07:57.685,-3.38,68.85,16.55,-0.75,0.00,0.00,98,0,0,35.31,32.50,73.50,GRAZING
12:07:58.000,-3.38,68.85,16.55,-0.75,0.00,0.00,98,0,0,35.38,32.50,73.50,GRAZING
12:07:58.192,-3.38,68.85,16.55,-0.75,0.00,0.00,98,0,0,35.38,32.50,73.50,GRAZING
12:07:58.608,-3.38,68.85,16.55,-0.75,0.00,0.00,98,0,0,35.38,32.50,73.50,GRAZING
12:07:58.804,-3.38,68.85,16.55,-0.75,0.00,0.00,98,0,0,35.31,32.50,73.50,GRAZING
12:07:59.043,-3.38,68.85,16.55,-0.75,0.00,0.00,98,0,0,35.31,32.50,73.50,GRAZING
12:07:59.332,-3.38,68.85,16.55,-0.75,0.00,0.00,98,0,0,35.31,32.60,73.40,GRAZING
12:07:59.624,-3.38,68.85,16.55,-0.75,0.00,0.00,98,0,0,35.31,32.60,73.40,GRAZING
12:07:59.931,-3.38,68.85,16.55,-0.75,0.00,0.00,98,0,0,35.31,32.60,73.40,GRAZING
12:08:00.240,-3.38,68.85,16.55,-0.75,0.00,0.00,98,0,0,35.31,32.60,73.40,GRAZING
12:08:00.468,-3.38,68.85,16.55,-0.75,0.00,0.00,98,0,0,35.38,32.60,73.40,GRAZING
12:08:00.752,-3.38,68.85,16.55,-0.75,0.00,0.00,98,0,0,35.38,32.60,73.40,GRAZING
12:08:01.057,-3.38,68.85,16.55,-0.75,0.00,0.00,98,0,0,35.38,32.60,73.40,GRAZING
12:08:01.365,-3.38,68.85,16.55,-0.75,0.00,0.00,98,0,0,35.38,32.60,73.40,GRAZING
12:08:01.607,-3.38,68.85,16.55,-0.75,0.00,0.00,98,0,0,35.38,32.50,73.40,GRAZING
12:08:01.988,-3.38,68.85,16.55,-0.75,0.00,0.00,98,0,0,35.38,32.50,73.40,GRAZING
12:08:02.303,-3.38,68.85,16.55,-0.75,0.00,0.00,98,0,0,35.38,32.50,73.40,GRAZING
12:08:02.602,-3.38,68.85,16.55,-0.75,0.00,0.00,98,0,0,35.38,32.50,73.40,GRAZING
12:08:02.807,-3.38,68.85,16.55,-0.75,0.00,0.00,98,0,0,35.38,32.50,73.40,GRAZING
12:08:03.026,-3.38,68.85,16.55,-0.75,0.00,0.00,98,0,0,35.44,32.50,73.40,GRAZING
12:08:03.417,-3.38,68.85,16.55,-0.75,0.00,0.00,98,0,0,35.44,32.50,73.40,GRAZING
12:08:03.736,-3.38,68.85,16.55,-0.75,0.00,0.00,98,0,0,35.44,32.50,73.40,GRAZING
12:08:03.960,-3.38,68.85,16.55,-0.75,0.00,0.00,98,0,0,35.44,32.50,73.70,GRAZING
12:08:04.164,-3.38,68.85,16.55,-0.75,0.00,0.00,98,0,0,35.44,32.50,73.70,GRAZING
12:08:04.450,-3.38,68.85,16.55,-0.75,0.00,0.00,98,0,0,35.44,32.50,73.70,GRAZING
12:08:04.846,-3.38,68.85,16.55,-0.75,0.00,0.00,98,0,0,35.44,32.50,73.70,GRAZING
12:08:05.094,-3.38,68.85,16.55,-0.75,0.00,0.00,98,0,0,35.44,32.50,73.70,GRAZING
12:08:05.477,-3.38,68.85,16.55,-0.75,0.00,0.00,98,0,0,35.44,32.50,73.70,GRAZING
12:08:05.675,-3.38,68.85,16.55,-0.75,0.00,0.00,98,0,0,35.44,32.50,73.70,GRAZING
12:08:05.981,-3.38,68.85,16.55,-0.75,0.00,0.00,98,0,0,35.44,32.50,73.70,GRAZING
12:08:07.007,-3.38,68.85,16.55,-0.75,0.00,0.00,98,0,0,35.44,32.50,73.90,GRAZING
12:08:07.010,-3.38,68.85,16.55,-0.75,0.00,0.00,98,0,0,35.44,32.50,73.90,GRAZING
12:08:07.012,-3.38,68.85,16.55,-0.75,0.00,0.00,98,0,0,35.44,32.50,73.90,GRAZING
12:08:07.304,-3.38,68.85,16.55,-0.75,0.00,0.00,98,0,0,35.44,32.50,73.90,GRAZING
12:08:07.612,-3.38,68.85,16.55,-0.75,0.00,0.00,98,0,0,35.44,32.50,73.90,GRAZING
12:08:07.856,-3.38,68.85,16.55,-0.75,0.00,0.00,98,0,0,35.44,32.50,73.90,GRAZING
12:08:08.141,-3.38,68.85,16.55,-0.75,0.00,0.00,98,0,0,35.44,32.50,73.90,GRAZING
12:08:08.430,-3.38,68.85,16.55,-0.75,0.00,0.00,98,0,0,35.44,32.50,74.10,GRAZING
12:08:08.741,-3.38,68.85,16.55,-0.75,0.00,0.00,98,0,0,35.44,32.50,74.10,GRAZING
12:08:09.046,-3.38,68.85,16.55,-0.75,0.00,0.00,98,0,0,35.44,32.50,74.10,GRAZING
12:08:09.280,-3.38,68.85,16.55,-0.75,0.00,0.00,98,0,0,35.44,32.50,74.10,GRAZING
12:08:09.563,-3.38,68.85,16.55,-0.75,0.00,0.00,98,0,0,35.44,32.50,74.10,GRAZING
12:08:09.864,-3.38,68.85,16.55,-0.75,0.00,0.00,98,0,0,35.44,32.50,74.10,GRAZING
12:08:10.171,-3.38,68.85,16.55,-0.75,0.00,0.00,98,0,0,35.44,32.50,74.10,GRAZING
12:08:10.413,-3.38,68.85,16.55,-0.75,0.00,0.00,98,0,0,35.44,32.50,74.10,GRAZING
12:08:10.701,-3.38,68.85,16.55,-0.75,0.00,0.00,98,0,0,35.44,32.50,74.10,GRAZING
12:08:10.990,-3.38,68.85,16.55,-0.75,0.00,0.00,98,0,0,35.44,32.50,74.10,GRAZING
12:08:11.303,-3.38,68.85,16.55,-0.75,0.00,0.00,98,0,0,35.44,32.50,74.10,GRAZING
12:08:11.605,-3.38,68.85,16.55,-0.75,0.00,0.00,98,0,0,35.50,32.50,74.10,GRAZING
12:08:11.835,-3.38,68.85,16.55,-0.75,0.00,0.00,98,0,0,35.50,32.50,74.10,GRAZING
12:08:12.121,-3.38,68.85,16.55,-0.75,0.00,0.00,98,0,0,35.50,32.50,74.10,GRAZING
12:08:12.424,-3.38,68.85,16.55,-0.75,0.00,0.00,98,0,0,35.44,32.50,74.10,GRAZING
12:08:12.732,-3.38,68.85,16.55,-0.75,0.00,0.00,98,0,0,35.44,32.50,74.10,GRAZING
12:08:12.975,-3.38,68.85,16.55,-0.75,0.00,0.00,98,0,0,35.44,32.50,74.20,GRAZING
12:08:13.259,-3.38,68.85,16.55,-0.75,0.00,0.00,98,0,0,35.44,32.50,74.20,GRAZING
12:08:13.551,-3.38,68.85,16.55,-0.75,0.00,0.00,98,0,0,35.44,32.50,74.20,GRAZING
12:08:13.858,-3.38,68.85,16.55,-0.75,0.00,0.00,98,0,0,35.44,32.50,74.20,GRAZING
12:08:14.166,-3.38,68.85,16.55,-0.75,0.00,0.00,98,0,0,35.44,32.50,74.20,GRAZING
12:08:14.392,-3.38,68.85,16.55,-0.75,0.00,0.00,98,0,0,35.44,32.50,74.20,GRAZING
12:08:14.676,-3.38,68.85,16.55,-0.75,0.00,0.00,98,0,0,35.44,32.50,74.20,GRAZING
12:08:14.983,-3.38,68.85,16.55,-0.75,0.00,0.00,98,0,0,35.44,32.50,74.20,GRAZING
12:08:15.291,-3.38,68.85,16.55,-0.75,0.00,0.00,98,0,0,35.44,32.50,74.20,GRAZING
12:08:15.528,-3.38,68.85,16.55,-0.75,0.00,0.00,98,0,0,35.44,32.50,74.20,GRAZING
12:08:15.812,-3.38,68.85,16.55,-0.75,0.00,0.00,98,0,0,35.44,32.50,74.20,GRAZING
12:08:16.111,-3.38,68.85,16.55,-0.75,0.00,0.00,98,0,0,35.44,32.50,74.20,GRAZING
12:08:16.418,-3.38,68.85,16.55,-0.75,0.00,0.00,98,0,0,35.44,32.50,74.20,GRAZING
12:08:16.663,-3.38,68.85,16.55,-0.75,0.00,0.00,98,0,0,35.44,32.50,74.20,GRAZING
12:08:16.946,-3.38,68.85,16.55,-0.75,0.00,0.00,98,0,0,35.44,32.50,74.20,GRAZING
12:08:17.237,-3.38,68.85,16.55,-0.75,0.00,0.00,98,0,0,35.44,32.50,74.20,GRAZING
12:08:17.543,-3.38,68.85,16.55,-0.75,0.00,0.00,98,0,0,35.44,32.50,74.30,GRAZING
12:08:17.851,-3.38,68.85,16.55,-0.75,0.00,0.00,98,0,0,35.44,32.50,74.30,GRAZING
12:08:18.085,-3.38,68.85,16.55,-0.75,0.00,0.00,98,0,0,35.44,32.50,74.30,GRAZING
12:08:18.369,-3.38,68.85,16.55,-0.75,0.00,0.00,98,0,0,35.44,32.50,74.30,GRAZING
12:08:18.670,-3.38,68.85,16.55,-0.75,0.00,0.00,98,0,0,35.44,32.50,74.30,GRAZING
12:08:18.977,-3.38,68.85,16.55,-0.75,0.00,0.00,98,0,0,35.44,32.50,74.30,GRAZING
12:08:19.217,-3.38,68.85,16.55,-0.75,0.00,0.00,98,0,0,35.44,32.50,74.30,GRAZING
12:08:19.503,-3.38,68.85,16.55,-0.75,0.00,0.00,98,0,0,35.44,32.50,74.30,GRAZING
12:08:19.796,-3.38,68.85,16.55,-0.75,0.00,0.00,98,0,0,35.44,32.50,74.40,GRAZING
12:08:20.104,-3.38,68.85,16.55,-0.75,0.00,0.00,98,0,0,35.44,32.50,74.40,GRAZING
12:08:20.410,-3.38,68.85,16.55,-0.75,0.00,0.00,98,0,0,35.44,32.50,74.40,GRAZING
12:08:20.640,-3.38,68.85,16.55,-0.75,0.00,0.00,98,0,0,35.44,32.50,74.40,GRAZING
12:08:20.923,-3.38,68.85,16.55,-0.75,0.00,0.00,98,0,0,35.44,32.50,74.40,GRAZING
12:08:21.227,-3.38,68.85,16.55,-0.75,0.00,0.00,98,0,0,35.44,32.50,74.40,GRAZING
12:08:21.537,-3.38,68.85,16.55,-0.75,0.00,0.00,98,0,0,35.44,32.50,74.40,GRAZING
12:08:21.773,-3.38,68.85,16.55,-0.75,0.00,0.00,98,0,0,35.44,32.50,74.40,GRAZING
12:08:22.061,-3.38,68.85,16.55,-0.75,0.00,0.00,98,0,0,35.44,32.50,74.10,GRAZING
12:08:22.357,-3.38,68.85,16.55,-0.75,0.00,0.00,98,0,0,35.44,32.50,74.10,GRAZING
12:08:22.664,-3.38,68.85,16.55,-0.75,0.00,0.00,98,0,0,35.44,32.50,74.10,GRAZING
12:08:22.911,-3.38,68.85,16.55,-0.75,0.00,0.00,98,0,0,35.44,32.50,74.10,GRAZING
12:08:23.195,-3.38,68.85,16.55,-0.75,0.00,0.00,98,0,0,35.44,32.50,74.10,GRAZING
12:08:23.483,-3.38,68.85,16.55,-0.75,0.00,0.00,98,0,0,35.44,32.50,74.10,GRAZING
12:08:23.790,-3.38,68.85,16.55,-0.75,0.00,0.00,98,0,0,35.44,32.50,74.10,GRAZING
12:08:24.098,-3.38,68.85,16.55,-0.75,0.00,0.00,98,0,0,35.44,32.50,74.10,GRAZING
12:08:24.334,-3.38,68.85,16.55,-0.75,0.00,0.00,98,0,0,35.44,32.50,73.90,GRAZING
12:08:24.618,-3.38,68.85,16.55,-0.75,0.00,0.00,98,0,0,35.44,32.50,73.90,GRAZING
12:08:24.916,-3.38,68.85,16.55,-0.75,0.00,0.00,98,0,0,35.44,32.50,73.90,GRAZING
12:08:25.224,-3.38,68.85,16.55,-0.75,0.00,0.00,98,0,0,35.44,32.50,73.90,GRAZING
12:08:25.467,-3.38,68.85,16.55,-0.75,0.00,0.00,98,0,0,35.44,32.50,73.90,GRAZING
12:08:25.750,-3.38,68.85,16.55,-0.75,0.00,0.00,98,0,0,35.44,32.50,73.90,GRAZING
12:08:26.044,-3.38,68.85,16.55,-0.75,0.00,0.00,98,0,0,35.50,32.50,73.90,GRAZING
12:08:26.351,-3.38,68.85,16.55,-0.75,0.00,0.00,98,0,0,35.50,32.50,73.90,GRAZING
12:08:26.658,-3.38,68.85,16.55,-0.75,0.00,0.00,98,0,0,35.50,32.50,73.50,GRAZING
12:08:26.889,-3.38,68.85,16.55,-0.75,0.00,0.00,98,0,0,35.50,32.50,73.50,GRAZING
12:08:27.173,-3.38,68.85,16.55,-0.75,0.00,0.00,98,0,0,35.50,32.50,73.50,GRAZING
12:08:27.477,-3.38,68.85,16.55,-0.75,0.00,0.00,98,0,0,35.50,32.50,73.50,GRAZING
12:08:27.783,-3.38,68.85,16.55,-0.75,0.00,0.00,98,0,0,35.50,32.50,73.50,GRAZING
12:08:28.023,-3.38,68.85,16.55,-0.75,0.00,0.00,98,0,0,35.50,32.50,73.50,GRAZING
12:08:28.306,-3.38,68.85,16.55,-0.75,0.00,0.00,98,0,0,35.50,32.50,73.50,GRAZING
12:08:28.604,-3.38,68.85,16.55,-0.75,0.00,0.00,98,0,0,35.50,32.50,73.50,GRAZING
12:08:28.910,-3.38,68.85,16.55,-0.75,0.00,0.00,98,0,0,35.50,32.50,73.30,GRAZING
12:08:29.218,-3.38,68.85,16.55,-0.75,0.00,0.00,98,0,0,35.50,32.50,73.30,GRAZING
12:08:29.443,-3.38,68.85,16.55,-0.75,0.00,0.00,98,0,0,35.50,32.50,73.30,GRAZING
12:08:29.729,-3.38,68.85,16.55,-0.75,0.00,0.00,98,0,0,35.50,32.50,73.30,GRAZING
12:08:30.037,-3.38,68.85,16.55,-0.75,0.00,0.00,98,0,0,35.50,32.50,73.30,GRAZING
12:08:30.344,-3.38,68.85,16.55,-0.75,0.00,0.00,98,0,0,35.50,32.50,73.30,GRAZING
12:08:30.578,-3.38,68.85,16.55,-0.75,0.00,0.00,98,0,0,35.50,32.50,73.30,GRAZING
12:08:30.863,-3.38,68.85,16.55,-0.75,0.00,0.00,98,0,0,35.50,32.50,73.30,GRAZING
12:08:31.163,-3.38,68.85,16.55,-0.75,0.00,0.00,98,0,0,35.50,32.40,73.00,GRAZING
12:08:31.470,-3.38,68.85,16.55,-0.75,0.00,0.00,98,0,0,35.50,32.40,73.00,GRAZING
12:08:31.718,-3.38,68.85,16.55,-0.75,0.00,0.00,98,0,0,35.50,32.40,73.00,GRAZING
12:08:32.001,-3.38,68.85,16.55,-0.75,0.00,0.00,98,0,0,35.50,32.40,73.00,GRAZING
12:08:32.289,-3.38,68.85,16.55,-0.75,0.00,0.00,98,0,0,35.50,32.40,73.00,GRAZING
12:08:32.597,-3.38,68.85,16.55,-0.75,0.00,0.00,98,0,0,35.50,32.40,73.00,GRAZING
12:08:32.903,-3.38,68.85,16.55,-0.75,0.00,0.00,98,0,0,35.50,32.40,73.00,GRAZING
12:08:33.135,-3.38,68.85,16.55,-0.75,0.00,0.00,98,0,0,35.50,32.40,73.00,GRAZING
12:08:33.423,-3.38,68.85,16.55,-0.75,0.00,0.00,98,0,0,35.50,32.40,73.00,GRAZING
12:08:33.725,-3.38,68.85,16.55,-0.75,0.00,0.00,98,0,0,35.56,32.40,73.00,GRAZING
12:08:34.038,-3.38,68.85,16.55,-0.75,0.00,0.00,98,0,0,35.56,32.40,73.00,GRAZING
12:08:34.272,-3.38,68.85,16.55,-0.75,0.00,0.00,98,0,0,35.56,32.40,73.00,GRAZING
12:08:34.557,-3.38,68.85,16.55,-0.75,0.00,0.00,98,0,0,35.50,32.40,73.00,GRAZING
12:08:34.859,-3.38,68.85,16.55,-0.75,0.00,0.00,98,0,0,35.50,32.40,73.00,GRAZING
12:08:35.158,-3.38,68.85,16.55,-0.75,0.00,0.00,98,0,0,35.50,32.40,73.00,GRAZING
12:08:35.465,-3.38,68.85,16.55,-0.75,0.00,0.00,98,0,0,35.50,32.40,73.00,GRAZING
12:08:35.696,-3.38,68.85,16.55,-0.75,0.00,0.00,98,0,0,35.50,32.40,73.30,GRAZING
12:08:35.979,-3.38,68.85,16.55,-0.75,0.00,0.00,98,0,0,35.50,32.40,73.30,GRAZING
12:08:36.284,-3.38,68.85,16.55,-0.75,0.00,0.00,98,0,0,35.50,32.40,73.30,GRAZING
12:08:36.591,-3.38,68.85,16.55,-0.75,0.00,0.00,98,0,0,35.50,32.40,73.30,GRAZING
12:08:36.831,-3.38,68.85,16.55,-0.75,0.00,0.00,98,0,0,35.50,32.40,73.30,GRAZING
12:08:37.113,-3.38,68.85,16.55,-0.75,0.00,0.00,98,0,0,35.50,32.40,73.30,GRAZING
12:08:37.410,-3.38,68.85,16.55,-0.75,0.00,0.00,98,0,0,35.50,32.40,73.30,GRAZING
12:08:37.716,-3.38,68.85,16.55,-0.75,0.00,0.00,98,0,0,35.50,32.40,73.30,GRAZING
12:08:38.025,-3.38,68.85,16.55,-0.75,0.00,0.00,98,0,0,35.50,32.40,73.60,GRAZING
12:08:38.253,-3.38,68.85,16.55,-0.75,0.00,0.00,98,0,0,35.50,32.40,73.60,GRAZING
12:08:38.538,-3.38,68.85,16.55,-0.75,0.00,0.00,98,0,0,35.50,32.40,73.60,GRAZING
12:08:38.844,-3.38,68.85,16.55,-0.75,0.00,0.00,98,0,0,35.50,32.40,73.60,GRAZING
12:08:39.151,-3.38,68.85,16.55,-0.75,0.00,0.00,98,0,0,35.50,32.40,73.60,GRAZING
12:08:39.388,-3.38,68.85,16.55,-0.75,0.00,0.00,98,0,0,35.50,32.40,73.60,GRAZING
12:08:39.672,-3.38,68.85,16.55,-0.75,0.00,0.00,98,0,0,35.50,32.40,73.60,GRAZING
12:08:39.969,-3.38,68.85,16.55,-0.75,0.00,0.00,98,0,0,35.50,32.40,73.60,GRAZING
12:08:40.277,-3.38,68.85,16.55,-0.75,0.00,0.00,98,0,0,35.50,32.40,73.50,GRAZING
12:08:40.584,-3.38,68.85,16.55,-0.75,0.00,0.00,98,0,0,35.50,32.40,73.50,GRAZING
12:08:40.810,-3.38,68.85,16.55,-0.75,0.00,0.00,98,0,0,35.50,32.40,73.50,GRAZING
12:08:41.095,-3.38,68.85,16.55,-0.75,0.00,0.00,98,0,0,35.50,32.40,73.50,GRAZING
12:08:41.403,-3.38,68.85,16.55,-0.75,0.00,0.00,98,0,0,35.44,32.40,73.50,GRAZING
12:08:41.710,-3.38,68.85,16.55,-0.75,0.00,0.00,98,0,0,35.44,32.40,73.50,GRAZING
12:08:41.943,-3.38,68.85,16.55,-0.75,0.00,0.00,98,0,0,35.44,32.40,73.50,GRAZING
12:08:42.228,-3.38,68.85,16.55,-0.75,0.00,0.00,98,0,0,35.44,32.40,73.50,GRAZING
12:08:42.530,-3.38,68.85,16.55,-0.75,0.00,0.00,98,0,0,35.44,32.30,73.80,GRAZING
12:08:42.849,-3.38,68.85,16.55,-0.75,0.00,0.00,98,0,0,35.44,32.30,73.80,GRAZING
12:08:43.083,-3.38,68.85,16.55,-0.75,0.00,0.00,98,0,0,35.44,32.30,73.80,GRAZING
12:08:43.367,-3.38,68.85,16.55,-0.75,0.00,0.00,98,0,0,35.44,32.30,73.80,GRAZING
12:08:43.656,-3.38,68.85,16.55,-0.75,0.00,0.00,98,0,0,35.44,32.30,73.80,GRAZING
12:08:43.963,-3.38,68.85,16.55,-0.75,0.00,0.00,98,0,0,35.44,32.30,73.80,GRAZING
12:08:44.271,-3.38,68.85,16.55,-0.75,0.00,0.00,98,0,0,35.44,32.30,73.80,GRAZING
12:08:44.499,-3.38,68.85,16.55,-0.75,0.00,0.00,98,0,0,35.44,32.30,73.80,GRAZING
12:08:44.787,-3.38,68.85,16.55,-0.75,0.00,0.00,98,0,0,35.38,32.30,73.50,GRAZING
12:08:45.090,-3.38,68.85,16.55,-0.75,0.00,0.00,98,0,0,35.38,32.30,73.50,GRAZING
12:08:45.396,-3.38,68.85,16.55,-0.75,0.00,0.00,98,0,0,35.38,32.30,73.50,GRAZING
12:08:45.637,-3.38,68.85,16.55,-0.75,0.00,0.00,98,0,0,35.44,32.30,73.50,GRAZING
12:08:45.921,-3.38,68.85,16.55,-0.75,0.00,0.00,98,0,0,35.44,32.30,73.50,GRAZING
12:08:46.216,-3.38,68.85,16.55,-0.75,0.00,0.00,98,0,0,35.44,32.30,73.50,GRAZING
12:08:46.522,-3.38,68.85,16.55,-0.75,0.00,0.00,98,0,0,35.38,32.30,73.50,GRAZING
12:08:46.771,-3.38,68.85,16.55,-0.75,0.00,0.00,98,0,0,35.38,32.30,73.50,GRAZING
12:08:47.061,-3.38,68.85,16.55,-0.75,0.00,0.00,98,0,0,35.38,32.30,73.80,GRAZING
12:08:47.355,-3.38,68.85,16.55,-0.75,0.00,0.00,98,0,0,35.38,32.30,73.80,GRAZING
12:08:47.650,-3.38,68.85,16.55,-0.75,0.00,0.00,98,0,0,35.38,32.30,73.80,GRAZING
12:08:47.957,-3.38,68.85,16.55,-0.75,0.00,0.00,98,0,0,35.38,32.30,73.80,GRAZING
12:08:48.198,-3.38,68.85,16.55,-0.75,0.00,0.00,98,0,0,35.38,32.30,73.80,GRAZING
12:08:48.482,-3.38,68.85,16.55,-0.75,0.00,0.00,98,0,0,35.38,32.30,73.80,GRAZING
12:08:48.775,-3.38,68.85,16.55,-0.75,0.00,0.00,98,0,0,35.38,32.30,73.80,GRAZING
12:08:49.083,-3.38,68.85,16.55,-0.75,0.00,0.00,98,0,0,35.38,32.30,73.80,GRAZING
12:08:49.390,-3.38,68.85,16.55,-0.75,0.00,0.00,98,0,0,35.38,32.20,73.90,GRAZING
12:08:49.621,-3.38,68.85,16.55,-0.75,0.00,0.00,98,0,0,35.38,32.20,73.90,GRAZING
12:08:49.905,-3.38,68.85,16.55,-0.75,0.00,0.00,98,0,0,35.31,32.20,73.90,GRAZING
12:08:50.209,-3.38,68.85,16.55,-0.75,0.00,0.00,98,0,0,35.31,32.20,73.90,GRAZING
12:08:50.516,-3.38,68.85,16.55,-0.75,0.00,0.00,98,0,0,35.31,32.20,73.90,GRAZING
12:08:50.755,-3.38,68.85,16.55,-0.75,0.00,0.00,98,0,0,35.38,32.20,73.90,GRAZING
12:08:51.039,-3.38,68.85,16.55,-0.75,0.00,0.00,98,0,0,35.38,32.20,73.90,GRAZING
12:08:51.336,-3.38,68.85,16.55,-0.75,0.00,0.00,98,0,0,35.38,32.20,73.90,GRAZING
12:08:51.643,-3.38,68.85,16.55,-0.75,0.00,0.00,98,0,0,35.38,32.20,74.20,GRAZING
12:08:51.959,-3.38,68.85,16.55,-0.75,0.00,0.00,98,0,0,35.38,32.20,74.20,GRAZING
12:08:52.178,-3.38,68.85,16.55,-0.75,0.00,0.00,98,0,0,35.38,32.20,74.20,GRAZING
12:08:52.462,-3.38,68.85,16.55,-0.75,0.00,0.00,98,0,0,35.38,32.20,74.20,GRAZING
12:08:52.779,-3.38,68.85,16.55,-0.75,0.00,0.00,98,0,0,35.38,32.20,74.20,GRAZING
12:08:53.077,-3.38,68.85,16.55,-0.75,0.00,0.00,98,0,0,35.38,32.20,74.20,GRAZING
12:08:53.311,-3.38,68.85,16.55,-0.75,0.00,0.00,98,0,0,35.38,32.20,74.20,GRAZING
12:08:53.595,-3.38,68.85,16.55,-0.75,0.00,0.00,98,0,0,35.38,32.20,74.20,GRAZING
12:08:53.903,-3.38,68.85,16.55,-0.75,0.00,0.00,98,0,0,35.38,32.30,74.50,GRAZING
12:08:54.203,-3.38,68.85,16.55,-0.75,0.00,0.00,98,0,0,35.38,32.30,74.50,GRAZING
12:08:54.451,-3.38,68.85,16.55,-0.75,0.00,0.00,98,0,0,35.38,32.30,74.50,GRAZING
12:08:54.738,-3.38,68.85,16.55,-0.75,0.00,0.00,98,0,0,35.38,32.30,74.50,GRAZING
12:08:55.022,-3.38,68.85,16.55,-0.75,0.00,0.00,98,0,0,35.38,32.30,74.50,GRAZING
12:08:55.329,-3.38,68.85,16.55,-0.75,0.00,0.00,98,0,0,35.38,32.30,74.50,GRAZING
12:08:55.636,-3.38,68.85,16.55,-0.75,0.00,0.00,98,0,0,35.38,32.30,74.50,GRAZING
12:08:55.868,-3.38,68.85,16.55,-0.75,0.00,0.00,98,0,0,35.38,32.30,74.50,GRAZING
12:08:56.156,-3.38,68.85,16.55,-0.75,0.00,0.00,98,0,0,35.38,32.20,74.90,GRAZING
12:08:56.456,-3.38,68.85,16.55,-0.75,0.00,0.00,98,0,0,35.38,32.20,74.90,GRAZING
12:08:56.763,-3.38,68.85,16.55,-0.75,0.00,0.00,98,0,0,35.38,32.20,74.90,GRAZING
12:08:57.007,-3.38,68.85,16.55,-0.75,0.00,0.00,98,0,0,35.38,32.20,74.90,GRAZING
12:08:57.292,-3.38,68.85,16.55,-0.75,0.00,0.00,98,0,0,35.38,32.20,74.90,GRAZING
12:08:57.584,-3.38,68.85,16.55,-0.75,0.00,0.00,98,0,0,35.44,32.20,74.90,GRAZING
12:08:57.894,-3.38,68.85,16.55,-0.75,0.00,0.00,98,0,0,35.44,32.20,74.90,GRAZING
12:08:58.207,-3.38,68.85,16.55,-0.75,0.00,0.00,98,0,0,35.44,32.20,74.90,GRAZING
12:08:58.431,-3.38,68.85,16.55,-0.75,0.00,0.00,98,0,0,35.44,32.20,75.30,GRAZING
12:08:58.713,-3.38,68.85,16.55,-0.75,0.00,0.00,98,0,0,35.44,32.20,75.30,GRAZING
12:08:59.016,-3.38,68.85,16.55,-0.75,0.00,0.00,98,0,0,35.44,32.20,75.30,GRAZING
12:08:59.329,-3.38,68.85,16.55,-0.75,0.00,0.00,98,0,0,35.44,32.20,75.30,GRAZING
12:08:59.564,-3.38,68.85,16.55,-0.75,0.00,0.00,98,0,0,35.44,32.20,75.30,GRAZING
12:08:59.849,-3.38,68.85,16.55,-0.75,0.00,0.00,98,0,0,35.44,32.20,75.30,GRAZING
12:09:00.150,-3.38,68.85,16.55,-0.75,0.00,0.00,98,0,0,35.38,32.20,75.30,GRAZING
12:09:00.448,-3.38,68.85,16.55,-0.75,0.00,0.00,98,0,0,35.38,32.20,75.30,GRAZING
12:09:00.757,-3.38,68.85,16.55,-0.75,0.00,0.00,98,0,0,35.38,32.30,75.00,GRAZING
12:09:00.986,-3.38,68.85,16.55,-0.75,0.00,0.00,98,0,0,35.44,32.30,75.00,GRAZING
12:09:01.272,-3.38,68.85,16.55,-0.75,0.00,0.00,98,0,0,35.44,32.30,75.00,GRAZING
12:09:01.576,-3.38,68.85,16.55,-0.75,0.00,0.00,98,0,0,35.44,32.30,75.00,GRAZING
12:09:01.884,-3.38,68.85,16.55,-0.75,0.00,0.00,98,0,0,35.44,32.30,75.00,GRAZING
12:09:02.120,-3.38,68.85,16.55,-0.75,0.00,0.00,98,0,0,35.44,32.30,75.00,GRAZING
12:09:02.404,-3.38,68.85,16.55,-0.75,0.00,0.00,98,0,0,35.44,32.30,75.00,GRAZING
12:09:02.702,-3.38,68.85,16.55,-0.75,0.00,0.00,98,0,0,35.44,32.30,75.00,GRAZING
12:09:03.010,-3.38,68.85,16.55,-0.75,0.00,0.00,98,0,0,35.44,32.30,74.80,GRAZING
12:09:03.316,-3.38,68.85,16.55,-0.75,0.00,0.00,98,0,0,35.44,32.30,74.80,GRAZING
12:09:03.541,-3.38,68.85,16.55,-0.75,0.00,0.00,98,0,0,35.44,32.30,74.80,GRAZING
12:09:03.829,-3.38,68.85,16.55,-0.75,0.00,0.00,98,0,0,35.44,32.30,74.80,GRAZING
12:09:04.136,-3.38,68.85,16.55,-0.75,0.00,0.00,98,0,0,35.44,32.30,74.80,GRAZING
12:09:04.443,-3.38,68.85,16.55,-0.75,0.00,0.00,98,0,0,35.44,32.30,74.80,GRAZING
12:09:04.676,-3.38,68.85,16.55,-0.75,0.00,0.00,98,0,0,35.44,32.30,74.80,GRAZING
12:09:04.961,-3.38,68.85,16.55,-0.75,0.00,0.00,98,0,0,35.44,32.30,74.80,GRAZING
12:09:05.269,-3.38,68.85,16.55,-0.75,0.00,0.00,98,0,0,35.44,32.20,74.70,GRAZING
12:09:05.571,-3.38,68.85,16.55,-0.75,0.00,0.00,98,0,0,35.44,32.20,74.70,GRAZING
12:09:05.816,-3.38,68.85,16.55,-0.75,0.00,0.00,98,0,0,35.44,32.20,74.70,GRAZING
12:09:06.100,-3.38,68.85,16.55,-0.75,0.00,0.00,98,0,0,35.44,32.20,74.70,GRAZING
12:09:06.402,-3.38,68.85,16.55,-0.75,0.00,0.00,98,0,0,35.44,32.20,74.70,GRAZING
12:09:06.695,-3.38,68.85,16.55,-0.75,0.00,0.00,98,0,0,35.44,32.20,74.70,GRAZING
12:09:07.003,-3.38,68.85,16.55,-0.75,0.00,0.00,98,0,0,35.44,32.20,74.70,GRAZING
12:09:07.235,-3.38,68.85,16.55,-0.75,0.00,0.00,98,0,0,35.44,32.20,74.70,GRAZING
12:09:07.523,-3.38,68.85,16.55,-0.75,0.00,0.00,98,0,0,35.44,32.30,74.80,GRAZING
12:09:07.822,-3.38,68.85,16.55,-0.75,0.00,0.00,98,0,0,35.50,32.30,74.80,GRAZING
12:09:08.131,-3.38,68.85,16.55,-0.75,0.00,0.00,98,0,0,35.50,32.30,74.80,GRAZING
12:09:08.375,-3.38,68.85,16.55,-0.75,0.00,0.00,98,0,0,35.50,32.30,74.80,GRAZING
12:09:08.658,-3.38,68.85,16.55,-0.75,0.00,0.00,98,0,0,35.50,32.30,74.80,GRAZING
12:09:08.949,-3.38,68.85,16.55,-0.75,0.00,0.00,98,0,0,35.50,32.30,74.80,GRAZING
12:09:09.257,-3.38,68.85,16.55,-0.75,0.00,0.00,98,0,0,35.50,32.30,74.80,GRAZING
12:09:09.574,-3.38,68.85,16.55,-0.75,0.00,0.00,98,0,0,35.50,32.30,74.80,GRAZING
12:09:09.797,-3.38,68.85,16.55,-0.75,0.00,0.00,98,0,0,35.50,32.30,74.70,GRAZING
12:09:10.097,-3.38,68.85,16.55,-0.75,0.00,0.00,98,0,0,35.50,32.30,74.70,GRAZING
12:09:10.383,-3.38,68.85,16.55,-0.75,0.00,0.00,98,0,0,35.50,32.30,74.70,GRAZING
12:09:10.690,-3.38,68.85,16.55,-0.75,0.00,0.00,98,0,0,35.50,32.30,74.70,GRAZING
12:09:10.930,-3.38,68.85,16.55,-0.75,0.00,0.00,98,0,0,35.50,32.30,74.70,GRAZING
12:09:11.213,-3.38,68.85,16.55,-0.75,0.00,0.00,98,0,0,35.50,32.30,74.70,GRAZING
12:09:11.509,-3.38,68.85,16.55,-0.75,0.00,0.00,98,0,0,35.50,32.30,74.70,GRAZING
12:09:11.817,-3.38,68.85,16.55,-0.75,0.00,0.00,98,0,0,35.50,32.30,74.70,GRAZING
12:09:12.123,-3.38,68.85,16.55,-0.75,0.00,0.00,98,0,0,35.50,32.30,74.80,GRAZING
12:09:12.352,-3.38,68.85,16.55,-0.75,0.00,0.00,98,0,0,35.50,32.30,74.80,GRAZING
12:09:12.637,-3.38,68.85,16.55,-0.75,0.00,0.00,98,0,0,35.50,32.30,74.80,GRAZING
12:09:12.942,-3.38,68.85,16.55,-0.75,0.00,0.00,98,0,0,35.50,32.30,74.80,GRAZING
12:09:13.250,-3.38,68.85,16.55,-0.75,0.00,0.00,98,0,0,35.50,32.30,74.80,GRAZING
12:09:13.487,-3.38,68.85,16.55,-0.75,0.00,0.00,98,0,0,35.50,32.30,74.80,GRAZING
12:09:13.769,-3.38,68.85,16.55,-0.75,0.00,0.00,98,0,0,35.56,32.30,74.80,GRAZING
12:09:14.069,-3.38,68.85,16.55,-0.75,0.00,0.00,98,0,0,35.56,32.30,74.80,GRAZING
12:09:14.375,-3.38,68.85,16.55,-0.75,0.00,0.00,98,0,0,35.56,32.30,74.80,GRAZING
12:09:14.624,-3.38,68.85,16.55,-0.75,0.00,0.00,98,0,0,35.56,32.30,74.80,GRAZING
12:09:14.908,-3.38,68.85,16.55,-0.75,0.00,0.00,98,0,0,35.56,32.30,74.80,GRAZING
12:09:15.195,-3.38,68.85,16.55,-0.75,0.00,0.00,98,0,0,35.56,32.30,74.80,GRAZING
12:09:15.502,-3.38,68.85,16.55,-0.75,0.00,0.00,98,0,0,35.56,32.30,74.80,GRAZING
12:09:15.809,-3.38,68.85,16.55,-0.75,0.00,0.00,98,0,0,35.56,32.30,74.80,GRAZING
12:09:16.040,-3.38,68.85,16.55,-0.75,0.00,0.00,98,0,0,35.56,32.30,74.80,GRAZING
12:09:16.325,-3.38,68.85,16.55,-0.75,0.00,0.00,98,0,0,35.56,32.30,74.80,GRAZING
12:09:16.630,-3.38,68.85,16.55,-0.75,0.00,0.00,98,0,0,35.56,32.30,74.60,GRAZING
12:09:16.937,-3.38,68.85,16.55,-0.75,0.00,0.00,98,0,0,35.56,32.30,74.60,GRAZING
12:09:17.180,-3.38,68.85,16.55,-0.75,0.00,0.00,98,0,0,35.56,32.30,74.60,GRAZING
12:09:17.463,-3.38,68.85,16.55,-0.75,0.00,0.00,98,0,0,35.56,32.30,74.60,GRAZING
12:09:17.755,-3.38,68.85,16.55,-0.75,0.00,0.00,98,0,0,35.56,32.30,74.60,GRAZING
12:09:18.062,-3.38,68.85,16.55,-0.75,0.00,0.00,98,0,0,35.56,32.30,74.60,GRAZING
12:09:18.369,-3.38,68.85,16.55,-0.75,0.00,0.00,98,0,0,35.56,32.30,74.60,GRAZING
12:09:18.596,-3.38,68.85,16.55,-0.75,0.00,0.00,98,0,0,35.56,32.30,74.60,GRAZING
12:09:18.884,-3.38,68.85,16.55,-0.75,0.00,0.00,98,0,0,35.50,32.30,74.50,GRAZING
12:09:19.188,-3.38,68.85,16.55,-0.75,0.00,0.00,98,0,0,35.50,32.30,74.50,GRAZING
12:09:19.496,-3.38,68.85,16.55,-0.75,0.00,0.00,98,0,0,35.50,32.30,74.50,GRAZING
12:09:19.733,-3.38,68.85,16.55,-0.75,0.00,0.00,98,0,0,35.56,32.30,74.50,GRAZING
12:09:20.018,-3.38,68.85,16.55,-0.75,0.00,0.00,98,0,0,35.56,32.30,74.50,GRAZING
12:09:20.315,-3.38,68.85,16.55,-0.75,0.00,0.00,98,0,0,35.56,32.30,74.50,GRAZING
12:09:20.622,-3.38,68.85,16.55,-0.75,0.00,0.00,98,0,0,35.56,32.30,74.50,GRAZING
12:09:20.868,-3.38,68.85,16.55,-0.75,0.00,0.00,98,0,0,35.56,32.30,74.50,GRAZING
12:09:21.157,-3.38,68.85,16.55,-0.75,0.00,0.00,98,0,0,35.56,32.30,74.50,GRAZING
12:09:21.441,-3.38,68.85,16.55,-0.75,0.00,0.00,98,0,0,35.56,32.30,74.50,GRAZING
12:09:21.750,-3.38,68.85,16.55,-0.75,0.00,0.00,98,0,0,35.56,32.30,74.50,GRAZING
12:09:22.056,-3.38,68.85,16.55,-0.75,0.00,0.00,98,0,0,35.56,32.30,74.50,GRAZING
12:09:22.289,-3.38,68.85,16.55,-0.75,0.00,0.00,98,0,0,35.56,32.30,74.50,GRAZING
12:09:22.573,-3.38,68.85,16.55,-0.75,0.00,0.00,98,0,0,35.56,32.30,74.50,GRAZING
12:09:22.875,-3.38,68.85,16.55,-0.75,0.00,0.00,98,0,0,35.56,32.30,74.50,GRAZING
12:09:23.188,-3.38,68.85,16.55,-0.75,0.00,0.00,98,0,0,35.62,32.30,74.50,GRAZING
12:09:23.427,-3.38,68.85,16.55,-0.75,0.00,0.00,98,0,0,35.62,32.30,74.50,GRAZING
12:09:23.712,-3.38,68.85,16.55,-0.75,0.00,0.00,98,0,0,35.62,32.30,74.50,GRAZING
12:09:24.001,-3.38,68.85,16.55,-0.75,0.00,0.00,98,0,0,35.62,32.30,74.50,GRAZING
12:09:24.309,10.11,68.85,16.55,-0.75,0.00,0.00,98,0,0,35.62,32.30,74.50,GRAZING
12:09:24.616,-3.38,68.85,16.55,-0.75,0.00,0.00,98,0,0,35.62,32.30,74.50,GRAZING
12:09:24.846,-3.38,68.85,16.55,-0.75,0.00,0.00,98,0,0,35.56,32.30,74.50,GRAZING
12:09:25.128,-3.38,68.85,16.55,-0.75,0.00,0.00,98,0,0,35.56,32.30,74.50,GRAZING
12:09:25.435,-3.38,68.85,16.55,-0.75,0.00,0.00,98,0,0,35.56,32.30,74.50,GRAZING
12:09:25.743,-3.38,68.85,16.55,-0.75,0.00,0.00,98,0,0,35.62,32.30,74.40,GRAZING
12:09:25.985,-3.38,68.85,16.55,-0.75,0.00,0.00,98,0,0,35.62,32.30,74.40,GRAZING
12:09:26.269,-3.38,68.85,16.55,-0.75,0.00,0.00,98,0,0,35.62,32.30,74.40,GRAZING
12:09:26.562,-3.38,68.85,16.55,-0.75,0.00,0.00,98,0,0,35.62,32.30,74.40,GRAZING
12:09:26.869,-3.38,68.85,16.55,-0.75,0.00,0.00,98,0,0,35.62,32.30,74.40,GRAZING
12:09:27.176,-3.38,68.85,16.55,-0.75,0.00,0.00,98,0,0,35.62,32.30,74.40,GRAZING
12:09:27.403,-3.38,68.85,16.55,-0.75,0.00,0.00,98,0,0,35.62,32.30,74.40,GRAZING
12:09:27.688,-3.38,68.85,16.55,-0.75,0.00,0.00,98,0,0,35.62,32.30,74.40,GRAZING
12:09:27.995,-3.38,68.85,16.55,-0.75,0.00,0.00,98,0,0,35.62,32.30,74.50,GRAZING
12:09:28.302,-3.38,68.85,16.55,-0.75,0.00,0.00,98,0,0,35.69,32.30,74.50,GRAZING
12:09:28.543,-3.38,68.85,16.55,-0.75,0.00,0.00,98,0,0,35.69,32.30,74.50,GRAZING
12:09:28.826,-3.38,68.85,16.55,-0.75,0.00,0.00,98,0,0,35.69,32.30,74.50,GRAZING
12:09:29.122,-3.38,68.85,16.55,-0.75,0.00,0.00,98,0,0,35.69,32.30,74.50,GRAZING
12:09:29.428,-3.38,68.85,16.55,-0.75,0.00,0.00,98,0,0,35.69,32.30,74.50,GRAZING
12:09:29.675,-3.38,68.85,16.55,-0.75,0.00,0.00,98,0,0,35.69,32.30,74.50,GRAZING
12:09:29.958,-3.38,68.85,16.55,-0.75,0.00,0.00,98,0,0,35.69,32.30,74.50,GRAZING
12:09:30.247,-3.38,68.85,16.55,-0.75,0.00,0.00,98,0,0,35.69,32.20,74.90,GRAZING
12:09:30.555,-3.38,68.85,16.55,-0.75,0.00,0.00,98,0,0,35.69,32.20,74.90,GRAZING
12:09:30.862,-3.38,68.85,16.55,-0.75,0.00,0.00,98,0,0,35.69,32.20,74.90,GRAZING
12:09:31.095,-3.38,68.85,16.55,-0.75,0.00,0.00,98,0,0,35.69,32.20,74.90,GRAZING
12:09:31.380,-3.38,68.85,16.55,-0.75,0.00,0.00,98,0,0,35.69,32.20,74.90,GRAZING
12:09:31.682,-3.38,68.85,16.55,-0.75,0.00,0.00,98,0,0,35.75,32.20,74.90,GRAZING
12:09:31.990,-3.38,68.85,16.55,-0.75,0.00,0.00,98,0,0,35.75,32.20,74.90,GRAZING
12:09:32.231,-3.38,68.85,16.55,-0.75,0.00,0.00,98,0,0,35.75,32.20,74.90,GRAZING
12:09:32.522,-3.38,68.85,16.55,-0.75,0.00,0.00,98,0,0,35.69,32.30,75.40,GRAZING
12:09:32.808,-3.38,68.85,16.55,-0.75,0.00,0.00,98,0,0,35.69,32.30,75.40,GRAZING
12:09:33.115,-3.38,68.85,16.55,-0.75,0.00,0.00,98,0,0,35.69,32.30,75.40,GRAZING
12:09:33.422,-3.38,68.85,16.55,-0.75,0.00,0.00,98,0,0,35.69,32.30,75.40,GRAZING
12:09:33.653,-3.38,68.85,16.55,-0.75,0.00,0.00,98,0,0,35.69,32.30,75.40,GRAZING
12:09:33.937,-3.38,68.85,16.55,-0.75,0.00,0.00,98,0,0,35.69,32.30,75.40,GRAZING
12:09:34.242,-3.38,68.85,16.55,-0.75,0.00,0.00,98,0,0,35.69,32.30,75.40,GRAZING
12:09:34.549,-3.38,68.85,16.55,-0.75,0.00,0.00,98,0,0,35.69,32.30,75.40,GRAZING
12:09:34.794,-3.38,68.85,16.55,-0.75,0.00,0.00,98,0,0,35.69,32.30,75.90,GRAZING
12:09:35.079,-3.38,68.85,16.55,-0.75,0.00,0.00,98,0,0,35.75,32.30,75.90,GRAZING
12:09:35.368,-3.38,68.85,16.55,-0.75,0.00,0.00,98,0,0,35.75,32.30,75.90,GRAZING
12:09:35.676,-3.38,68.85,16.55,-0.75,0.00,0.00,98,0,0,35.75,32.30,75.90,GRAZING
12:09:35.982,-3.38,68.85,16.55,-0.75,0.00,0.00,98,0,0,35.69,32.30,75.90,GRAZING
12:09:36.213,-3.38,68.85,16.55,-0.75,0.00,0.00,98,0,0,35.69,32.30,75.90,GRAZING
12:09:36.498,-3.38,68.85,16.55,-0.75,0.00,0.00,98,0,0,35.69,32.30,75.90,GRAZING
12:09:36.801,-3.38,68.85,16.55,-0.75,0.00,0.00,98,0,0,35.69,32.30,75.90,GRAZING
12:09:37.109,-3.38,68.85,16.55,-0.75,0.00,0.00,98,0,0,35.69,32.30,76.20,GRAZING
12:09:37.351,-3.38,68.85,16.55,-0.75,0.00,0.00,98,0,0,35.69,32.30,76.20,GRAZING
12:09:37.635,-3.38,68.85,16.55,-0.75,0.00,0.00,98,0,0,35.75,32.30,76.20,GRAZING
12:09:37.931,-3.38,68.85,16.55,-0.75,0.00,0.00,98,0,0,35.75,32.30,76.20,GRAZING
12:09:38.235,-3.38,68.85,16.55,-0.75,0.00,0.00,98,0,0,35.75,32.30,76.20,GRAZING
12:09:38.542,-3.38,68.85,16.55,-0.75,0.00,0.00,98,0,0,35.75,32.30,76.20,GRAZING
12:09:38.769,-3.38,68.85,16.55,-0.75,0.00,0.00,98,0,0,35.75,32.30,76.20,GRAZING
12:09:39.055,-3.38,68.85,16.55,-0.75,0.00,0.00,98,0,0,35.75,32.30,76.20,GRAZING
12:09:39.363,-3.38,68.85,16.55,-0.75,0.00,0.00,98,0,0,35.69,32.30,76.30,GRAZING
12:09:39.669,-3.38,68.85,16.55,-0.75,0.00,0.00,98,0,0,35.69,32.30,76.30,GRAZING
12:09:39.908,-3.38,68.85,16.55,-0.75,0.00,0.00,98,0,0,35.69,32.30,76.30,GRAZING
12:09:40.192,-3.38,68.85,16.55,-0.75,0.00,0.00,98,0,0,35.75,32.30,76.30,GRAZING
12:09:40.488,-3.38,68.85,16.55,-0.75,0.00,0.00,98,0,0,35.75,32.30,76.30,GRAZING
12:09:40.795,-3.38,68.85,16.55,-0.75,0.00,0.00,98,0,0,35.75,32.30,76.30,GRAZING
12:09:41.042,-3.38,68.85,16.55,-0.75,0.00,0.00,98,0,0,35.75,32.30,76.30,GRAZING
12:09:41.330,-3.38,68.85,16.55,-0.75,0.00,0.00,98,0,0,35.75,32.30,76.30,GRAZING
12:09:41.617,-3.38,68.85,16.55,-0.75,0.00,0.00,98,0,0,35.75,32.30,76.20,GRAZING
12:09:41.923,-3.38,68.85,16.55,-0.75,0.00,0.00,98,0,0,35.69,32.30,76.20,GRAZING
12:09:42.230,-3.38,68.85,16.55,-0.75,0.00,0.00,98,0,0,35.69,32.30,76.20,GRAZING
12:09:42.464,-3.38,68.85,16.55,-0.75,0.00,0.00,98,0,0,35.69,32.30,76.20,GRAZING
12:09:42.750,-3.38,68.85,16.55,-0.75,0.00,0.00,98,0,0,35.69,32.30,76.20,GRAZING
12:09:43.048,-3.38,68.85,16.55,-0.75,0.00,0.00,98,0,0,35.69,32.30,76.20,GRAZING
12:09:43.357,-3.38,68.85,16.55,-0.75,0.00,0.00,98,0,0,35.69,32.30,76.20,GRAZING
12:09:43.599,-3.38,68.85,16.55,-0.75,0.00,0.00,98,0,0,35.69,32.30,76.20,GRAZING
12:09:43.889,-3.38,68.85,16.55,-0.75,0.00,0.00,98,0,0,35.69,32.20,76.40,GRAZING
12:09:44.174,-3.38,68.85,16.55,-0.75,0.00,0.00,98,0,0,35.69,32.20,76.40,GRAZING
12:09:44.482,-3.38,68.85,16.55,-0.75,0.00,0.00,98,0,0,35.69,32.20,76.40,GRAZING
12:09:44.788,-3.38,68.85,16.55,-0.75,0.00,0.00,98,0,0,35.69,32.20,76.40,GRAZING
12:09:45.021,-3.38,68.85,16.55,-0.75,0.00,0.00,98,0,0,35.69,32.20,76.40,GRAZING
12:09:45.305,-3.38,68.85,16.55,-0.75,0.00,0.00,98,0,0,35.69,32.20,76.40,GRAZING
12:09:45.608,-3.38,68.85,16.55,-0.75,0.00,0.00,98,0,0,35.69,32.20,76.40,GRAZING
12:09:45.915,-3.38,68.85,16.55,-0.75,0.00,0.00,98,0,0,35.69,32.20,76.40,GRAZING
12:09:46.161,-3.38,68.85,16.55,-0.75,0.00,0.00,98,0,0,35.69,32.30,76.80,GRAZING
12:09:46.444,0.00,68.85,16.55,-0.75,0.00,0.00,98,0,0,35.69,32.30,76.80,GRAZING
12:09:46.738,-3.38,68.85,16.55,-0.75,0.00,0.00,98,0,0,35.69,32.30,76.80,GRAZING
12:09:47.042,-3.38,68.85,16.55,-0.75,0.00,0.00,98,0,0,35.69,32.30,76.80,GRAZING
12:09:47.349,-3.38,68.85,16.55,-0.75,0.00,0.00,98,0,0,35.69,32.30,76.80,GRAZING
12:09:47.579,-3.38,68.85,16.55,-0.75,0.00,0.00,98,0,0,35.69,32.30,76.80,GRAZING
12:09:47.862,-3.38,68.85,16.55,-0.75,0.00,0.00,98,0,0,35.69,32.30,76.80,GRAZING
12:09:48.168,-3.38,68.85,16.55,-0.75,0.00,0.00,98,0,0,35.69,32.30,76.80,GRAZING
12:09:48.490,-3.38,68.85,16.55,-0.75,0.00,0.00,98,0,0,35.69,32.20,77.00,GRAZING
12:09:48.719,-3.38,68.85,16.55,-0.75,0.00,0.00,98,0,0,35.69,32.20,77.00,GRAZING
12:09:49.005,-3.38,68.85,16.55,-0.75,0.00,0.00,98,0,0,35.69,32.20,77.00,GRAZING
12:09:49.296,-3.38,68.85,16.55,-0.75,0.00,0.00,98,0,0,35.69,32.20,77.00,GRAZING
12:09:49.603,-3.38,68.85,16.55,-0.75,0.00,0.00,98,0,0,35.69,32.20,77.00,GRAZING
12:09:49.909,-3.38,68.85,16.55,-0.75,0.00,0.00,98,0,0,35.69,32.20,77.00,GRAZING
12:09:50.137,-3.38,68.85,16.55,-0.75,0.00,0.00,98,0,0,35.69,32.20,77.00,GRAZING
12:09:50.423,-3.38,68.85,16.55,-0.75,0.00,0.00,98,0,0,35.69,32.20,77.00,GRAZING
12:09:50.728,-3.38,68.85,16.55,-0.75,0.00,0.00,98,0,0,35.69,32.20,76.90,GRAZING
12:09:51.036,10.11,68.85,16.55,-0.75,0.00,0.00,98,0,0,35.69,32.20,76.90,GRAZING
12:09:51.277,-3.38,68.85,16.55,-0.75,0.00,0.00,98,0,0,35.75,32.20,76.90,GRAZING
12:09:51.561,-3.38,68.85,16.55,-0.75,0.00,0.00,98,0,0,35.75,32.20,76.90,GRAZING
12:09:51.854,-3.38,68.85,16.55,-0.75,0.00,0.00,98,0,0,35.75,32.20,76.90,GRAZING
12:09:52.161,-3.38,68.85,16.55,-0.75,0.00,0.00,98,0,0,35.69,32.20,76.90,GRAZING
12:09:52.469,-3.38,68.85,16.55,-0.75,0.00,0.00,98,0,0,35.69,32.20,76.90,GRAZING
12:09:52.696,-3.38,68.85,16.55,-0.75,0.00,0.00,98,0,0,35.69,32.20,76.90,GRAZING
12:09:52.986,-3.38,68.85,16.55,-0.75,0.00,0.00,98,0,0,35.69,32.20,76.70,GRAZING
12:09:53.288,-3.38,68.85,16.55,-0.75,0.00,0.00,98,0,0,35.69,32.20,76.70,GRAZING
12:09:53.597,-3.38,68.85,16.55,-0.75,0.00,0.00,98,0,0,35.69,32.20,76.70,GRAZING
12:09:53.834,-3.38,68.85,16.55,-0.75,0.00,0.00,98,0,0,35.75,32.20,76.70,GRAZING
12:09:54.119,-3.38,68.85,16.55,-0.75,0.00,0.00,98,0,0,35.75,32.20,76.70,GRAZING
12:09:54.414,-3.38,68.85,16.55,-0.75,0.00,0.00,98,0,0,35.75,32.20,76.70,GRAZING
12:09:54.721,-3.38,68.85,16.55,-0.75,0.00,0.00,98,0,0,35.69,32.20,76.70,GRAZING
12:09:54.969,-3.38,68.85,16.55,-0.75,0.00,0.00,98,0,0,35.69,32.20,76.70,GRAZING
12:09:55.258,-3.38,68.85,16.55,-0.75,0.00,0.00,98,0,0,35.69,32.20,76.10,GRAZING
12:09:55.543,-3.38,68.85,16.55,-0.75,0.00,0.00,98,0,0,35.69,32.20,76.10,GRAZING
12:09:55.848,-3.38,68.85,16.55,-0.75,0.00,0.00,98,0,0,35.69,32.20,76.10,GRAZING
12:09:56.159,-3.38,68.85,16.55,-0.75,0.00,0.00,98,0,0,35.69,32.20,76.10,GRAZING
12:09:56.392,-3.38,68.85,16.55,-0.75,0.00,0.00,98,0,0,35.69,32.20,76.10,GRAZING
12:09:56.676,-3.38,68.85,16.55,-0.75,0.00,0.00,98,0,0,35.69,32.20,76.10,GRAZING
12:09:56.975,-3.38,68.85,16.55,-0.75,0.00,0.00,98,0,0,35.69,32.20,76.10,GRAZING
12:09:57.283,-3.38,68.85,16.55,-0.75,0.00,0.00,98,0,0,35.69,32.20,76.10,GRAZING
12:09:57.589,-3.38,68.85,16.55,-0.75,0.00,0.00,98,0,0,35.69,32.20,75.50,GRAZING
12:09:57.817,-3.38,68.85,16.55,-0.75,0.00,0.00,98,0,0,35.69,32.20,75.50,GRAZING
12:09:58.101,-3.38,68.85,16.55,-0.75,0.00,0.00,98,0,0,35.69,32.20,75.50,GRAZING
12:09:58.409,-3.38,68.85,16.55,-0.75,0.00,0.00,98,0,0,35.69,32.20,75.50,GRAZING
12:09:58.716,-3.38,68.85,16.55,-0.75,0.00,0.00,98,0,0,35.69,32.20,75.50,GRAZING
12:09:58.949,-3.38,68.85,16.55,-0.75,0.00,0.00,98,0,0,35.69,32.20,75.50,GRAZING
12:09:59.233,-3.38,68.85,16.55,-0.75,0.00,0.00,98,0,0,35.69,32.20,75.50,GRAZING
12:09:59.535,-3.38,68.85,16.55,-0.75,0.00,0.00,98,0,0,35.69,32.20,75.50,GRAZING
12:09:59.843,-3.38,68.85,16.55,-0.75,0.00,0.00,98,0,0,35.69,32.20,75.50,GRAZING
12:10:00.149,-3.38,68.85,16.55,-0.75,0.00,0.00,98,0,0,35.69,32.20,75.50,GRAZING
12:10:00.373,-3.38,68.85,16.55,-0.75,0.00,0.00,98,0,0,35.69,32.20,75.50,GRAZING
12:10:00.660,-3.38,68.85,16.55,-0.75,0.00,0.00,98,0,0,35.69,32.20,75.50,GRAZING
12:10:00.968,-3.38,68.85,16.55,-0.75,0.00,0.00,98,0,0,35.69,32.20,75.50,GRAZING
12:10:01.275,-3.38,68.85,16.55,-0.75,0.00,0.00,98,0,0,35.69,32.20,75.50,GRAZING
12:10:01.508,-3.38,68.85,16.55,-0.75,0.00,0.00,98,0,0,35.69,32.20,75.50,GRAZING
12:10:01.793,-3.38,68.85,16.55,-0.75,0.00,0.00,98,0,0,35.69,32.20,75.50,GRAZING
12:10:02.095,-3.38,68.85,16.55,-0.75,0.00,0.00,98,0,0,35.69,32.20,75.20,GRAZING
12:10:02.504,-3.38,68.85,16.55,-0.75,0.00,0.00,98,0,0,35.69,32.20,75.20,GRAZING
12:10:02.647,-3.38,68.85,16.55,-0.75,0.00,0.00,98,0,0,35.69,32.20,75.20,GRAZING
12:10:02.931,-3.38,68.85,16.55,-0.75,0.00,0.00,98,0,0,35.69,32.20,75.20,GRAZING
12:10:03.220,-3.38,68.85,16.55,-0.75,0.00,0.00,98,0,0,35.62,32.20,75.20,GRAZING
12:10:03.528,-3.38,68.85,16.55,-0.75,0.00,0.00,98,0,0,35.62,32.20,75.20,GRAZING
12:10:03.836,-3.38,68.85,16.55,-0.75,0.00,0.00,98,0,0,35.62,32.20,75.20,GRAZING
12:10:04.064,-3.38,68.85,16.55,-0.75,0.00,0.00,98,0,0,35.62,32.20,75.20,GRAZING
12:10:04.353,-3.38,68.85,16.55,-0.75,0.00,0.00,98,0,0,35.62,32.10,74.90,GRAZING
12:10:04.656,-3.38,68.85,16.55,-0.75,0.00,0.00,98,0,0,35.62,32.10,74.90,GRAZING
12:10:04.962,-3.38,68.85,16.55,-0.75,0.00,0.00,98,0,0,35.62,32.10,74.90,GRAZING
12:10:05.203,-3.38,68.85,16.55,-0.75,0.00,0.00,98,0,0,35.62,32.10,74.90,GRAZING
12:10:05.488,-3.38,68.85,16.55,-0.75,0.00,0.00,98,0,0,35.62,32.10,74.90,GRAZING
12:10:05.781,-3.38,68.85,16.55,-0.75,0.00,0.00,98,0,0,35.69,32.10,74.90,GRAZING
12:10:06.088,-3.38,68.85,16.55,-0.75,0.00,0.00,98,0,0,35.69,32.10,74.90,GRAZING
12:10:06.396,-3.38,68.85,16.55,-0.75,0.00,0.00,98,0,0,35.69,32.10,74.90,GRAZING
12:10:06.628,-3.38,68.85,16.55,-0.75,0.00,0.00,98,0,0,35.69,32.10,74.60,GRAZING
12:10:06.910,-3.38,68.85,16.55,-0.75,0.00,0.00,98,0,0,35.69,32.10,74.60,GRAZING
12:10:07.216,-3.38,68.85,16.55,-0.75,0.00,0.00,98,0,0,35.69,32.10,74.60,GRAZING
12:10:07.521,-3.38,68.85,16.55,-0.75,0.00,0.00,98,0,0,35.62,32.10,74.60,GRAZING
12:10:07.761,-3.38,68.85,16.55,-0.75,0.00,0.00,98,0,0,35.62,32.10,74.60,GRAZING
12:10:08.045,-3.38,68.85,16.55,-0.75,0.00,0.00,98,0,0,35.62,32.10,74.60,GRAZING
12:10:08.341,-3.38,68.85,16.55,-0.75,0.00,0.00,98,0,0,35.56,32.10,74.60,GRAZING
12:10:08.651,-3.38,68.85,16.55,-0.75,0.00,0.00,98,0,0,35.56,32.10,74.60,GRAZING
12:10:08.957,-3.38,68.85,16.55,-0.75,0.00,0.00,98,0,0,35.56,32.10,74.70,GRAZING
12:10:09.186,-3.38,68.85,16.55,-0.75,0.00,0.00,98,0,0,35.62,32.10,74.70,GRAZING
12:10:09.471,0.00,68.85,16.55,-0.75,0.00,0.00,98,0,0,35.62,32.10,74.70,GRAZING
12:10:09.882,-3.38,68.85,16.55,-0.75,0.00,0.00,98,0,0,35.62,32.10,74.70,GRAZING
12:10:10.198,-3.38,68.85,16.55,-0.75,0.00,0.00,98,0,0,35.56,32.10,74.70,GRAZING
12:10:10.394,-3.38,68.85,16.55,-0.75,0.00,0.00,98,0,0,35.56,32.10,74.70,GRAZING
12:10:10.701,-3.38,68.85,16.55,-0.75,0.00,0.00,98,0,0,35.56,32.10,74.70,GRAZING
12:10:10.902,-3.38,68.85,16.55,-0.75,0.00,0.00,98,0,0,35.56,32.10,74.70,GRAZING
12:10:11.210,-3.38,68.85,16.55,-0.75,0.00,0.00,98,0,0,35.56,32.10,75.00,GRAZING
12:10:11.516,-3.38,68.85,16.55,-0.75,0.00,0.00,98,0,0,35.56,32.10,75.00,GRAZING
12:10:11.743,-3.38,68.85,16.55,-0.75,0.00,0.00,98,0,0,35.56,32.10,75.00,GRAZING
12:10:12.027,-3.38,68.85,16.55,-0.75,0.00,0.00,98,0,0,35.56,32.10,75.00,GRAZING
12:10:12.345,-3.38,68.85,16.55,-0.75,0.00,0.00,98,0,0,35.56,32.10,75.00,GRAZING
12:10:12.644,-3.38,68.85,16.55,-0.75,0.00,0.00,98,0,0,35.56,32.10,75.00,GRAZING
12:10:12.879,-3.38,68.85,16.55,-0.75,0.00,0.00,98,0,0,35.56,32.10,75.00,GRAZING
12:10:13.165,-3.38,68.85,16.55,-0.75,0.00,0.00,98,0,0,35.56,32.10,75.00,GRAZING
12:10:13.472,-3.38,68.85,16.55,-0.75,0.00,0.00,98,0,0,35.62,32.10,75.20,GRAZING
12:10:13.887,-3.38,68.85,16.55,-0.75,0.00,0.00,98,0,0,35.62,32.10,75.20,RESTING
12:10:14.083,-3.38,68.85,16.55,-0.75,0.00,0.00,98,0,0,35.62,32.10,75.20,RESTING
12:10:14.303,-3.38,68.85,16.55,-0.75,0.00,0.00,98,0,0,35.56,32.10,75.20,RESTING
12:10:14.587,-3.38,68.85,16.55,-0.75,0.00,0.00,98,0,0,35.56,32.10,75.20,RESTING
12:10:14.997,-3.38,68.85,16.55,-0.75,0.00,0.00,98,0,0,35.56,32.10,75.20,RESTING
12:10:15.202,-3.38,68.85,16.55,-0.75,0.00,0.00,98,0,0,35.56,32.10,75.20,RESTING
12:10:15.437,-3.38,68.85,16.55,-0.75,0.00,0.00,98,0,0,35.56,32.10,75.20,RESTING
12:10:15.726,-3.38,68.85,16.55,-0.75,0.00,0.00,98,0,0,35.56,32.10,75.70,RESTING
12:10:16.021,-3.38,68.85,16.55,-0.75,0.00,0.00,98,0,0,35.56,32.10,75.70,RESTING
12:10:16.328,-3.38,68.85,16.55,-0.75,0.00,0.00,98,0,0,35.56,32.10,75.70,RESTING
12:10:16.576,-3.38,68.85,16.55,-0.75,0.00,0.00,98,0,0,35.56,32.10,75.70,RESTING
12:10:16.861,-3.38,68.85,16.55,-0.75,0.00,0.00,98,0,0,35.56,32.10,75.70,RESTING
12:10:17.147,-3.38,68.85,16.55,-0.75,0.00,0.00,98,0,0,35.56,32.10,75.70,RESTING
12:10:17.454,-3.38,68.85,16.55,-0.75,0.00,0.00,98,0,0,35.56,32.10,75.70,RESTING
12:10:17.763,-3.38,68.85,16.55,-0.75,0.00,0.00,98,0,0,35.56,32.10,75.70,RESTING
12:10:18.000,-3.38,68.85,16.55,-0.75,0.00,0.00,98,0,0,35.56,32.10,76.10,RESTING
12:10:18.283,-3.38,68.85,16.55,-0.75,0.00,0.00,98,0,0,35.56,32.10,76.10,RESTING
12:10:18.581,-3.38,68.85,16.55,-0.75,0.00,0.00,98,0,0,35.56,32.10,76.10,RESTING
12:10:18.888,-3.38,68.85,16.55,-0.75,0.00,0.00,98,0,0,35.56,32.10,76.10,RESTING
12:10:19.133,-3.38,68.85,16.55,-0.75,0.00,0.00,98,0,0,35.56,32.10,76.10,RESTING
12:10:19.417,-3.38,68.85,16.55,-0.75,0.00,0.00,98,0,0,35.56,32.10,76.10,RESTING
12:10:19.707,-3.38,68.85,16.55,-0.75,0.00,0.00,98,0,0,35.56,32.10,76.10,RESTING
12:10:20.016,-3.38,68.85,16.55,-0.75,0.00,0.00,98,0,0,35.56,32.10,76.10,RESTING
12:10:20.324,-3.38,68.85,16.55,-0.75,0.00,0.00,98,0,0,35.56,32.10,76.40,RESTING
12:10:20.647,-3.38,68.85,16.55,-0.75,0.00,0.00,98,0,0,35.56,32.10,76.40,RESTING
12:10:20.953,-3.38,68.85,16.55,-0.75,0.00,0.00,98,0,0,35.56,32.10,76.40,RESTING
12:10:21.144,-3.38,68.85,16.55,-0.75,0.00,0.00,98,0,0,35.56,32.10,76.40,RESTING
12:10:21.448,-3.38,68.85,16.55,-0.75,0.00,0.00,98,0,0,35.56,32.10,76.40,RESTING
12:10:21.690,-3.38,68.85,16.55,-0.75,0.00,0.00,98,0,0,35.56,32.10,76.40,RESTING
12:10:21.974,-3.38,68.85,16.55,-0.75,0.00,0.00,98,0,0,35.62,32.10,76.40,RESTING
12:10:22.271,-3.38,68.85,16.55,-0.75,0.00,0.00,98,0,0,35.62,32.10,76.40,RESTING
12:10:22.576,-3.38,68.85,16.55,-0.75,0.00,0.00,98,0,0,35.62,32.10,76.90,RESTING
12:10:22.885,-3.38,68.85,16.55,-0.75,0.00,0.00,98,0,0,35.56,32.10,76.90,RESTING
12:10:23.204,-3.38,68.85,16.55,-0.75,0.00,0.00,98,0,0,35.56,32.10,76.90,RESTING
12:10:23.503,-3.38,68.85,16.55,-0.75,0.00,0.00,98,0,0,35.56,32.10,76.90,RESTING
12:10:23.807,-3.38,68.85,16.55,-0.75,0.00,0.00,98,0,0,35.62,32.10,76.90,RESTING
12:10:24.008,-3.38,68.85,16.55,-0.75,0.00,0.00,98,0,0,35.62,32.10,76.90,RESTING
12:10:24.246,-3.38,68.85,16.55,-0.75,0.00,0.00,98,0,0,35.62,32.10,76.90,RESTING
12:10:24.625,-3.38,68.85,16.55,-0.75,0.00,0.00,98,0,0,35.62,32.10,76.90,RESTING
12:10:24.939,-3.38,68.85,16.55,-0.75,0.00,0.00,98,0,0,35.62,32.10,77.10,RESTING
12:10:25.139,-3.38,68.85,16.55,-0.75,0.00,0.00,98,0,0,35.62,32.10,77.10,RESTING
12:10:25.452,-3.38,68.85,16.55,-0.75,0.00,0.00,98,0,0,35.56,32.10,77.10,RESTING
12:10:25.672,-3.38,68.85,16.55,-0.75,0.00,0.00,98,0,0,35.56,32.10,77.10,RESTING
12:10:25.956,-3.38,68.85,16.55,-0.75,0.00,0.00,98,0,0,35.56,32.10,77.10,RESTING
12:10:26.261,-3.38,68.85,16.55,-0.75,0.00,0.00,98,0,0,35.62,32.10,77.10,RESTING
12:10:26.569,-3.38,68.85,16.55,-0.75,0.00,0.00,98,0,0,35.62,32.10,77.10,RESTING
12:10:26.809,-3.38,68.85,16.55,-0.75,0.00,0.00,98,0,0,35.62,32.10,77.10,RESTING
12:10:27.188,-3.38,68.85,16.55,-0.75,0.00,0.00,98,0,0,35.62,32.10,77.30,RESTING
12:10:27.502,-3.38,68.85,16.55,-0.75,0.00,0.00,98,0,0,35.62,32.10,77.30,RESTING
12:10:27.810,-3.38,68.85,16.55,-0.75,0.00,0.00,98,0,0,35.62,32.10,77.30,RESTING
12:10:28.104,-3.38,68.85,16.55,-0.75,0.00,0.00,98,0,0,35.62,32.10,77.30,RESTING
12:10:28.232,-3.38,68.85,16.55,-0.75,0.00,0.00,98,0,0,35.62,32.10,77.30,RESTING
12:10:28.519,-3.38,68.85,16.55,-0.75,0.00,0.00,98,0,0,35.62,32.10,77.30,RESTING
12:10:28.821,-3.38,68.85,16.55,-0.75,0.00,0.00,98,0,0,35.62,32.10,77.30,RESTING
12:10:29.129,-3.38,68.85,16.55,-0.75,0.00,0.00,98,0,0,35.62,32.10,77.30,RESTING
12:10:29.372,-3.38,68.85,16.55,-0.75,0.00,0.00,98,0,0,35.62,32.10,77.40,RESTING
12:10:29.656,-3.38,68.85,16.55,-0.75,0.00,0.00,98,0,0,35.62,32.10,77.40,RESTING
12:10:29.948,-3.38,68.85,16.55,-0.75,0.00,0.00,98,0,0,35.62,32.10,77.40,RESTING
12:10:30.255,-3.38,68.85,16.55,-0.75,0.00,0.00,98,0,0,35.62,32.10,77.40,RESTING
12:10:30.562,-3.38,68.85,16.55,-0.75,0.00,0.00,98,0,0,35.62,32.10,77.40,RESTING
12:10:30.789,-3.38,68.85,16.55,-0.75,0.00,0.00,98,0,0,35.62,32.10,77.40,RESTING
12:10:31.073,-3.38,68.85,16.55,-0.75,0.00,0.00,98,0,0,35.62,32.10,77.40,RESTING
12:10:31.381,-3.38,68.85,16.55,-0.75,0.00,0.00,98,0,0,35.62,32.10,77.40,RESTING
12:10:31.689,-3.38,68.85,16.55,-0.75,0.00,0.00,98,0,0,35.62,32.10,77.50,RESTING
12:10:31.929,-3.38,68.85,16.55,-0.75,0.00,0.00,98,0,0,35.62,32.10,77.50,RESTING
12:10:32.215,-3.38,68.85,16.55,-0.75,0.00,0.00,98,0,0,35.62,32.10,77.50,RESTING
12:10:32.509,-3.38,68.85,16.55,-0.75,0.00,0.00,98,0,0,35.62,32.10,77.50,RESTING
12:10:32.814,-3.38,68.85,16.55,-0.75,0.00,0.00,98,0,0,35.62,32.10,77.50,RESTING
12:10:33.122,-3.38,68.85,16.55,-0.75,0.00,0.00,98,0,0,35.62,32.10,77.50,RESTING
12:10:33.348,-3.38,68.85,16.55,-0.75,0.00,0.00,98,0,0,35.62,32.10,77.50,RESTING
12:10:33.633,-3.38,68.85,16.55,-0.75,0.00,0.00,98,0,0,35.62,32.10,77.50,RESTING
12:10:33.940,-3.38,68.85,16.55,-0.75,0.00,0.00,98,0,0,35.69,32.10,77.50,RESTING
12:10:34.248,-3.38,68.85,16.55,-0.75,0.00,0.00,98,0,0,35.69,32.10,77.50,RESTING
12:10:34.487,-3.38,68.85,16.55,-0.75,0.00,0.00,98,0,0,35.69,32.10,77.50,RESTING
12:10:34.771,-3.38,68.85,16.55,-0.75,0.00,0.00,98,0,0,35.69,32.10,77.50,RESTING
12:10:35.067,-3.38,68.85,16.55,-0.75,0.00,0.00,98,0,0,35.69,32.10,77.50,RESTING
12:10:35.376,-3.38,68.85,16.55,-0.75,0.00,0.00,98,0,0,35.69,32.10,77.50,RESTING
12:10:35.621,-3.38,68.85,16.55,-0.75,0.00,0.00,98,0,0,35.69,32.10,77.50,RESTING
12:10:35.908,-3.38,68.85,16.55,-0.75,0.00,0.00,98,0,0,35.69,32.10,77.50,RESTING
12:10:36.197,-3.38,68.85,16.55,-0.75,0.00,0.00,98,0,0,35.69,32.10,77.50,RESTING
12:10:36.502,-3.38,68.85,16.55,-0.75,0.00,0.00,98,0,0,35.62,32.10,77.50,RESTING
12:10:36.810,-3.38,68.85,16.55,-0.75,0.00,0.00,98,0,0,35.62,32.10,77.50,RESTING
12:10:37.047,-3.38,68.85,16.55,-0.75,0.00,0.00,98,0,0,35.62,32.10,77.50,RESTING
12:10:37.331,-3.38,68.85,16.55,-0.75,0.00,0.00,98,0,0,35.69,32.10,77.50,RESTING
12:10:37.629,-3.38,68.85,16.55,-0.75,0.00,0.00,98,0,0,35.69,32.10,77.50,RESTING
12:10:37.936,-3.38,68.85,16.55,-0.75,0.00,0.00,98,0,0,35.69,32.10,77.50,RESTING
12:10:38.181,-3.38,68.85,16.55,-0.75,0.00,0.00,98,0,0,35.69,32.10,77.50,RESTING
12:10:38.472,-3.38,68.85,16.55,-0.75,0.00,0.00,98,0,0,35.69,32.10,77.30,RESTING
12:10:38.755,0.00,68.85,16.55,-0.75,0.00,0.00,98,0,0,35.69,32.10,77.30,RESTING
12:10:39.061,-3.38,68.85,16.55,-0.75,0.00,0.00,98,0,0,35.69,32.10,77.30,RESTING
12:10:39.367,-3.38,68.85,16.55,-0.75,0.00,0.00,98,0,0,35.69,32.10,77.30,RESTING
12:10:39.603,-3.38,68.85,16.55,-0.75,0.00,0.00,98,0,0,35.69,32.10,77.30,RESTING
12:10:39.888,-3.38,68.85,16.55,-0.75,0.00,0.00,98,0,0,35.69,32.10,77.30,RESTING
12:10:40.188,-3.38,68.85,16.55,-0.75,0.00,0.00,98,0,0,35.69,32.10,77.30,RESTING
12:10:40.495,-3.38,68.85,16.55,-0.75,0.00,0.00,98,0,0,35.69,32.10,77.30,RESTING
12:10:40.742,-3.38,68.85,16.55,-0.75,0.00,0.00,98,0,0,35.75,32.10,77.10,RESTING
12:10:41.028,-3.38,68.85,16.55,-0.75,0.00,0.00,98,0,0,35.75,32.10,77.10,RESTING
12:10:41.314,-3.38,68.85,16.55,-0.75,0.00,0.00,98,0,0,35.75,32.10,77.10,RESTING
12:10:41.621,-3.38,68.85,16.55,-0.75,0.00,0.00,98,0,0,35.69,32.10,77.10,RESTING
12:10:41.928,-3.38,68.85,16.55,-0.75,0.00,0.00,98,0,0,35.69,32.10,77.10,RESTING
12:10:42.160,-3.38,68.85,16.55,-0.75,0.00,0.00,98,0,0,35.69,32.10,77.10,RESTING
12:10:42.443,-3.38,68.85,16.55,-0.75,0.00,0.00,98,0,0,35.69,32.10,77.10,RESTING
12:10:42.747,-3.38,68.85,16.55,-0.75,0.00,0.00,98,0,0,35.69,32.10,77.10,RESTING
12:10:43.055,-3.38,68.85,16.55,-0.75,0.00,0.00,98,0,0,35.69,32.10,77.00,RESTING
12:10:43.296,0.00,68.85,16.55,-0.75,0.00,0.00,98,0,0,35.75,32.10,77.00,RESTING
12:10:43.583,-3.38,68.85,16.55,-0.75,0.00,0.00,98,0,0,35.75,32.10,77.00,RESTING
12:10:43.873,-3.38,68.85,16.55,-0.75,0.00,0.00,98,0,0,35.75,32.10,77.00,RESTING
12:10:44.182,-3.38,68.85,16.55,-0.75,0.00,0.00,98,0,0,35.75,32.10,77.00,RESTING
12:10:44.490,-3.38,68.85,16.55,-0.75,0.00,0.00,98,0,0,35.75,32.10,77.00,RESTING
12:10:44.715,-3.38,68.85,16.55,-0.75,0.00,0.00,98,0,0,35.75,32.10,77.00,RESTING
12:10:44.999,-3.38,68.85,16.55,-0.75,0.00,0.00,98,0,0,35.75,32.10,77.00,RESTING
12:10:45.308,-3.38,68.85,16.55,-0.75,0.00,0.00,98,0,0,35.75,32.10,77.00,RESTING
12:10:45.616,-3.38,68.85,16.55,-0.75,0.00,0.00,98,0,0,35.75,32.10,77.00,RESTING
12:10:45.853,-3.38,68.85,16.55,-0.75,0.00,0.00,98,0,0,35.75,32.10,77.00,RESTING
12:10:46.137,-3.38,68.85,16.55,-0.75,0.00,0.00,98,0,0,35.75,32.10,77.00,RESTING
12:10:46.433,-3.38,68.85,16.55,-0.75,0.00,0.00,98,0,0,35.75,32.10,77.00,RESTING
12:10:46.741,-3.38,68.85,16.55,-0.75,0.00,0.00,98,0,0,35.75,32.10,77.00,RESTING
12:10:46.987,-3.38,68.85,16.55,-0.75,0.00,0.00,98,0,0,35.75,32.10,77.00,RESTING
12:10:47.273,-3.38,68.85,16.55,-0.75,0.00,0.00,98,0,0,35.75,32.10,77.00,RESTING
12:10:47.563,-3.38,68.85,16.55,-0.75,0.00,0.00,98,0,0,35.75,32.10,77.40,RESTING
12:10:47.867,-3.38,68.85,16.55,-0.75,0.00,0.00,98,0,0,35.75,32.10,77.40,RESTING
12:10:48.174,-3.38,68.85,16.55,-0.75,0.00,0.00,98,0,0,35.75,32.10,77.40,RESTING
12:10:48.413,-3.38,68.85,16.55,-0.75,0.00,0.00,98,0,0,35.75,32.10,77.40,RESTING
12:10:48.696,-3.38,68.85,16.55,-0.75,0.00,0.00,98,0,0,35.75,32.10,77.40,RESTING
12:10:48.995,-3.38,68.85,16.55,-0.75,0.00,0.00,98,0,0,35.75,32.10,77.40,RESTING
12:10:49.301,-3.38,68.85,16.55,-0.75,0.00,0.00,98,0,0,35.75,32.10,77.40,RESTING
12:10:49.547,-3.38,68.85,16.55,-0.75,0.00,0.00,98,0,0,35.75,32.10,77.40,RESTING
12:10:49.836,-3.38,68.85,16.55,-0.75,0.00,0.00,98,0,0,35.75,32.10,77.90,RESTING
12:10:50.119,-3.38,68.85,16.55,-0.75,0.00,0.00,98,0,0,35.75,32.10,77.90,RESTING
12:10:50.428,-3.38,68.85,16.55,-0.75,0.00,0.00,98,0,0,35.75,32.10,77.90,RESTING
12:10:50.734,-3.38,68.85,16.55,-0.75,0.00,0.00,98,0,0,35.75,32.10,77.90,RESTING
12:10:50.970,-3.38,68.85,16.55,-0.75,0.00,0.00,98,0,0,35.75,32.10,77.90,RESTING
12:10:51.256,-3.38,68.85,16.55,-0.75,0.00,0.00,98,0,0,35.75,32.10,77.90,RESTING
12:10:51.554,-3.38,68.85,16.55,-0.75,0.00,0.00,98,0,0,35.75,32.10,77.90,RESTING
12:10:51.861,-3.38,68.85,16.55,-0.75,0.00,0.00,98,0,0,35.75,32.10,77.90,RESTING
12:10:52.171,-3.38,68.85,16.55,-0.75,0.00,0.00,98,0,0,35.75,32.10,78.50,RESTING
12:10:52.393,-3.38,68.85,16.55,-0.75,0.00,0.00,98,0,0,35.75,32.10,78.50,RESTING
12:10:52.683,-3.38,68.85,16.55,-0.75,0.00,0.00,98,0,0,35.75,32.10,78.50,RESTING
12:10:52.988,-3.38,68.85,16.55,-0.75,0.00,0.00,98,0,0,35.75,32.10,78.50,RESTING
12:10:53.296,-3.38,68.85,16.55,-0.75,0.00,0.00,98,0,0,35.75,32.10,78.50,RESTING
12:10:53.528,-3.38,68.85,16.55,-0.75,0.00,0.00,98,0,0,35.75,32.10,78.50,RESTING
12:10:53.813,-3.38,68.85,16.55,-0.75,0.00,0.00,98,0,0,35.75,32.10,78.50,RESTING
12:10:54.244,-3.38,68.85,16.55,-0.75,0.00,0.00,98,0,0,35.75,32.10,78.50,RESTING
12:10:54.425,-3.38,68.85,16.55,-0.75,0.00,0.00,98,0,0,35.75,32.10,78.80,RESTING
12:10:54.667,-3.38,68.85,16.55,-0.75,0.00,0.00,98,0,0,35.75,32.10,78.80,RESTING
12:10:54.953,-3.38,68.85,16.55,-0.75,0.00,0.00,98,0,0,35.75,32.10,78.80,RESTING
12:10:55.240,-3.38,68.85,16.55,-0.75,0.00,0.00,98,0,0,35.75,32.10,78.80,RESTING
12:10:55.547,-3.38,68.85,16.55,-0.75,0.00,0.00,98,0,0,35.75,32.10,78.80,RESTING
12:10:55.974,-3.38,68.85,16.55,-0.75,0.00,0.00,98,0,0,35.75,32.10,78.80,RESTING
12:10:56.087,-3.38,68.85,16.55,-0.75,0.00,0.00,98,0,0,35.75,32.10,78.80,RESTING
12:10:56.369,-3.38,68.85,16.55,-0.75,0.00,0.00,98,0,0,35.75,32.10,78.80,RESTING
12:10:56.673,-3.38,68.85,16.55,-0.75,0.00,0.00,98,0,0,35.75,32.10,79.20,RESTING
12:10:56.981,-3.38,68.85,16.55,-0.75,0.00,0.00,98,0,0,35.75,32.10,79.20,RESTING
12:10:57.225,-3.38,68.85,16.55,-0.75,0.00,0.00,98,0,0,35.75,32.10,79.20,RESTING
12:10:57.508,-3.38,68.85,16.55,-0.75,0.00,0.00,98,0,0,35.75,32.10,79.20,RESTING
12:10:57.800,-3.38,68.85,16.55,-0.75,0.00,0.00,98,0,0,35.69,32.10,79.20,RESTING
12:10:58.107,-3.38,68.85,16.55,-0.75,0.00,0.00,98,0,0,35.69,32.10,79.20,RESTING
12:10:58.415,-3.38,68.85,16.55,-0.75,0.00,0.00,98,0,0,35.69,32.10,79.20,RESTING
12:10:58.643,-3.38,68.85,16.55,-0.75,0.00,0.00,98,0,0,35.75,32.10,79.20,RESTING
12:10:58.935,-3.38,68.85,16.55,-0.75,0.00,0.00,98,0,0,35.75,32.00,79.10,RESTING
12:10:59.236,-3.38,68.85,16.55,-0.75,0.00,0.00,98,0,0,35.75,32.00,79.10,RESTING
12:10:59.648,-3.38,68.85,16.55,-0.75,0.00,0.00,98,0,0,35.69,32.00,79.10,RESTING
12:10:59.875,-3.38,68.85,16.55,-0.75,0.00,0.00,98,0,0,35.69,32.00,79.10,RESTING
12:11:00.164,-3.38,68.85,16.55,-0.75,0.00,0.00,98,0,0,35.69,32.00,79.10,RESTING
12:11:00.362,-3.38,68.85,16.55,-0.75,0.00,0.00,98,0,0,35.69,32.00,79.10,RESTING
12:11:00.669,-3.38,68.85,16.55,-0.75,0.00,0.00,98,0,0,35.69,32.00,79.10,RESTING
12:11:00.976,-3.38,68.85,16.55,-0.75,0.00,0.00,98,0,0,35.69,32.00,79.10,RESTING
12:11:01.205,-3.38,68.85,16.55,-0.75,0.00,0.00,98,0,0,35.69,32.00,79.20,RESTING
12:11:01.489,0.00,68.85,16.55,-0.75,0.00,0.00,98,0,0,35.69,32.00,79.20,RESTING
12:11:01.794,-3.38,68.85,16.55,-0.75,0.00,0.00,98,0,0,35.69,32.00,79.20,RESTING
12:11:02.101,-3.38,68.85,16.55,-0.75,0.00,0.00,98,0,0,35.69,32.00,79.20,RESTING
12:11:02.340,-3.38,68.85,16.55,-0.75,0.00,0.00,98,0,0,35.69,32.00,79.20,RESTING
12:11:02.626,-3.38,68.85,16.55,-0.75,0.00,0.00,98,0,0,35.69,32.00,79.20,RESTING
12:11:02.923,-3.38,68.85,16.55,-0.75,0.00,0.00,98,0,0,35.69,32.00,79.20,RESTING
12:11:03.230,-3.38,68.85,16.55,-0.75,0.00,0.00,98,0,0,35.69,32.00,79.20,RESTING
12:11:03.538,-3.38,68.85,16.55,-0.75,0.00,0.00,98,0,0,35.69,32.00,79.30,RESTING
12:11:03.768,-3.38,68.85,16.55,-0.75,0.00,0.00,98,0,0,35.62,32.00,79.30,RESTING
12:11:04.047,-3.38,68.85,16.55,-0.75,0.00,0.00,98,0,0,35.62,32.00,79.30,RESTING
12:11:04.354,-3.38,68.85,16.55,-0.75,0.00,0.00,98,0,0,35.62,32.00,79.30,RESTING
12:11:04.775,-3.38,68.85,16.55,-0.75,0.00,0.00,98,0,0,35.62,32.00,79.30,RESTING
12:11:04.987,-3.38,68.85,16.55,-0.75,0.00,0.00,98,0,0,35.62,32.00,79.30,RESTING
12:11:05.182,-3.38,68.85,16.55,-0.75,0.00,0.00,98,0,0,35.62,32.00,79.30,RESTING
12:11:05.590,-3.38,68.85,16.55,-0.75,0.00,0.00,98,0,0,35.69,32.00,79.30,RESTING
12:11:05.896,-3.38,68.85,16.55,-0.75,0.00,0.00,98,0,0,35.69,32.00,79.40,RESTING
12:11:06.208,-3.38,68.85,16.55,-0.75,0.00,0.00,98,0,0,35.69,32.00,79.40,RESTING
12:11:06.414,-3.38,68.85,16.55,-0.75,0.00,0.00,98,0,0,35.62,32.00,79.40,RESTING
12:11:06.608,-3.38,68.85,16.55,-0.75,0.00,0.00,98,0,0,35.62,32.00,79.40,RESTING
12:11:06.914,10.11,68.85,16.55,-0.75,0.00,0.00,98,0,0,35.62,32.00,79.40,RESTING
12:11:07.333,-3.38,68.85,16.55,-0.75,0.00,0.00,98,0,0,35.62,32.00,79.40,RESTING
12:11:07.460,-3.38,68.85,16.55,-0.75,0.00,0.00,98,0,0,35.62,32.00,79.40,RESTING
12:11:07.744,-3.38,68.85,16.55,-0.75,0.00,0.00,98,0,0,35.62,32.00,79.40,RESTING
12:11:08.143,-3.38,68.85,16.55,-0.75,0.00,0.00,98,0,0,35.62,32.00,79.90,RESTING
12:11:08.466,-3.38,68.85,16.55,-0.75,0.00,0.00,98,0,0,35.62,32.00,79.90,RESTING
12:11:08.654,-3.38,68.85,16.55,-0.75,0.00,0.00,98,0,0,35.62,32.00,79.90,RESTING
12:11:08.882,-3.38,68.85,16.55,-0.75,0.00,0.00,98,0,0,35.62,32.00,79.90,RESTING
12:11:09.167,-3.38,68.85,16.55,-0.75,0.00,0.00,98,0,0,35.62,32.00,79.90,RESTING
12:11:09.485,-3.38,68.85,16.55,-0.75,0.00,0.00,98,0,0,35.62,32.00,79.90,RESTING
12:11:09.783,-3.38,68.85,16.55,-0.75,0.00,0.00,98,0,0,35.62,32.00,79.90,RESTING
12:11:10.018,-3.38,68.85,16.55,-0.75,0.00,0.00,98,0,0,35.62,32.00,79.90,RESTING
12:11:10.310,-3.38,68.85,16.55,-0.75,0.00,0.00,98,0,0,35.62,32.00,80.10,RESTING
12:11:10.613,-3.38,68.85,16.55,-0.75,0.00,0.00,98,0,0,35.62,32.00,80.10,RESTING
12:11:10.910,-3.38,68.85,16.55,-0.75,0.00,0.00,98,0,0,35.62,32.00,80.10,RESTING
12:11:11.226,-3.38,68.85,16.55,-0.75,0.00,0.00,98,0,0,35.62,32.00,80.10,RESTING
12:11:11.446,-3.38,68.85,16.55,-0.75,0.00,0.00,98,0,0,35.62,32.00,80.10,RESTING
12:11:11.730,-3.38,68.85,16.55,-0.75,0.00,0.00,98,0,0,35.62,32.00,80.10,RESTING
12:11:12.045,-3.38,68.85,16.55,-0.75,0.00,0.00,98,0,0,35.62,32.00,80.10,RESTING
12:11:12.343,-3.38,68.85,16.55,-0.75,0.00,0.00,98,0,0,35.62,32.00,80.10,RESTING
12:11:12.583,-3.38,68.85,16.55,-0.75,0.00,0.00,98,0,0,35.62,32.00,80.20,RESTING
12:11:12.868,-3.38,68.85,16.55,-0.75,0.00,0.00,98,0,0,35.62,32.00,80.20,RESTING
12:11:13.168,-3.38,68.85,16.55,-0.75,0.00,0.00,98,0,0,35.62,32.00,80.20,RESTING
12:11:13.468,-3.38,68.85,16.55,-0.75,0.00,0.00,98,0,0,35.62,32.00,80.20,RESTING
12:11:14.287,-3.38,68.85,16.55,-0.75,0.00,0.00,98,0,0,35.62,32.00,80.20,RESTING
12:11:14.290,-3.38,68.85,16.55,-0.75,0.00,0.00,98,0,0,35.62,32.00,80.20,RESTING
12:11:14.594,-3.38,68.85,16.55,-0.75,0.00,0.00,98,0,0,35.62,32.00,80.20,RESTING
12:11:14.901,-3.38,68.85,16.55,-0.75,0.00,0.00,98,0,0,35.56,32.00,80.00,RESTING
12:11:15.139,-3.38,68.85,16.55,-0.75,0.00,0.00,98,0,0,35.56,32.00,80.00,RESTING
12:11:15.423,-3.38,68.85,16.55,-0.75,0.00,0.00,98,0,0,35.56,32.00,80.00,RESTING
12:11:15.720,-3.38,68.85,16.55,-0.75,0.00,0.00,98,0,0,35.56,32.00,80.00,RESTING
12:11:16.027,-3.38,68.85,16.55,-0.75,0.00,0.00,98,0,0,35.56,32.00,80.00,RESTING
12:11:16.272,-3.38,68.85,16.55,-0.75,0.00,0.00,98,0,0,35.56,32.00,80.00,RESTING
12:11:16.554,-3.38,68.85,16.55,-0.75,0.00,0.00,98,0,0,35.56,32.00,80.00,RESTING
12:11:16.846,-3.38,68.85,16.55,-0.75,0.00,0.00,98,0,0,35.56,32.00,80.00,RESTING
12:11:17.155,-3.38,68.85,16.55,-0.75,0.00,0.00,98,0,0,35.56,32.00,80.10,RESTING
12:11:17.461,0.00,68.85,16.55,-0.75,0.00,0.00,98,0,0,35.50,32.00,80.10,RESTING
12:11:17.693,-3.38,68.85,16.55,-0.75,0.00,0.00,98,0,0,35.50,32.00,80.10,RESTING
12:11:17.978,-3.38,68.85,16.55,-0.75,0.00,0.00,98,0,0,35.50,32.00,80.10,RESTING
12:11:18.281,-3.38,68.85,16.55,-0.75,0.00,0.00,98,0,0,35.50,32.00,80.10,RESTING
12:11:18.588,-3.38,68.85,16.55,-0.75,0.00,0.00,98,0,0,35.50,32.00,80.10,RESTING
12:11:18.828,-3.38,68.85,16.55,-0.75,0.00,0.00,98,0,0,35.50,32.00,80.10,RESTING
12:11:19.112,-3.38,68.85,16.55,-0.75,0.00,0.00,98,0,0,35.50,32.00,80.10,RESTING
12:11:19.406,-3.38,68.85,16.55,-0.75,0.00,0.00,98,0,0,35.50,32.00,79.90,RESTING
12:11:19.714,-3.38,68.85,16.55,-0.75,0.00,0.00,98,0,0,35.50,32.00,79.90,RESTING
12:11:20.020,-3.38,68.85,16.55,-0.75,0.00,0.00,98,0,0,35.50,32.00,79.90,RESTING
12:11:20.250,-3.38,68.85,16.55,-0.75,0.00,0.00,98,0,0,35.50,32.00,79.90,RESTING
12:11:20.534,-3.38,68.85,16.55,-0.75,0.00,0.00,98,0,0,35.50,32.00,79.90,RESTING
12:11:20.840,-3.38,68.85,16.55,-0.75,0.00,0.00,98,0,0,35.44,32.00,79.90,RESTING
12:11:21.148,-3.38,68.85,16.55,-0.75,0.00,0.00,98,0,0,35.44,32.00,79.90,RESTING
12:11:21.383,-3.38,68.85,16.55,-0.75,0.00,0.00,98,0,0,35.44,32.00,79.90,RESTING
12:11:21.672,-3.38,68.85,16.55,-0.75,0.00,0.00,98,0,0,35.38,32.00,79.70,RESTING
12:11:21.967,-3.38,68.85,16.55,-0.75,0.00,0.00,98,0,0,35.38,32.00,79.70,RESTING
12:11:22.274,-3.38,68.85,16.55,-0.75,0.00,0.00,98,0,0,35.38,32.00,79.70,RESTING
12:11:22.581,-3.38,68.85,16.55,-0.75,0.00,0.00,98,0,0,35.38,32.00,79.70,RESTING
12:11:22.807,-3.38,68.85,16.55,-0.75,0.00,0.00,98,0,0,35.38,32.00,79.70,RESTING
12:11:23.092,-3.38,68.85,16.55,-0.75,0.00,0.00,98,0,0,35.38,32.00,79.70,RESTING
12:11:23.401,-3.38,68.85,16.55,-0.75,0.00,0.00,98,0,0,35.38,32.00,79.70,RESTING
12:11:23.708,-3.38,68.85,16.55,-0.75,0.00,0.00,98,0,0,35.38,32.00,79.70,RESTING
12:11:23.945,-3.38,68.85,16.55,-0.75,0.00,0.00,98,0,0,35.38,32.00,79.70,RESTING
12:11:24.228,-3.38,68.85,16.55,-0.75,0.00,0.00,98,0,0,35.38,32.00,79.70,RESTING
12:11:24.526,-3.38,68.85,16.55,-0.75,0.00,0.00,98,0,0,35.38,32.00,79.70,RESTING
12:11:24.835,-3.38,68.85,16.55,-0.75,0.00,0.00,98,0,0,35.38,32.00,79.70,RESTING
12:11:25.080,-3.38,68.85,16.55,-0.75,0.00,0.00,98,0,0,35.38,32.00,79.70,RESTING
12:11:25.364,-3.38,68.85,16.55,-0.75,0.00,0.00,98,0,0,35.38,32.00,79.70,RESTING
12:11:25.653,-3.38,68.85,16.55,-0.75,0.00,0.00,98,0,0,35.38,32.00,79.70,RESTING
12:11:25.960,-3.38,68.85,16.55,-0.75,0.00,0.00,98,0,0,35.38,32.00,79.70,RESTING
12:11:26.268,-3.38,68.85,16.55,-0.75,0.00,0.00,98,0,0,35.38,32.00,79.40,RESTING
12:11:26.504,-3.38,68.85,16.55,-0.75,0.00,0.00,98,0,0,35.38,32.00,79.40,RESTING
12:11:26.787,-3.38,68.85,16.55,-0.75,0.00,0.00,98,0,0,35.31,32.00,79.40,RESTING
12:11:27.091,-3.38,68.85,16.55,-0.75,0.00,0.00,98,0,0,35.31,32.00,79.40,RESTING
12:11:27.403,-3.38,68.85,16.55,-0.75,0.00,0.00,98,0,0,35.31,32.00,79.40,RESTING
12:11:27.639,-3.38,68.85,16.55,-0.75,0.00,0.00,98,0,0,35.31,32.00,79.40,RESTING
12:11:27.923,-3.38,68.85,16.55,-0.75,0.00,0.00,98,0,0,35.31,32.00,79.40,RESTING
12:11:28.225,-3.38,68.85,16.55,-0.75,0.00,0.00,98,0,0,35.31,32.00,79.40,RESTING
12:11:28.521,-3.38,68.85,16.55,-0.75,0.00,0.00,98,0,0,35.31,32.00,79.10,RESTING
12:11:28.828,-3.38,68.85,16.55,-0.75,0.00,0.00,98,0,0,35.31,32.00,79.10,RESTING
12:11:29.062,-3.38,68.85,16.55,-0.75,0.00,0.00,98,0,0,35.31,32.00,79.10,RESTING
12:11:29.348,-3.38,68.85,16.55,-0.75,0.00,0.00,98,0,0,35.25,32.00,79.10,RESTING
12:11:29.650,-3.38,68.85,16.55,-0.75,0.00,0.00,98,0,0,35.25,32.00,79.10,RESTING
12:11:29.964,-3.38,68.85,16.55,-0.75,0.00,0.00,98,0,0,35.25,32.00,79.10,RESTING
12:11:30.198,-3.38,68.85,16.55,-0.75,0.00,0.00,98,0,0,35.31,32.00,79.10,RESTING
12:11:30.481,-3.38,68.85,16.55,-0.75,0.00,0.00,98,0,0,35.31,32.00,79.10,RESTING
12:11:30.774,-3.38,68.85,16.55,-0.75,0.00,0.00,98,0,0,35.31,32.00,78.80,RESTING
12:11:31.081,-3.38,68.85,16.55,-0.75,0.00,0.00,98,0,0,35.31,32.00,78.80,RESTING
12:11:31.389,-3.38,68.85,16.55,-0.75,0.00,0.00,98,0,0,35.31,32.00,78.80,RESTING
12:11:31.620,-3.38,68.85,16.55,-0.75,0.00,0.00,98,0,0,35.31,32.00,78.80,RESTING
12:11:31.902,-3.38,68.85,16.55,-0.75,0.00,0.00,98,0,0,35.25,32.00,78.80,RESTING
12:11:32.207,-3.38,68.85,16.55,-0.75,0.00,0.00,98,0,0,35.25,32.00,78.80,RESTING
12:11:32.515,-3.38,68.85,16.55,-0.75,0.00,0.00,98,0,0,35.25,32.00,78.80,RESTING
12:11:32.752,-3.38,68.85,16.55,-0.75,0.00,0.00,98,0,0,35.31,32.00,78.80,RESTING
12:11:33.043,-3.38,68.85,16.55,-0.75,0.00,0.00,98,0,0,35.31,31.90,77.90,RESTING
12:11:33.334,-3.38,68.85,16.55,-0.75,0.00,0.00,98,0,0,35.31,31.90,77.90,RESTING
12:11:33.641,-3.38,68.85,16.55,-0.75,0.00,0.00,98,0,0,35.25,31.90,77.90,RESTING
12:11:33.948,-3.38,68.85,16.55,-0.75,0.00,0.00,98,0,0,35.25,31.90,77.90,RESTING
12:11:34.178,-3.38,68.85,16.55,-0.75,0.00,0.00,98,0,0,35.25,31.90,77.90,RESTING
12:11:34.460,-3.38,68.85,16.55,-0.75,0.00,0.00,98,0,0,35.25,31.90,77.90,RESTING
12:11:34.766,-3.38,68.85,16.55,-0.75,0.00,0.00,98,0,0,35.25,31.90,77.90,RESTING
12:11:35.075,-3.38,68.85,16.55,-0.75,0.00,0.00,98,0,0,35.25,31.90,77.90,RESTING
12:11:35.316,-3.38,68.85,16.55,-0.75,0.00,0.00,98,0,0,35.25,31.90,77.00,RESTING
12:11:35.599,-3.38,68.85,16.55,-0.75,0.00,0.00,98,0,0,35.25,31.90,77.00,RESTING
12:11:35.895,-3.38,68.85,16.55,-0.75,0.00,0.00,98,0,0,35.25,31.90,77.00,RESTING
12:11:36.200,-3.38,68.85,16.55,-0.75,0.00,0.00,98,0,0,35.31,31.90,77.00,RESTING
12:11:37.020,-3.38,68.85,16.55,-0.75,0.00,0.00,98,0,0,35.31,31.90,77.00,RESTING
12:11:37.023,-3.38,68.85,16.55,-0.75,0.00,0.00,98,0,0,35.31,31.90,77.00,RESTING
12:11:37.329,-3.38,68.85,16.55,-0.75,0.00,0.00,98,0,0,35.31,31.90,77.00,RESTING
12:11:37.635,-3.38,68.85,16.55,-0.75,0.00,0.00,98,0,0,35.31,31.90,76.70,RESTING
12:11:37.871,-3.38,68.85,16.55,-0.75,0.00,0.00,98,0,0,35.25,31.90,76.70,RESTING
12:11:38.155,-3.38,68.85,16.55,-0.75,0.00,0.00,98,0,0,35.25,31.90,76.70,RESTING
12:11:38.454,-3.38,68.85,16.55,-0.75,0.00,0.00,98,0,0,35.25,31.90,76.70,RESTING
12:11:38.760,-3.38,68.85,16.55,-0.75,0.00,0.00,98,0,0,35.25,31.90,76.70,RESTING
12:11:39.006,-3.38,68.85,16.55,-0.75,0.00,0.00,98,0,0,35.25,31.90,76.70,RESTING
12:11:39.289,-3.38,68.85,16.55,-0.75,0.00,0.00,98,0,0,35.25,31.90,76.70,RESTING
12:11:39.580,-3.38,68.85,16.55,-0.75,0.00,0.00,98,0,0,35.25,31.90,76.70,RESTING
12:11:39.887,-3.38,68.85,16.55,-0.75,0.00,0.00,98,0,0,35.25,31.90,76.70,RESTING
12:11:40.194,-3.38,68.85,16.55,-0.75,0.00,0.00,98,0,0,35.25,31.90,76.70,RESTING
12:11:40.427,-3.38,68.85,16.55,-0.75,0.00,0.00,98,0,0,35.25,31.90,76.70,RESTING
12:11:40.712,-3.38,68.85,16.55,-0.75,0.00,0.00,98,0,0,35.25,31.90,76.70,RESTING
12:11:41.014,-3.38,68.85,16.55,-0.75,0.00,0.00,98,0,0,35.25,31.90,76.70,RESTING
12:11:41.320,-3.38,68.85,16.55,-0.75,0.00,0.00,98,0,0,35.31,31.90,76.70,RESTING
12:11:41.563,-3.38,68.85,16.55,-0.75,0.00,0.00,98,0,0,35.31,31.90,76.70,RESTING
12:11:41.846,-3.38,68.85,16.55,-0.75,0.00,0.00,98,0,0,35.31,31.90,76.70,RESTING
12:11:42.139,-3.38,68.85,16.55,-0.75,0.00,0.00,98,0,0,35.25,31.90,76.70,RESTING
12:11:42.447,-3.38,68.85,16.55,-0.75,0.00,0.00,98,0,0,35.25,31.90,76.70,RESTING
12:11:42.753,-3.38,68.85,16.55,-0.75,0.00,0.00,98,0,0,35.25,31.90,76.70,RESTING
12:11:42.985,-3.38,68.85,16.55,-0.75,0.00,0.00,98,0,0,35.25,31.90,76.70,RESTING
12:11:43.269,-3.38,68.85,16.55,-0.75,0.00,0.00,98,0,0,35.25,31.90,76.70,RESTING
12:11:43.573,-3.38,68.85,16.55,-0.75,0.00,0.00,98,0,0,35.25,31.90,76.70,RESTING
12:11:43.880,-3.38,68.85,16.55,-0.75,0.00,0.00,98,0,0,35.25,31.90,76.70,RESTING
12:11:44.118,-3.38,68.85,16.55,-0.75,0.00,0.00,98,0,0,35.25,31.90,76.70,RESTING
12:11:44.408,-3.38,68.85,16.55,-0.75,0.00,0.00,98,0,0,35.25,31.90,76.40,RESTING
12:11:44.699,-3.38,68.85,16.55,-0.75,0.00,0.00,98,0,0,35.25,31.90,76.40,RESTING
12:11:45.006,-3.38,68.85,16.55,-0.75,0.00,0.00,98,0,0,35.25,31.90,76.40,RESTING
12:11:45.314,-3.38,68.85,16.55,-0.75,0.00,0.00,98,0,0,35.25,31.90,76.40,RESTING
12:11:45.543,-3.38,68.85,16.55,-0.75,0.00,0.00,98,0,0,35.25,31.90,76.40,RESTING
12:11:45.826,-3.38,68.85,16.55,-0.75,0.00,0.00,98,0,0,35.25,31.90,76.40,RESTING
12:11:46.133,-3.38,68.85,16.55,-0.75,0.00,0.00,98,0,0,35.25,31.90,76.40,RESTING
12:11:46.442,-3.38,68.85,16.55,-0.75,0.00,0.00,98,0,0,35.25,31.90,76.40,RESTING
12:11:46.681,-3.38,68.85,16.55,-0.75,0.00,0.00,98,0,0,35.25,31.90,75.90,RESTING
12:11:46.965,-3.38,68.85,16.55,-0.75,0.00,0.00,98,0,0,35.25,31.90,75.90,RESTING
12:11:47.271,-3.38,68.85,16.55,-0.75,0.00,0.00,98,0,0,35.25,31.90,75.90,RESTING
12:11:47.568,-3.38,68.85,16.55,-0.75,0.00,0.00,98,0,0,35.25,31.90,75.90,RESTING
12:11:47.882,-3.38,68.85,16.55,-0.75,0.00,0.00,98,0,0,35.25,31.90,75.90,RESTING
12:11:48.103,-3.38,68.85,16.55,-0.75,0.00,0.00,98,0,0,35.31,31.90,75.90,RESTING
12:11:48.388,-3.38,68.85,16.55,-0.75,0.00,0.00,98,0,0,35.31,31.90,75.90,RESTING
12:11:48.706,-3.38,68.85,16.55,-0.75,0.00,0.00,98,0,0,35.31,31.90,75.90,RESTING
12:11:49.010,-3.38,68.85,16.55,-0.75,0.00,0.00,98,0,0,35.31,31.90,75.80,RESTING
12:11:49.243,-3.38,68.85,16.55,-0.75,0.00,0.00,98,0,0,35.31,31.90,75.80,RESTING
12:11:49.527,-3.38,68.85,16.55,-0.75,0.00,0.00,98,0,0,35.31,31.90,75.80,RESTING
12:11:49.819,-3.38,68.85,16.55,-0.75,0.00,0.00,98,0,0,35.31,31.90,75.80,RESTING
12:11:50.127,-3.38,68.85,16.55,-0.75,0.00,0.00,98,0,0,35.31,31.90,75.80,RESTING
12:11:50.434,-3.38,68.85,16.55,-0.75,0.00,0.00,98,0,0,35.31,31.90,75.80,RESTING
12:11:50.660,-3.38,68.85,16.55,-0.75,0.00,0.00,98,0,0,35.31,31.90,75.80,RESTING
12:11:50.945,-3.38,68.85,16.55,-0.75,0.00,0.00,98,0,0,35.31,31.90,75.80,RESTING
12:11:51.267,-3.38,68.85,16.55,-0.75,0.00,0.00,98,0,0,35.31,31.90,75.70,RESTING
12:11:51.560,-3.38,68.85,16.55,-0.75,0.00,0.00,98,0,0,35.31,31.90,75.70,RESTING
12:11:51.799,-3.38,68.85,16.55,-0.75,0.00,0.00,98,0,0,35.31,31.90,75.70,RESTING
12:11:52.083,-3.38,68.85,16.55,-0.75,0.00,0.00,98,0,0,35.31,31.90,75.70,RESTING
12:11:52.386,-3.38,68.85,16.55,-0.75,0.00,0.00,98,0,0,35.38,31.90,75.70,RESTING
12:11:52.700,-3.38,68.85,16.55,-0.75,0.00,0.00,98,0,0,35.38,31.90,75.70,RESTING
12:11:52.933,-3.38,68.85,16.55,-0.75,0.00,0.00,98,0,0,35.38,31.90,75.70,RESTING
12:11:53.217,-3.38,68.85,16.55,-0.75,0.00,0.00,98,0,0,35.31,31.90,75.70,RESTING
12:11:53.506,-3.38,68.85,16.55,-0.75,0.00,0.00,98,0,0,35.31,32.00,75.80,RESTING
12:11:53.813,-3.38,68.85,16.55,-0.75,0.00,0.00,98,0,0,35.31,32.00,75.80,RESTING
12:11:54.121,-3.38,68.85,16.55,-0.75,0.00,0.00,98,0,0,35.31,32.00,75.80,RESTING
12:11:54.356,-3.38,68.85,16.55,-0.75,0.00,0.00,98,0,0,35.31,32.00,75.80,RESTING
12:11:54.639,-3.38,68.85,16.55,-0.75,0.00,0.00,98,0,0,35.31,32.00,75.80,RESTING
12:11:54.939,-3.38,68.85,16.55,-0.75,0.00,0.00,98,0,0,35.38,32.00,75.80,RESTING
12:11:55.247,-3.38,68.85,16.55,-0.75,0.00,0.00,98,0,0,35.38,32.00,75.80,RESTING
12:11:55.489,-3.38,68.85,16.55,-0.75,0.00,0.00,98,0,0,35.38,32.00,75.80,RESTING
12:11:55.780,-3.38,68.85,16.55,-0.75,0.00,0.00,98,0,0,35.31,31.90,75.80,RESTING
12:11:56.065,-3.38,68.85,16.55,-0.75,0.00,0.00,98,0,0,35.31,31.90,75.80,RESTING
12:11:56.373,-3.38,68.85,16.55,-0.75,0.00,0.00,98,0,0,35.31,31.90,75.80,RESTING
12:11:56.680,-3.38,68.85,16.55,-0.75,0.00,0.00,98,0,0,35.31,31.90,75.80,RESTING
12:11:56.913,-3.38,68.85,16.55,-0.75,0.00,0.00,98,0,0,35.31,31.90,75.80,RESTING
12:11:57.197,-3.38,68.85,16.55,-0.75,0.00,0.00,98,0,0,35.31,31.90,75.80,RESTING
12:11:57.499,-3.38,68.85,16.55,-0.75,0.00,0.00,98,0,0,35.31,31.90,75.80,RESTING
12:11:57.807,-3.38,68.85,16.55,-0.75,0.00,0.00,98,0,0,35.31,31.90,75.80,RESTING
12:11:58.051,-3.38,68.85,16.55,-0.75,0.00,0.00,98,0,0,35.31,31.90,75.30,RESTING
12:11:58.335,-3.38,68.85,16.55,-0.75,0.00,0.00,98,0,0,35.31,31.90,75.30,RESTING
12:11:58.626,-3.38,68.85,16.55,-0.75,0.00,0.00,98,0,0,35.31,31.90,75.30,RESTING
12:11:58.933,-3.38,68.85,16.55,-0.75,0.00,0.00,98,0,0,35.31,31.90,75.30,RESTING
12:11:59.241,-3.38,68.85,16.55,-0.75,0.00,0.00,98,0,0,35.31,31.90,75.30,RESTING
12:11:59.468,-3.38,68.85,16.55,-0.75,0.00,0.00,98,0,0,35.31,31.90,75.30,RESTING
12:11:59.753,-3.38,68.85,16.55,-0.75,0.00,0.00,98,0,0,35.31,31.90,75.30,RESTING
12:12:00.059,-3.38,68.85,16.55,-0.75,0.00,0.00,98,0,0,35.25,31.90,75.30,RESTING
12:12:00.367,-3.38,68.85,16.55,-0.75,0.00,0.00,98,0,0,35.25,31.90,75.10,RESTING
12:12:00.608,-3.38,68.85,16.55,-0.75,0.00,0.00,98,0,0,35.25,31.90,75.10,RESTING
12:12:00.891,-3.38,68.85,16.55,-0.75,0.00,0.00,98,0,0,35.25,31.90,75.10,RESTING
12:12:01.186,-3.38,68.85,16.55,-0.75,0.00,0.00,98,0,0,35.25,31.90,75.10,RESTING
12:12:01.489,-3.38,68.85,16.55,-0.75,0.00,0.00,98,0,0,35.25,31.90,75.10,RESTING
12:12:01.741,-3.38,68.85,16.55,-0.75,0.00,0.00,98,0,0,35.25,31.90,75.10,RESTING
12:12:02.025,-3.38,68.85,16.55,-0.75,0.00,0.00,98,0,0,35.25,31.90,75.10,RESTING
12:12:02.311,-3.38,68.85,16.55,-0.75,0.00,0.00,98,0,0,35.25,31.90,75.10,RESTING
12:12:02.629,-3.38,68.85,16.55,-0.75,0.00,0.00,98,0,0,35.25,31.90,75.20,RESTING
12:12:02.926,-3.38,68.85,16.55,-0.75,0.00,0.00,98,0,0,35.25,31.90,75.20,RESTING
12:12:03.163,-3.38,68.85,16.55,-0.75,0.00,0.00,98,0,0,35.25,31.90,75.20,RESTING
12:12:03.447,-3.38,68.85,16.55,-0.75,0.00,0.00,98,0,0,35.25,31.90,75.20,RESTING
12:12:03.747,-3.38,68.85,16.55,-0.75,0.00,0.00,98,0,0,35.25,31.90,75.20,RESTING
12:12:04.053,-3.38,68.85,16.55,-0.75,0.00,0.00,98,0,0,35.25,31.90,75.20,RESTING
12:12:04.298,-3.38,68.85,16.55,-0.75,0.00,0.00,98,0,0,35.25,31.90,75.20,RESTING
12:12:04.581,-3.38,68.85,16.55,-0.75,0.00,0.00,98,0,0,35.25,31.90,75.20,RESTING
12:12:04.872,-3.38,68.85,16.55,-0.75,0.00,0.00,98,0,0,35.25,31.90,75.40,RESTING
12:12:05.180,-3.38,68.85,16.55,-0.75,0.00,0.00,98,0,0,35.25,31.90,75.40,RESTING
12:12:05.496,-3.38,68.85,16.55,-0.75,0.00,0.00,98,0,0,35.25,31.90,75.40,RESTING
12:12:05.718,-3.38,68.85,16.55,-0.75,0.00,0.00,98,0,0,35.25,31.90,75.40,RESTING
12:12:06.002,-3.38,68.85,16.55,-0.75,0.00,0.00,98,0,0,35.25,31.90,75.40,RESTING
12:12:06.307,-3.38,68.85,16.55,-0.75,0.00,0.00,98,0,0,35.25,31.90,75.40,RESTING
12:12:06.615,-3.38,68.85,16.55,-0.75,0.00,0.00,98,0,0,35.25,31.90,75.40,RESTING
12:12:06.854,-3.38,68.85,16.55,-0.75,0.00,0.00,98,0,0,35.19,31.90,75.40,RESTING
12:12:07.143,-3.38,68.85,16.55,-0.75,0.00,0.00,98,0,0,35.19,31.90,75.70,RESTING
12:12:07.432,-3.38,68.85,16.55,-0.75,0.00,0.00,98,0,0,35.19,31.90,75.70,RESTING
12:12:07.739,-3.38,68.85,16.55,-0.75,0.00,0.00,98,0,0,35.19,31.90,75.70,RESTING
12:12:08.048,-3.38,68.85,16.55,-0.75,0.00,0.00,98,0,0,35.19,31.90,75.70,RESTING
12:12:08.278,-3.38,68.85,16.55,-0.75,0.00,0.00,98,0,0,35.19,31.90,75.70,RESTING
12:12:08.562,-3.38,68.85,16.55,-0.75,0.00,0.00,98,0,0,35.19,31.90,75.70,RESTING
12:12:08.868,-3.38,68.85,16.55,-0.75,0.00,0.00,98,0,0,35.19,31.90,75.70,RESTING
12:12:09.174,-3.38,68.85,16.55,-0.75,0.00,0.00,98,0,0,35.19,31.90,75.70,RESTING
12:12:09.415,-3.38,68.85,16.55,-0.75,0.00,0.00,98,0,0,35.19,31.80,75.60,RESTING
12:12:09.699,-3.38,68.85,16.55,-0.75,0.00,0.00,98,0,0,35.19,31.80,75.60,RESTING
12:12:09.994,-3.38,68.85,16.55,-0.75,0.00,0.00,98,0,0,35.19,31.80,75.60,RESTING
12:12:10.301,-3.38,68.85,16.55,-0.75,0.00,0.00,98,0,0,35.19,31.80,75.60,RESTING
12:12:10.610,-3.38,68.85,16.55,-0.75,0.00,0.00,98,0,0,35.19,31.80,75.60,RESTING
12:12:10.914,-3.38,68.85,16.55,-0.75,0.00,0.00,98,0,0,35.19,31.80,75.60,RESTING
12:12:11.120,-3.38,68.85,16.55,-0.75,0.00,0.00,98,0,0,35.19,31.80,75.60,RESTING
12:12:11.426,-3.38,68.85,16.55,-0.75,0.00,0.00,98,0,0,35.19,31.80,75.60,RESTING
12:12:11.733,-3.38,68.85,16.55,-0.75,0.00,0.00,98,0,0,35.19,31.70,75.80,RESTING
12:12:11.973,-3.38,68.85,16.55,-0.75,0.00,0.00,98,0,0,35.19,31.70,75.80,RESTING
12:12:12.259,-3.38,68.85,16.55,-0.75,0.00,0.00,98,0,0,35.19,31.70,75.80,RESTING
12:12:12.555,-3.38,68.85,16.55,-0.75,0.00,0.00,98,0,0,35.19,31.70,75.80,RESTING
12:12:12.859,-3.38,68.85,16.55,-0.75,0.00,0.00,98,0,0,35.19,31.70,75.80,RESTING
12:12:13.167,-3.38,68.85,16.55,-0.75,0.00,0.00,98,0,0,35.19,31.70,75.80,RESTING
12:12:13.390,-3.38,68.85,16.55,-0.75,0.00,0.00,98,0,0,35.19,31.70,75.80,RESTING
12:12:13.678,-3.38,68.85,16.55,-0.75,0.00,0.00,98,0,0,35.19,31.70,75.80,RESTING
12:12:13.986,-3.38,68.85,16.55,-0.75,0.00,0.00,98,0,0,35.19,31.70,76.00,RESTING
12:12:14.293,-3.38,68.85,16.55,-0.75,0.00,0.00,98,0,0,35.19,31.70,76.00,RESTING
12:12:14.530,-3.38,68.85,16.55,-0.75,0.00,0.00,98,0,0,35.19,31.70,76.00,RESTING
12:12:14.815,-3.38,68.85,16.55,-0.75,0.00,0.00,98,0,0,35.19,31.70,76.00,RESTING
12:12:15.112,-3.38,68.85,16.55,-0.75,0.00,0.00,98,0,0,35.19,31.70,76.00,RESTING
12:12:15.420,-3.38,68.85,16.55,-0.75,0.00,0.00,98,0,0,35.12,31.70,76.00,RESTING
12:12:15.667,-3.38,68.85,16.55,-0.75,0.00,0.00,98,0,0,35.12,31.70,76.00,RESTING
12:12:15.951,-3.38,68.85,16.55,-0.75,0.00,0.00,98,0,0,35.12,31.70,76.00,RESTING
12:12:16.241,-3.38,68.85,16.55,-0.75,0.00,0.00,98,0,0,35.12,31.70,76.20,RESTING
12:12:16.546,-3.38,68.85,16.55,-0.75,0.00,0.00,98,0,0,35.12,31.70,76.20,RESTING
12:12:16.853,-3.38,68.85,16.55,-0.75,0.00,0.00,98,0,0,35.12,31.70,76.20,RESTING
12:12:17.092,-3.38,68.85,16.55,-0.75,0.00,0.00,98,0,0,35.12,31.70,76.20,RESTING
12:12:17.376,-3.38,68.85,16.55,-0.75,0.00,0.00,98,0,0,35.12,31.70,76.20,RESTING
12:12:17.672,-3.38,68.85,16.55,-0.75,0.00,0.00,98,0,0,35.12,31.70,76.20,RESTING
12:12:17.979,-3.38,68.85,16.55,-0.75,0.00,0.00,98,0,0,35.12,31.70,76.20,RESTING
12:12:18.288,-3.38,68.85,16.55,-0.75,0.00,0.00,98,0,0,35.12,31.70,76.20,RESTING
12:12:18.530,-3.38,68.85,16.55,-0.75,0.00,0.00,98,0,0,35.12,31.70,76.40,RESTING
12:12:18.912,-3.38,68.85,16.55,-0.75,0.00,0.00,98,0,0,35.12,31.70,76.40,RESTING
12:12:19.207,-3.38,68.85,16.55,-0.75,0.00,0.00,98,0,0,35.12,31.70,76.40,RESTING
12:12:19.443,-3.38,68.85,16.55,-0.75,0.00,0.00,98,0,0,35.12,31.70,76.40,RESTING
12:12:19.653,-3.38,68.85,16.55,-0.75,0.00,0.00,98,0,0,35.12,31.70,76.40,RESTING
12:12:19.937,-3.38,68.85,16.55,-0.75,0.00,0.00,98,0,0,35.12,31.70,76.40,RESTING
12:12:20.350,-3.38,68.85,16.55,-0.75,0.00,0.00,98,0,0,35.12,31.70,76.40,RESTING
12:12:20.540,-3.38,68.85,16.55,-0.75,0.00,0.00,98,0,0,35.12,31.70,76.40,RESTING
12:12:20.846,-3.38,68.85,16.55,-0.75,0.00,0.00,98,0,0,35.12,31.70,76.70,RESTING
12:12:21.077,-3.38,68.85,16.55,-0.75,0.00,0.00,98,0,0,35.12,31.70,76.70,RESTING
12:12:21.361,-3.38,68.85,16.55,-0.75,0.00,0.00,98,0,0,35.06,31.70,76.70,RESTING
12:12:21.667,-3.38,68.85,16.55,-0.75,0.00,0.00,98,0,0,35.06,31.70,76.70,RESTING
12:12:21.977,-3.38,68.85,16.55,-0.75,0.00,0.00,98,0,0,35.06,31.70,76.70,RESTING
12:12:22.211,-3.38,68.85,16.55,-0.75,0.00,0.00,98,0,0,35.12,31.70,76.70,RESTING
12:12:22.498,-3.38,68.85,16.55,-0.75,0.00,0.00,98,0,0,35.12,31.70,76.70,RESTING
12:12:22.793,-3.38,68.85,16.55,-0.75,0.00,0.00,98,0,0,35.12,31.70,76.70,RESTING
12:12:23.100,-3.38,68.85,16.55,-0.75,0.00,0.00,98,0,0,35.12,31.70,76.60,RESTING
12:12:23.407,-3.38,68.85,16.55,-0.75,0.00,0.00,98,0,0,35.12,31.70,76.60,RESTING
12:12:23.642,-3.38,68.85,16.55,-0.75,0.00,0.00,98,0,0,35.12,31.70,76.60,RESTING
12:12:23.919,-3.38,68.85,16.55,-0.75,0.00,0.00,98,0,0,35.12,31.70,76.60,RESTING
12:12:24.341,-3.38,68.85,16.55,-0.75,0.00,0.00,98,0,0,35.12,31.70,76.60,RESTING
12:12:24.642,-3.38,68.85,16.55,-0.75,0.00,0.00,98,0,0,35.12,31.70,76.60,RESTING
12:12:24.770,-3.38,68.85,16.55,-0.75,0.00,0.00,98,0,0,35.06,31.70,76.60,RESTING
12:12:25.054,-3.38,68.85,16.55,-0.75,0.00,0.00,98,0,0,35.06,31.70,76.60,RESTING
12:12:25.352,-3.38,68.85,16.55,-0.75,0.00,0.00,98,0,0,35.06,31.70,76.60,RESTING
12:12:25.661,-3.38,68.85,16.55,-0.75,0.00,0.00,98,0,0,35.12,31.70,76.60,RESTING
12:12:25.967,-3.38,68.85,16.55,-0.75,0.00,0.00,98,0,0,35.12,31.70,76.60,RESTING
12:12:26.196,-3.38,68.85,16.55,-0.75,0.00,0.00,98,0,0,35.12,31.70,76.60,RESTING
12:12:26.481,-3.38,68.85,16.55,-0.75,0.00,0.00,98,0,0,35.12,31.70,76.60,RESTING
12:12:26.787,-3.38,68.85,16.55,-0.75,0.00,0.00,98,0,0,35.12,31.70,76.60,RESTING
12:12:27.093,-3.38,68.85,16.55,-0.75,0.00,0.00,98,0,0,35.12,31.70,76.60,RESTING
12:12:27.330,-3.38,68.85,16.55,-0.75,0.00,0.00,98,0,0,35.12,31.70,76.60,RESTING
12:12:27.621,-3.38,68.85,16.55,-0.75,0.00,0.00,98,0,0,35.12,31.70,76.80,RESTING
12:12:27.914,-3.38,68.85,16.55,-0.75,0.00,0.00,98,0,0,35.12,31.70,76.80,RESTING
12:12:28.222,-3.38,68.85,16.55,-0.75,0.00,0.00,98,0,0,35.12,31.70,76.80,RESTING
12:12:28.527,-3.38,68.85,16.55,-0.75,0.00,0.00,98,0,0,35.12,31.70,76.80,RESTING
12:12:28.753,-3.38,68.85,16.55,-0.75,0.00,0.00,98,0,0,35.12,31.70,76.80,RESTING
12:12:29.041,-3.38,68.85,16.55,-0.75,0.00,0.00,98,0,0,35.12,31.70,76.80,RESTING
12:12:29.347,-3.38,68.85,16.55,-0.75,0.00,0.00,98,0,0,35.12,31.70,76.80,RESTING
12:12:29.655,-3.38,68.85,16.55,-0.75,0.00,0.00,98,0,0,35.12,31.70,76.80,RESTING
12:12:29.893,-3.38,68.85,16.55,-0.75,0.00,0.00,98,0,0,35.12,31.70,76.90,RESTING
12:12:30.179,-3.38,68.85,16.55,-0.75,0.00,0.00,98,0,0,35.12,31.70,76.90,RESTING
12:12:30.475,-3.38,68.85,16.55,-0.75,0.00,0.00,98,0,0,35.12,31.70,76.90,RESTING
12:12:30.781,-3.38,68.85,16.55,-0.75,0.00,0.00,98,0,0,35.12,31.70,76.90,RESTING
12:12:31.089,-3.38,68.85,16.55,-0.75,0.00,0.00,98,0,0,35.12,31.70,76.90,RESTING
12:12:31.313,-3.38,68.85,16.55,-0.75,0.00,0.00,98,0,0,35.12,31.70,76.90,RESTING
12:12:31.707,-3.38,68.85,16.55,-0.75,0.00,0.00,98,0,0,35.12,31.70,76.90,RESTING
12:12:32.023,-3.38,68.85,16.55,-0.75,0.00,0.00,98,0,0,35.12,31.70,76.90,RESTING
12:12:32.218,-3.38,68.85,16.55,-0.75,0.00,0.00,98,0,0,35.12,31.80,76.90,RESTING
12:12:32.452,-3.38,68.85,16.55,-0.75,0.00,0.00,98,0,0,35.19,31.80,76.90,RESTING
12:12:32.736,-3.38,68.85,16.55,-0.75,0.00,0.00,98,0,0,35.19,31.80,76.90,RESTING
12:12:33.051,-3.38,68.85,16.55,-0.75,0.00,0.00,98,0,0,35.19,31.80,76.90,RESTING
12:12:33.340,-3.38,68.85,16.55,-0.75,0.00,0.00,98,0,0,35.19,31.80,76.90,RESTING
12:12:33.588,-3.38,68.85,16.55,-0.75,0.00,0.00,98,0,0,35.19,31.80,76.90,RESTING
12:12:33.871,-3.38,68.85,16.55,-0.75,0.00,0.00,98,0,0,35.19,31.80,76.90,RESTING
12:12:34.158,-3.38,68.85,16.55,-0.75,0.00,0.00,98,0,0,35.19,31.80,76.90,RESTING
12:12:34.466,-3.38,68.85,16.55,-0.75,0.00,0.00,98,0,0,35.19,31.80,76.80,RESTING
12:12:34.774,0.00,68.85,16.55,-0.75,0.00,0.00,98,0,0,35.19,31.80,76.80,RESTING
12:12:35.009,-3.38,68.85,16.55,-0.75,0.00,0.00,98,0,0,35.19,31.80,76.80,RESTING
12:12:35.295,-3.38,68.85,16.55,-0.75,0.00,0.00,98,0,0,35.19,31.80,76.80,RESTING
12:12:35.701,-3.38,68.85,16.55,-0.75,0.00,0.00,98,0,0,35.19,31.80,76.80,RESTING
12:12:36.004,-3.38,68.85,16.55,-0.75,0.00,0.00,98,0,0,35.19,31.80,76.80,RESTING
12:12:36.142,-3.38,68.85,16.55,-0.75,0.00,0.00,98,0,0,35.19,31.80,76.80,RESTING
12:12:36.426,-3.38,68.85,16.55,-0.75,0.00,0.00,98,0,0,35.19,31.80,76.80,RESTING
12:12:36.719,-3.38,68.85,16.55,-0.75,0.00,0.00,98,0,0,35.19,31.80,76.60,RESTING
12:12:37.032,-3.38,68.85,16.55,-0.75,0.00,0.00,98,0,0,35.19,31.80,76.60,RESTING
12:12:37.436,-3.38,68.85,16.55,-0.75,0.00,0.00,98,0,0,35.19,31.80,76.60,RESTING
12:12:37.567,-3.38,68.85,16.55,-0.75,0.00,0.00,98,0,0,35.19,31.80,76.60,RESTING
12:12:37.851,-3.38,68.85,16.55,-0.75,0.00,0.00,98,0,0,35.19,31.80,76.60,RESTING
12:12:38.152,-3.38,68.85,16.55,-0.75,0.00,0.00,98,0,0,35.19,31.80,76.60,RESTING
12:12:38.573,-3.38,68.85,16.55,-0.75,0.00,0.00,98,0,0,35.19,31.80,76.60,RESTING
12:12:38.766,-3.38,68.85,16.55,-0.75,0.00,0.00,98,0,0,35.19,31.80,76.60,RESTING
12:12:38.990,-3.38,68.85,16.55,-0.75,0.00,0.00,98,0,0,35.19,31.80,76.40,RESTING
12:12:39.398,-3.38,68.85,16.55,-0.75,0.00,0.00,98,0,0,35.19,31.80,76.40,RESTING
12:12:40.407,-3.38,68.85,16.55,-0.75,0.00,0.00,98,0,0,35.19,31.80,76.40,RESTING
12:12:40.409,-3.38,68.85,16.55,-0.75,0.00,0.00,98,0,0,35.25,31.80,76.40,RESTING
12:12:40.412,-3.38,68.85,16.55,-0.75,0.00,0.00,98,0,0,35.25,31.80,76.40,RESTING
12:12:40.724,-3.38,68.85,16.55,-0.75,0.00,0.00,98,0,0,35.25,31.80,76.40,RESTING
12:12:41.020,-3.38,68.85,16.55,-0.75,0.00,0.00,98,0,0,35.25,31.80,76.40,RESTING
12:12:41.261,-3.38,68.85,16.55,-0.75,0.00,0.00,98,0,0,35.25,31.80,76.30,RESTING
12:12:41.546,-3.38,68.85,16.55,-0.75,0.00,0.00,98,0,0,35.25,31.80,76.30,RESTING
12:12:41.839,-3.38,68.85,16.55,-0.75,0.00,0.00,98,0,0,35.19,31.80,76.30,RESTING
12:12:42.146,-3.38,68.85,16.55,-0.75,0.00,0.00,98,0,0,35.19,31.80,76.30,RESTING
12:12:42.454,-3.38,68.85,16.55,-0.75,0.00,0.00,98,0,0,35.19,31.80,76.30,RESTING
12:12:42.680,-3.38,68.85,16.55,-0.75,0.00,0.00,98,0,0,35.19,31.80,76.30,RESTING
12:12:42.964,-3.38,68.85,16.55,-0.75,0.00,0.00,98,0,0,35.19,31.80,76.30,RESTING
12:12:43.272,-3.38,68.85,16.55,-0.75,0.00,0.00,98,0,0,35.19,31.80,76.30,RESTING
12:12:43.580,-3.38,68.85,16.55,-0.75,0.00,0.00,98,0,0,35.19,31.80,76.30,RESTING
12:12:43.819,-3.38,68.85,16.55,-0.75,0.00,0.00,98,0,0,35.19,31.80,76.30,RESTING
12:12:44.101,-3.38,68.85,16.55,-0.75,0.00,0.00,98,0,0,35.19,31.80,76.30,RESTING
12:12:44.403,-3.38,68.85,16.55,-0.75,0.00,0.00,98,0,0,35.19,31.80,76.30,RESTING
12:12:44.717,-3.38,68.85,16.55,-0.75,0.00,0.00,98,0,0,35.19,31.80,76.30,RESTING
12:12:44.951,-3.38,68.85,16.55,-0.75,0.00,0.00,98,0,0,35.19,31.80,76.30,RESTING
12:12:45.236,-3.38,68.85,16.55,-0.75,0.00,0.00,98,0,0,35.19,31.80,76.30,RESTING
12:12:45.525,-3.38,68.85,16.55,-0.75,0.00,0.00,98,0,0,35.19,31.80,76.30,RESTING
12:12:45.833,-3.38,68.85,16.55,-0.75,0.00,0.00,98,0,0,35.19,31.80,76.10,RESTING
12:12:46.140,-3.38,68.85,16.55,-0.75,0.00,0.00,98,0,0,35.19,31.80,76.10,RESTING
12:12:46.373,-3.38,68.85,16.55,-0.75,0.00,0.00,98,0,0,35.19,31.80,76.10,RESTING
12:12:46.656,-3.38,68.85,16.55,-0.75,0.00,0.00,98,0,0,35.19,31.80,76.10,RESTING
12:12:46.956,-3.38,68.85,16.55,-0.75,0.00,0.00,98,0,0,35.19,31.80,76.10,RESTING
12:12:47.266,-3.38,68.85,16.55,-0.75,0.00,0.00,98,0,0,35.19,31.80,76.10,RESTING
12:12:47.509,-3.38,68.85,16.55,-0.75,0.00,0.00,98,0,0,35.19,31.80,76.10,RESTING
12:12:47.791,-3.38,68.85,16.55,-0.75,0.00,0.00,98,0,0,35.25,31.80,76.10,RESTING
12:12:48.085,-3.38,68.85,16.55,-0.75,0.00,0.00,98,0,0,35.25,31.80,76.20,RESTING
12:12:48.393,-3.38,68.85,16.55,-0.75,0.00,0.00,98,0,0,35.25,31.80,76.20,RESTING
12:12:48.711,-3.38,68.85,16.55,-0.75,0.00,0.00,98,0,0,35.19,31.80,76.20,RESTING
12:12:48.931,-3.38,68.85,16.55,-0.75,0.00,0.00,98,0,0,35.19,31.80,76.20,RESTING
12:12:49.216,-3.38,68.85,16.55,-0.75,0.00,0.00,98,0,0,35.19,31.80,76.20,RESTING
12:12:49.519,-3.38,68.85,16.55,-0.75,0.00,0.00,98,0,0,35.19,31.80,76.20,RESTING
12:12:49.826,-3.38,68.85,16.55,-0.75,0.00,0.00,98,0,0,35.19,31.80,76.20,RESTING
12:12:50.066,-3.38,68.85,16.55,-0.75,0.00,0.00,98,0,0,35.19,31.80,76.20,RESTING
12:12:50.356,-3.38,68.85,16.55,-0.75,0.00,0.00,98,0,0,35.19,31.80,76.20,RESTING
12:12:50.646,-3.38,68.85,16.55,-0.75,0.00,0.00,98,0,0,35.19,31.80,76.20,RESTING
12:12:50.952,-3.38,68.85,16.55,-0.75,0.00,0.00,98,0,0,35.19,31.80,76.20,RESTING
12:12:51.259,-3.38,68.85,16.55,-0.75,0.00,0.00,98,0,0,35.19,31.80,76.20,RESTING
12:12:51.488,-3.38,68.85,16.55,-0.75,0.00,0.00,98,0,0,35.19,31.80,76.20,RESTING
12:12:51.771,-3.38,68.85,16.55,-0.75,0.00,0.00,98,0,0,35.19,31.80,76.20,RESTING
12:12:52.078,-3.38,68.85,16.55,-0.75,0.00,0.00,98,0,0,35.19,31.80,76.20,RESTING
12:12:52.386,-3.38,68.85,16.55,-0.75,0.00,0.00,98,0,0,35.19,31.80,76.20,RESTING
12:12:52.627,-3.38,68.85,16.55,-0.75,0.00,0.00,98,0,0,35.19,31.80,76.10,RESTING
12:12:52.913,-3.38,68.85,16.55,-0.75,0.00,0.00,98,0,0,35.19,31.80,76.10,RESTING
12:12:53.217,-3.38,68.85,16.55,-0.75,0.00,0.00,98,0,0,35.19,31.80,76.10,RESTING
12:12:53.513,-3.38,68.85,16.55,-0.75,0.00,0.00,98,0,0,35.19,31.80,76.10,RESTING
12:12:53.826,-3.38,68.85,16.55,-0.75,0.00,0.00,98,0,0,35.19,31.80,76.10,RESTING
12:12:54.047,-3.38,68.85,16.55,-0.75,0.00,0.00,98,0,0,35.19,31.80,76.10,RESTING
12:12:54.331,-3.38,68.85,16.55,-0.75,0.00,0.00,98,0,0,35.19,31.80,76.10,RESTING
12:12:54.648,-3.38,68.85,16.55,-0.75,0.00,0.00,98,0,0,35.12,31.80,76.10,RESTING
12:12:54.951,-3.38,68.85,16.55,-0.75,0.00,0.00,98,0,0,35.12,31.80,75.80,RESTING
12:12:55.186,-3.38,68.85,16.55,-0.75,0.00,0.00,98,0,0,35.12,31.80,75.80,RESTING
12:12:55.471,-3.38,68.85,16.55,-0.75,0.00,0.00,98,0,0,35.12,31.80,75.80,RESTING
12:12:55.766,-3.38,68.85,16.55,-0.75,0.00,0.00,98,0,0,35.12,31.80,75.80,RESTING
12:12:56.072,-3.38,68.85,16.55,-0.75,0.00,0.00,98,0,0,35.12,31.80,75.80,RESTING
12:12:56.320,-3.38,68.85,16.55,-0.75,0.00,0.00,98,0,0,35.12,31.80,75.80,RESTING
12:12:56.605,-3.38,68.85,16.55,-0.75,0.00,0.00,98,0,0,35.12,31.80,75.80,RESTING
12:12:56.891,-3.38,68.85,16.55,-0.75,0.00,0.00,98,0,0,35.12,31.80,75.80,RESTING
12:12:57.199,-3.38,68.85,16.55,-0.75,0.00,0.00,98,0,0,35.12,31.80,75.80,RESTING
12:12:57.506,-3.38,68.85,16.55,-0.75,0.00,0.00,98,0,0,35.12,31.80,75.80,RESTING
12:12:57.743,-3.38,68.85,16.55,-0.75,0.00,0.00,98,0,0,35.12,31.80,75.80,RESTING
12:12:58.026,-3.38,68.85,16.55,-0.75,0.00,0.00,98,0,0,35.12,31.80,75.80,RESTING
12:12:58.325,-3.38,68.85,16.55,-0.75,0.00,0.00,98,0,0,35.12,31.80,75.80,RESTING
12:12:58.632,-3.38,68.85,16.55,-0.75,0.00,0.00,98,0,0,35.12,31.80,75.80,RESTING
12:12:58.876,-3.38,68.85,16.55,-0.75,0.00,0.00,98,0,0,35.12,31.80,75.80,RESTING
12:12:59.160,-3.38,68.85,16.55,-0.75,0.00,0.00,98,0,0,35.12,31.80,75.80,RESTING
12:12:59.452,-3.38,68.85,16.55,-0.75,0.00,0.00,98,0,0,35.12,31.80,76.10,RESTING
12:12:59.759,-3.38,68.85,16.55,-0.75,0.00,0.00,98,0,0,35.19,31.80,76.10,RESTING
12:13:00.066,-3.38,68.85,16.55,-0.75,0.00,0.00,98,0,0,35.19,31.80,76.10,RESTING
12:13:00.299,-3.38,68.85,16.55,-0.75,0.00,0.00,98,0,0,35.19,31.80,76.10,RESTING
12:13:00.584,-3.38,68.85,16.55,-0.75,0.00,0.00,98,0,0,35.19,31.80,76.10,RESTING
12:13:00.886,-3.38,68.85,16.55,-0.75,0.00,0.00,98,0,0,35.19,31.80,76.10,RESTING
12:13:01.192,-3.38,68.85,16.55,-0.75,0.00,0.00,98,0,0,35.19,31.80,76.10,RESTING
12:13:01.433,-3.38,68.85,16.55,-0.75,0.00,0.00,98,0,0,35.19,31.80,76.10,RESTING
12:13:01.723,-3.38,68.85,16.55,-0.75,0.00,0.00,98,0,0,35.19,31.80,76.50,RESTING
12:13:02.012,-3.38,68.85,16.55,-0.75,0.00,0.00,98,0,0,35.19,31.80,76.50,RESTING
12:13:02.324,-3.38,68.85,16.55,-0.75,0.00,0.00,98,0,0,35.19,31.80,76.50,RESTING
12:13:02.639,-3.38,68.85,16.55,-0.75,0.00,0.00,98,0,0,35.19,31.80,76.50,RESTING
12:13:02.857,-3.38,68.85,16.55,-0.75,0.00,0.00,98,0,0,35.19,31.80,76.50,RESTING
12:13:03.139,-3.38,68.85,16.55,-0.75,0.00,0.00,98,0,0,35.19,31.80,76.50,RESTING
12:13:03.457,-3.38,68.85,16.55,-0.75,0.00,0.00,98,0,0,35.19,31.80,76.50,RESTING
12:13:03.755,-3.38,68.85,16.55,-0.75,0.00,0.00,98,0,0,35.19,31.80,76.50,RESTING
12:13:03.994,-3.38,68.85,16.55,-0.75,0.00,0.00,98,0,0,35.19,31.80,76.90,RESTING
12:13:04.279,-3.38,68.85,16.55,-0.75,0.00,0.00,98,0,0,35.19,31.80,76.90,RESTING
12:13:04.582,-3.38,68.85,16.55,-0.75,0.00,0.00,98,0,0,35.19,31.80,76.90,RESTING
12:13:04.882,-3.38,68.85,16.55,-0.75,0.00,0.00,98,0,0,35.19,31.80,76.90,RESTING
12:13:05.196,-3.38,68.85,16.55,-0.75,0.00,0.00,98,0,0,35.19,31.80,76.90,RESTING
12:13:05.413,-3.38,68.85,16.55,-0.75,0.00,0.00,98,0,0,35.19,31.80,76.90,RESTING
12:13:05.698,-3.38,68.85,16.55,-0.75,0.00,0.00,98,0,0,35.19,31.80,76.90,RESTING
12:13:06.015,-3.38,68.85,16.55,-0.75,0.00,0.00,98,0,0,35.19,31.80,76.90,RESTING
12:13:06.313,-3.38,68.85,16.55,-0.75,0.00,0.00,98,0,0,35.19,31.80,76.70,RESTING
12:13:06.552,-3.38,68.85,16.55,-0.75,0.00,0.00,98,0,0,35.19,31.80,76.70,RESTING
12:13:06.836,-3.38,68.85,16.55,-0.75,0.00,0.00,98,0,0,35.19,31.80,76.70,RESTING
12:13:07.139,-3.38,68.85,16.55,-0.75,0.00,0.00,98,0,0,35.19,31.80,76.70,RESTING
12:13:07.451,-3.38,68.85,16.55,-0.75,0.00,0.00,98,0,0,35.19,31.80,76.70,RESTING
12:13:07.686,-3.38,68.85,16.55,-0.75,0.00,0.00,98,0,0,35.19,31.80,76.70,RESTING
12:13:07.972,-3.38,68.85,16.55,-0.75,0.00,0.00,98,0,0,35.19,31.80,76.70,RESTING
12:13:08.273,-3.38,68.85,16.55,-0.75,0.00,0.00,98,0,0,35.19,31.80,76.70,RESTING
12:13:08.566,-3.38,68.85,16.55,-0.75,0.00,0.00,98,0,0,35.19,31.80,76.60,RESTING
12:13:08.872,-3.38,68.85,16.55,-0.75,0.00,0.00,98,0,0,35.19,31.80,76.60,RESTING
12:13:09.108,-3.38,68.85,16.55,-0.75,0.00,0.00,98,0,0,35.19,31.80,76.60,RESTING
12:13:09.391,-3.38,68.85,16.55,-0.75,0.00,0.00,98,0,0,35.19,31.80,76.60,RESTING
12:13:09.691,-3.38,68.85,16.55,-0.75,0.00,0.00,98,0,0,35.19,31.80,76.60,RESTING
12:13:10.000,-3.38,68.85,16.55,-0.75,0.00,0.00,98,0,0,35.25,31.80,76.60,RESTING
12:13:10.242,-3.38,68.85,16.55,-0.75,0.00,0.00,98,0,0,35.25,31.80,76.60,RESTING
12:13:10.526,-3.38,68.85,16.55,-0.75,0.00,0.00,98,0,0,35.25,31.80,76.60,RESTING
12:13:10.819,-3.38,68.85,16.55,-0.75,0.00,0.00,98,0,0,35.25,31.80,76.50,RESTING
12:13:11.125,-3.38,68.85,16.55,-0.75,0.00,0.00,98,0,0,35.25,31.80,76.50,RESTING
12:13:11.432,-3.38,68.85,16.55,-0.75,0.00,0.00,98,0,0,35.25,31.80,76.50,RESTING
12:13:11.667,-3.38,68.85,16.55,-0.75,0.00,0.00,98,0,0,35.19,31.80,76.50,RESTING
12:13:11.949,-3.38,68.85,16.55,-0.75,0.00,0.00,98,0,0,35.19,31.80,76.50,RESTING
12:13:12.252,-3.38,68.85,16.55,-0.75,0.00,0.00,98,0,0,35.19,31.80,76.50,RESTING
12:13:12.559,-3.38,68.85,16.55,-0.75,0.00,0.00,98,0,0,35.25,31.80,76.50,RESTING
12:13:12.800,-3.38,68.85,16.55,-0.75,0.00,0.00,98,0,0,35.25,31.80,76.50,RESTING
12:13:13.088,-3.38,68.85,16.55,-0.75,0.00,0.00,98,0,0,35.25,31.80,76.50,RESTING
12:13:13.391,-3.38,68.85,16.55,-0.75,0.00,0.00,98,0,0,35.19,31.80,76.50,RESTING
12:13:13.688,-3.38,68.85,16.55,-0.75,0.00,0.00,98,0,0,35.19,31.80,76.50,RESTING
12:13:13.999,-3.38,68.85,16.55,-0.75,0.00,0.00,98,0,0,35.19,31.80,76.50,RESTING
12:13:14.222,-3.38,68.85,16.55,-0.75,0.00,0.00,98,0,0,35.19,31.80,76.50,RESTING
12:13:14.505,-3.38,68.85,16.55,-0.75,0.00,0.00,98,0,0,35.19,31.80,76.50,RESTING
12:13:14.812,-3.38,68.85,16.55,-0.75,0.00,0.00,98,0,0,35.19,31.80,76.50,RESTING
12:13:15.121,-3.38,68.85,16.55,-0.75,0.00,0.00,98,0,0,35.19,31.80,76.50,RESTING
12:13:15.361,-3.38,68.85,16.55,-0.75,0.00,0.00,98,0,0,35.19,31.80,76.50,RESTING
12:13:15.646,-3.38,68.85,16.55,-0.75,0.00,0.00,98,0,0,35.19,31.80,76.50,RESTING
12:13:15.938,-3.38,68.85,16.55,-0.75,0.00,0.00,98,0,0,35.25,31.80,76.50,RESTING
12:13:16.246,-3.38,68.85,16.55,-0.75,0.00,0.00,98,0,0,35.25,31.80,76.50,RESTING
12:13:16.554,-3.38,68.85,16.55,-0.75,0.00,0.00,98,0,0,35.25,31.80,76.50,RESTING
12:13:16.780,-3.38,68.85,16.55,-0.75,0.00,0.00,98,0,0,35.25,31.80,76.50,RESTING
12:13:17.063,-3.38,68.85,16.55,-0.75,0.00,0.00,98,0,0,35.25,31.80,76.50,RESTING
12:13:17.372,-3.38,68.85,16.55,-0.75,0.00,0.00,98,0,0,35.25,31.80,76.50,RESTING
12:13:17.679,-3.38,68.85,16.55,-0.75,0.00,0.00,98,0,0,35.25,31.80,76.60,RESTING
12:13:17.917,-3.38,68.85,16.55,-0.75,0.00,0.00,98,0,0,35.25,31.80,76.60,RESTING
12:13:18.199,-3.38,68.85,16.55,-0.75,0.00,0.00,98,0,0,35.25,31.80,76.60,RESTING
12:13:18.499,-3.38,68.85,16.55,-0.75,0.00,0.00,98,0,0,35.25,31.80,76.60,RESTING
12:13:18.816,-3.38,68.85,16.55,-0.75,0.00,0.00,98,0,0,35.25,31.80,76.60,RESTING
12:13:19.051,-3.38,68.85,16.55,-0.75,0.00,0.00,98,0,0,35.25,31.80,76.60,RESTING
12:13:19.337,-3.38,68.85,16.55,-0.75,0.00,0.00,98,0,0,35.19,31.80,76.60,RESTING
12:13:19.639,-3.38,68.85,16.55,-0.75,0.00,0.00,98,0,0,35.19,31.80,76.60,RESTING
12:13:19.933,-3.38,68.85,16.55,-0.75,0.00,0.00,98,0,0,35.19,31.80,76.50,RESTING
12:13:20.239,-3.38,68.85,16.55,-0.75,0.00,0.00,98,0,0,35.25,31.80,76.50,RESTING
12:13:20.474,-3.38,68.85,16.55,-0.75,0.00,0.00,98,0,0,35.25,31.80,76.50,RESTING
12:13:20.758,-3.38,68.85,16.55,-0.75,0.00,0.00,98,0,0,35.25,31.80,76.50,RESTING
12:13:21.058,-3.38,68.85,16.55,-0.75,0.00,0.00,98,0,0,35.25,31.80,76.50,RESTING
12:13:21.372,-3.38,68.85,16.55,-0.75,0.00,0.00,98,0,0,35.25,31.80,76.50,RESTING
12:13:21.606,-3.38,68.85,16.55,-0.75,0.00,0.00,98,0,0,35.25,31.80,76.50,RESTING
12:13:21.891,-3.38,68.85,16.55,-0.75,0.00,0.00,98,0,0,35.19,31.80,76.50,RESTING
12:13:22.184,-3.38,68.85,16.55,-0.75,0.00,0.00,98,0,0,35.19,31.80,76.50,RESTING
12:13:22.493,-3.38,68.85,16.55,-0.75,0.00,0.00,98,0,0,35.19,31.80,76.50,RESTING
12:13:22.799,-3.38,68.85,16.55,-0.75,0.00,0.00,98,0,0,35.19,31.80,76.50,RESTING
12:13:23.030,-3.38,68.85,16.55,-0.75,0.00,0.00,98,0,0,35.19,31.80,76.50,RESTING
12:13:23.315,-3.38,68.85,16.55,-0.75,0.00,0.00,98,0,0,35.19,31.80,76.50,RESTING
12:13:23.618,-3.38,68.85,16.55,-0.75,0.00,0.00,98,0,0,35.19,31.80,76.50,RESTING
12:13:23.926,-3.38,68.85,16.55,-0.75,0.00,0.00,98,0,0,35.19,31.80,76.50,RESTING
12:13:24.166,-3.38,68.85,16.55,-0.75,0.00,0.00,98,0,0,35.19,31.80,76.50,RESTING
12:13:24.455,-3.38,68.85,16.55,-0.75,0.00,0.00,98,0,0,35.25,31.80,76.60,RESTING
12:13:24.745,-3.38,68.85,16.55,-0.75,0.00,0.00,98,0,0,35.25,31.80,76.60,RESTING
12:13:25.052,-3.38,68.85,16.55,-0.75,0.00,0.00,98,0,0,35.25,31.80,76.60,RESTING
12:13:25.360,-3.38,68.85,16.55,-0.75,0.00,0.00,98,0,0,35.25,31.80,76.60,RESTING
12:13:25.588,-3.38,68.85,16.55,-0.75,0.00,0.00,98,0,0,35.25,31.80,76.60,RESTING
12:13:25.871,-3.38,68.85,16.55,-0.75,0.00,0.00,98,0,0,35.25,31.80,76.60,RESTING
12:13:26.179,-3.38,68.85,16.55,-0.75,0.00,0.00,98,0,0,35.25,31.80,76.60,RESTING
12:13:26.485,-3.38,68.85,16.55,-0.75,0.00,0.00,98,0,0,35.25,31.80,76.60,RESTING
12:13:26.727,-3.38,68.85,16.55,-0.75,0.00,0.00,98,0,0,35.25,31.80,76.80,RESTING
12:13:27.011,-3.38,68.85,16.55,-0.75,0.00,0.00,98,0,0,35.25,31.80,76.80,RESTING
12:13:27.305,-3.38,68.85,16.55,-0.75,0.00,0.00,98,0,0,35.25,31.80,76.80,RESTING
12:13:27.612,-3.38,68.85,16.55,-0.75,0.00,0.00,98,0,0,35.25,31.80,76.80,RESTING
12:13:28.430,-3.38,68.85,16.55,-0.75,0.00,0.00,98,0,0,35.25,31.80,76.80,RESTING
12:13:28.433,-3.38,68.85,16.55,-0.75,0.00,0.00,98,0,0,35.25,31.80,76.80,RESTING
12:13:28.739,-3.38,68.85,16.55,-0.75,0.00,0.00,98,0,0,35.25,31.80,76.80,RESTING
12:13:29.045,-3.38,68.85,16.55,-0.75,0.00,0.00,98,0,0,35.25,31.80,77.30,RESTING
12:13:29.282,-3.38,68.85,16.55,-0.75,0.00,0.00,98,0,0,35.25,31.80,77.30,RESTING
12:13:29.565,-3.38,68.85,16.55,-0.75,0.00,0.00,98,0,0,35.19,31.80,77.30,RESTING
12:13:29.865,-3.38,68.85,16.55,-0.75,0.00,0.00,98,0,0,35.19,31.80,77.30,RESTING
12:13:30.172,-3.38,68.85,16.55,-0.75,0.00,0.00,98,0,0,35.19,31.80,77.30,RESTING
12:13:30.415,-3.38,68.85,16.55,-0.75,0.00,0.00,98,0,0,35.25,31.80,77.30,RESTING
12:13:30.699,-3.38,68.85,16.55,-0.75,0.00,0.00,98,0,0,35.25,31.80,77.30,RESTING
12:13:30.991,-3.38,68.85,16.55,-0.75,0.00,0.00,98,0,0,35.25,31.80,77.30,RESTING
12:13:31.299,-3.38,68.85,16.55,-0.75,0.00,0.00,98,0,0,35.19,31.80,77.60,RESTING
12:13:31.606,-3.38,68.85,16.55,-0.75,0.00,0.00,98,0,0,35.19,31.80,77.60,RESTING
12:13:31.837,-3.38,68.85,16.55,-0.75,0.00,0.00,98,0,0,35.19,31.80,77.60,RESTING
12:13:32.120,-3.38,68.85,16.55,-0.75,0.00,0.00,98,0,0,35.25,31.80,77.60,RESTING
12:13:32.425,-3.38,68.85,16.55,-0.75,0.00,0.00,98,0,0,35.25,31.80,77.60,RESTING
12:13:32.731,-3.38,68.85,16.55,-0.75,0.00,0.00,98,0,0,35.25,31.80,77.60,RESTING
12:13:32.970,-3.38,68.85,16.55,-0.75,0.00,0.00,98,0,0,35.19,31.80,77.60,RESTING
12:13:33.253,-3.38,68.85,16.55,-0.75,0.00,0.00,98,0,0,35.19,31.80,77.60,RESTING
12:13:33.551,-3.38,68.85,16.55,-0.75,0.00,0.00,98,0,0,35.19,31.80,77.70,RESTING
12:13:33.859,-3.38,68.85,16.55,-0.75,0.00,0.00,98,0,0,35.25,31.80,77.70,RESTING
12:13:34.166,-3.38,68.85,16.55,-0.75,0.00,0.00,98,0,0,35.25,31.80,77.70,RESTING
12:13:34.392,-3.38,68.85,16.55,-0.75,0.00,0.00,98,0,0,35.25,31.80,77.70,RESTING
12:13:34.677,-3.38,68.85,16.55,-0.75,0.00,0.00,98,0,0,35.25,31.80,77.70,RESTING
12:13:34.985,-3.38,68.85,16.55,-0.75,0.00,0.00,98,0,0,35.25,31.80,77.70,RESTING
12:13:35.291,-3.38,68.85,16.55,-0.75,0.00,0.00,98,0,0,35.25,31.80,77.70,RESTING
12:13:35.525,-3.38,68.85,16.55,-0.75,0.00,0.00,98,0,0,35.25,31.80,77.70,RESTING
12:13:35.813,-3.38,68.85,16.55,-0.75,0.00,0.00,98,0,0,35.25,31.70,77.60,RESTING
12:13:36.111,-3.38,68.85,16.55,-0.75,0.00,0.00,98,0,0,35.25,31.70,77.60,RESTING
12:13:36.419,-3.38,68.85,16.55,-0.75,0.00,0.00,98,0,0,35.25,31.70,77.60,RESTING
12:13:36.664,-3.38,68.85,16.55,-0.75,0.00,0.00,98,0,0,35.25,31.70,77.60,RESTING
12:13:36.948,-3.38,68.85,16.55,-0.75,0.00,0.00,98,0,0,35.25,31.70,77.60,RESTING
12:13:37.352,-3.38,68.85,16.55,-0.75,0.00,0.00,98,0,0,35.25,31.70,77.60,RESTING
12:13:37.660,-3.38,68.85,16.55,-0.75,0.00,0.00,98,0,0,35.25,31.70,77.60,RESTING
12:13:37.966,-3.38,68.85,16.55,-0.75,0.00,0.00,98,0,0,35.25,31.70,77.60,RESTING
12:13:38.160,-3.38,68.85,16.55,-0.75,0.00,0.00,98,0,0,35.25,31.70,77.40,RESTING
12:13:38.480,-3.38,68.85,16.55,-0.75,0.00,0.00,98,0,0,35.25,31.70,77.40,RESTING
12:13:38.673,-3.38,68.85,16.55,-0.75,0.00,0.00,98,0,0,35.25,31.70,77.40,RESTING
12:13:38.979,-3.38,68.85,16.55,-0.75,0.00,0.00,98,0,0,35.25,31.70,77.40,RESTING
12:13:39.224,-3.38,68.85,16.55,-0.75,0.00,0.00,98,0,0,35.25,31.70,77.40,RESTING
12:13:39.507,-3.38,68.85,16.55,-0.75,0.00,0.00,98,0,0,35.25,31.70,77.40,RESTING
12:13:39.797,-3.38,68.85,16.55,-0.75,0.00,0.00,98,0,0,35.25,31.70,77.40,RESTING
12:13:40.105,-3.38,68.85,16.55,-0.75,0.00,0.00,98,0,0,35.25,31.70,77.40,RESTING
12:13:40.413,-3.38,68.85,16.55,-0.75,0.00,0.00,98,0,0,35.25,31.70,77.60,RESTING
12:13:40.647,-3.38,68.85,16.55,-0.75,0.00,0.00,98,0,0,35.25,31.70,77.60,RESTING
12:13:40.931,-3.38,68.85,16.55,-0.75,0.00,0.00,98,0,0,35.25,31.70,77.60,RESTING
12:13:41.231,-3.38,68.85,16.55,-0.75,0.00,0.00,98,0,0,35.25,31.70,77.60,RESTING
12:13:41.538,-3.38,68.85,16.55,-0.75,0.00,0.00,98,0,0,35.25,31.70,77.60,RESTING
12:13:41.781,-3.38,68.85,16.55,-0.75,0.00,0.00,98,0,0,35.25,31.70,77.60,RESTING
12:13:42.068,-3.38,68.85,16.55,-0.75,0.00,0.00,98,0,0,35.25,31.70,77.60,RESTING
12:13:42.359,-3.38,68.85,16.55,-0.75,0.00,0.00,98,0,0,35.25,31.70,77.60,RESTING
12:13:42.666,-3.38,68.85,16.55,-0.75,0.00,0.00,98,0,0,35.25,31.70,77.90,RESTING
12:13:42.974,-3.38,68.85,16.55,-0.75,0.00,0.00,98,0,0,35.25,31.70,77.90,RESTING
12:13:43.206,-3.38,68.85,16.55,-0.75,0.00,0.00,98,0,0,35.25,31.70,77.90,RESTING
12:13:43.599,-3.38,68.85,16.55,-0.75,0.00,0.00,98,0,0,35.25,31.70,77.90,RESTING
12:13:43.893,-3.38,68.85,16.55,-0.75,0.00,0.00,98,0,0,35.25,31.70,77.90,RESTING
12:13:44.099,-3.38,68.85,16.55,-0.75,0.00,0.00,98,0,0,35.25,31.70,77.90,RESTING
12:13:44.340,-3.38,68.85,16.55,-0.75,0.00,0.00,98,0,0,35.25,31.70,77.90,RESTING
12:13:44.625,-3.38,68.85,16.55,-0.75,0.00,0.00,98,0,0,35.25,31.70,77.90,RESTING
12:13:45.020,-3.38,68.85,16.55,-0.75,0.00,0.00,98,0,0,35.25,31.70,78.00,RESTING
12:13:45.225,-3.38,68.85,16.55,-0.75,0.00,0.00,98,0,0,35.25,31.70,78.00,RESTING
12:13:45.532,-3.38,68.85,16.55,-0.75,0.00,0.00,98,0,0,35.25,31.70,78.00,RESTING
12:13:45.762,-3.38,68.85,16.55,-0.75,0.00,0.00,98,0,0,35.31,31.70,78.00,RESTING
12:13:46.046,-3.38,68.85,16.55,-0.75,0.00,0.00,98,0,0,35.31,31.70,78.00,RESTING
12:13:46.363,-3.38,68.85,16.55,-0.75,0.00,0.00,98,0,0,35.31,31.70,78.00,RESTING
12:13:46.769,-3.38,68.85,16.55,-0.75,0.00,0.00,98,0,0,35.31,31.70,78.00,RESTING
12:13:46.983,-3.38,68.85,16.55,-0.75,0.00,0.00,98,0,0,35.31,31.70,78.00,RESTING
12:13:47.273,-3.38,68.85,16.55,-0.75,0.00,0.00,98,0,0,35.31,31.70,77.90,RESTING
12:13:47.585,-3.38,68.85,16.55,-0.75,0.00,0.00,98,0,0,35.31,31.70,77.90,RESTING
12:13:47.788,-3.38,68.85,16.55,-0.75,0.00,0.00,98,0,0,35.31,31.70,77.90,RESTING
12:13:48.102,-3.38,68.85,16.55,-0.75,0.00,0.00,98,0,0,35.31,31.70,77.90,RESTING
12:13:48.321,-3.38,68.85,16.55,-0.75,0.00,0.00,98,0,0,35.31,31.70,77.90,RESTING
12:13:48.604,10.11,-107.29,-5.83,0.00,0.00,0.00,98,0,0,35.31,31.70,77.90,RESTING
12:13:48.911,-3.38,68.85,16.55,-0.75,0.00,0.00,98,0,0,35.31,31.70,77.90,RESTING
12:13:49.220,-3.38,68.85,16.55,-0.75,0.00,0.00,98,0,0,35.31,31.70,77.90,RESTING
12:13:49.461,-3.38,68.85,16.55,-0.75,0.00,0.00,98,0,0,35.31,31.70,77.70,AMBULATING
12:13:49.746,-3.38,68.85,16.55,-0.75,0.00,0.00,98,0,0,35.31,31.70,77.70,AMBULATING
12:13:50.038,-3.38,68.85,16.55,-0.75,0.00,0.00,98,0,0,35.31,31.70,77.70,AMBULATING
12:13:50.345,-3.38,68.85,16.55,-0.75,0.00,0.00,98,0,0,35.31,31.70,77.70,AMBULATING
12:13:50.652,-3.38,68.85,16.55,-0.75,0.00,0.00,98,0,0,35.31,31.70,77.70,AMBULATING
12:13:50.879,-3.38,68.85,16.55,-0.75,0.00,0.00,98,0,0,35.31,31.70,77.70,AMBULATING
12:13:51.164,-3.38,68.85,16.55,-0.75,0.00,0.00,98,0,0,35.31,31.70,77.70,AMBULATING
12:13:51.472,-3.38,68.85,16.55,-0.75,0.00,0.00,98,0,0,35.31,31.70,77.70,AMBULATING
12:13:51.778,-3.38,68.85,16.55,-0.75,0.00,0.00,98,0,0,35.31,31.70,77.70,AMBULATING
12:13:52.019,-3.38,68.85,16.55,-0.75,0.00,0.00,98,0,0,35.31,31.70,77.70,AMBULATING
12:13:52.302,-3.38,68.85,16.55,-0.75,0.00,0.00,98,0,0,35.31,31.70,77.70,AMBULATING
12:13:52.599,-3.38,68.85,16.55,-0.75,0.00,0.00,98,0,0,35.38,31.70,77.70,AMBULATING
12:13:52.905,-3.38,68.85,16.55,-0.75,0.00,0.00,98,0,0,35.38,31.70,77.70,AMBULATING
12:13:53.212,-3.38,68.85,16.55,-0.75,0.00,0.00,98,0,0,35.38,31.70,77.70,AMBULATING
12:13:53.439,-3.38,68.85,16.55,-0.75,0.00,0.00,98,0,0,35.31,31.70,77.70,AMBULATING
12:13:53.724,-3.38,68.85,16.55,-0.75,0.00,0.00,98,0,0,35.31,31.70,77.70,AMBULATING
12:13:54.031,-3.38,68.85,16.55,-0.75,0.00,0.00,98,0,0,35.31,31.70,77.90,AMBULATING
12:13:54.339,-3.38,68.85,16.55,-0.75,0.00,0.00,98,0,0,35.38,31.70,77.90,AMBULATING
12:13:54.582,-3.38,68.85,16.55,-0.75,0.00,0.00,98,0,0,35.38,31.70,77.90,AMBULATING
12:13:54.893,-3.38,68.85,16.55,-0.75,0.00,0.00,98,0,0,35.38,31.70,77.90,AMBULATING
12:13:55.159,-3.38,68.85,16.55,-0.75,0.00,0.00,98,0,0,35.31,31.70,77.90,AMBULATING
12:13:55.466,-3.38,68.85,16.55,-0.75,0.00,0.00,98,0,0,35.31,31.70,77.90,AMBULATING
12:13:55.774,-3.38,68.85,16.55,-0.75,0.00,0.00,98,0,0,35.31,31.70,77.90,AMBULATING
12:13:56.090,-3.38,68.85,16.55,-0.75,0.00,0.00,98,0,0,35.31,31.70,77.90,AMBULATING
12:13:56.285,-3.38,68.85,16.55,-0.75,0.00,0.00,98,0,0,35.31,31.70,78.30,AMBULATING
12:13:56.605,-3.38,68.85,16.55,-0.75,0.00,0.00,98,0,0,35.31,31.70,78.30,AMBULATING
12:13:56.901,-3.38,68.85,16.55,-0.75,0.00,0.00,98,0,0,35.31,31.70,78.30,AMBULATING
12:13:57.208,-3.38,68.85,16.55,-0.75,0.00,0.00,98,0,0,35.31,31.70,78.30,AMBULATING
12:13:57.421,-3.38,68.85,16.55,-0.75,0.00,0.00,98,0,0,35.31,31.70,78.30,AMBULATING
12:13:57.837,-3.38,68.85,16.55,-0.75,0.00,0.00,98,0,0,35.38,31.70,78.30,AMBULATING
12:13:58.025,-3.38,68.85,16.55,-0.75,0.00,0.00,98,0,0,35.38,31.70,78.30,AMBULATING
12:13:58.272,-3.38,68.85,16.55,-0.75,0.00,0.00,98,0,0,35.38,31.70,78.30,AMBULATING
12:13:58.561,-3.38,68.85,16.55,-0.75,0.00,0.00,98,0,0,35.31,31.70,78.60,AMBULATING
12:13:58.845,-3.38,68.85,16.55,-0.75,0.00,0.00,98,0,0,35.31,31.70,78.60,AMBULATING
12:13:59.153,-3.38,68.85,16.55,-0.75,0.00,0.00,98,0,0,35.31,31.70,78.60,AMBULATING
12:13:59.459,-3.38,68.85,16.55,-0.75,0.00,0.00,98,0,0,35.38,31.70,78.60,AMBULATING
12:13:59.695,-3.38,68.85,16.55,-0.75,0.00,0.00,98,0,0,35.38,31.70,78.60,AMBULATING
12:13:59.979,-3.38,68.85,16.55,-0.75,0.00,0.00,98,0,0,35.38,31.70,78.60,AMBULATING
12:14:00.279,-3.38,68.85,16.55,-0.75,0.00,0.00,98,0,0,35.38,31.70,78.60,AMBULATING
12:14:00.585,-3.38,68.85,16.55,-0.75,0.00,0.00,98,0,0,35.38,31.70,78.60,AMBULATING
12:14:00.892,-3.38,68.85,16.55,-0.75,0.00,0.00,98,0,0,35.38,31.70,78.70,AMBULATING
12:14:01.118,-3.38,68.85,16.55,-0.75,0.00,0.00,98,0,0,35.38,31.70,78.70,AMBULATING
12:14:01.404,-3.38,68.85,16.55,-0.75,0.00,0.00,98,0,0,35.38,31.70,78.70,AMBULATING
12:14:01.711,-3.38,68.85,16.55,-0.75,0.00,0.00,98,0,0,35.38,31.70,78.70,AMBULATING
12:14:02.018,-3.38,68.85,16.55,-0.75,0.00,0.00,98,0,0,35.31,31.70,78.70,AMBULATING
12:14:02.255,-3.38,68.85,16.55,-0.75,0.00,0.00,98,0,0,35.31,31.70,78.70,AMBULATING
12:14:02.538,-3.38,68.85,16.55,-0.75,0.00,0.00,98,0,0,35.31,31.70,78.70,AMBULATING
12:14:02.839,-3.38,68.85,16.55,-0.75,0.00,0.00,98,0,0,35.38,31.70,78.70,AMBULATING
12:14:03.146,-3.38,68.85,16.55,-0.75,0.00,0.00,98,0,0,35.38,31.70,78.90,AMBULATING
12:14:03.391,-3.38,68.85,16.55,-0.75,0.00,0.00,98,0,0,35.38,31.70,78.90,AMBULATING
12:14:03.675,-3.38,68.85,16.55,-0.75,0.00,0.00,98,0,0,35.38,31.70,78.90,AMBULATING
12:14:03.964,-3.38,68.85,16.55,-0.75,0.00,0.00,98,0,0,35.38,31.70,78.90,AMBULATING
12:14:04.271,-3.38,68.85,16.55,-0.75,0.00,0.00,98,0,0,35.38,31.70,78.90,AMBULATING
12:14:04.578,-3.38,68.85,16.55,-0.75,0.00,0.00,98,0,0,35.38,31.70,78.90,AMBULATING
12:14:04.811,-3.38,68.85,16.55,-0.75,0.00,0.00,98,0,0,35.38,31.70,78.90,AMBULATING
12:14:05.097,-3.38,68.85,16.55,-0.75,0.00,0.00,98,0,0,35.38,31.70,78.90,AMBULATING
12:14:05.397,-3.38,68.85,16.55,-0.75,0.00,0.00,98,0,0,35.38,31.60,79.20,AMBULATING
12:14:05.705,-3.38,68.85,16.55,-0.75,0.00,0.00,98,0,0,35.38,31.60,79.20,AMBULATING
12:14:05.951,-3.38,68.85,16.55,-0.75,0.00,0.00,98,0,0,35.38,31.60,79.20,AMBULATING
12:14:06.237,-3.38,68.85,16.55,-0.75,0.00,0.00,98,0,0,35.38,31.60,79.20,AMBULATING
12:14:06.523,-3.38,68.85,16.55,-0.75,0.00,0.00,98,0,0,35.38,31.60,79.20,AMBULATING
12:14:06.831,-3.38,68.85,16.55,-0.75,0.00,0.00,98,0,0,35.38,31.60,79.20,AMBULATING
12:14:07.140,-3.38,68.85,16.55,-0.75,0.00,0.00,98,0,0,35.31,31.60,79.20,AMBULATING
12:14:07.370,-3.38,68.85,16.55,-0.75,0.00,0.00,98,0,0,35.31,31.60,79.20,AMBULATING
12:14:07.656,-3.38,68.85,16.55,-0.75,0.00,0.00,98,0,0,35.31,31.60,79.70,AMBULATING
12:14:07.957,-3.38,68.85,16.55,-0.75,0.00,0.00,98,0,0,35.38,31.60,79.70,AMBULATING
12:14:08.267,-3.38,68.85,16.55,-0.75,0.00,0.00,98,0,0,35.38,31.60,79.70,AMBULATING
12:14:08.509,-3.38,68.85,16.55,-0.75,0.00,0.00,98,0,0,35.38,31.60,79.70,AMBULATING
12:14:08.795,-3.38,68.85,16.55,-0.75,0.00,0.00,98,0,0,35.38,31.60,79.70,AMBULATING
12:14:09.087,-3.38,68.85,16.55,-0.75,0.00,0.00,98,0,0,35.38,31.60,79.70,AMBULATING
12:14:09.391,-3.38,68.85,16.55,-0.75,0.00,0.00,98,0,0,35.38,31.60,79.70,AMBULATING
12:14:09.700,-3.38,68.85,16.55,-0.75,0.00,0.00,98,0,0,35.38,31.60,79.70,AMBULATING
12:14:09.933,-3.38,68.85,16.55,-0.75,0.00,0.00,98,0,0,35.38,31.60,79.70,AMBULATING
12:14:10.215,-3.38,68.85,16.55,-0.75,0.00,0.00,98,0,0,35.38,31.60,79.70,AMBULATING
12:14:10.518,-3.38,68.85,16.55,-0.75,0.00,0.00,98,0,0,35.31,31.60,79.70,AMBULATING
12:14:10.824,-3.38,68.85,16.55,-0.75,0.00,0.00,98,0,0,35.31,31.60,79.70,AMBULATING
12:14:11.066,-3.38,68.85,16.55,-0.75,0.00,0.00,98,0,0,35.31,31.60,79.70,AMBULATING
12:14:11.351,-3.38,68.85,16.55,-0.75,0.00,0.00,98,0,0,35.38,31.60,79.70,AMBULATING
12:14:11.644,-3.38,68.85,16.55,-0.75,0.00,0.00,98,0,0,35.38,31.60,79.70,AMBULATING
12:14:12.069,-3.38,68.85,16.55,-0.75,0.00,0.00,98,0,0,35.38,31.60,79.70,AMBULATING
12:14:12.259,-3.38,68.85,16.55,-0.75,0.00,0.00,98,0,0,35.38,31.60,79.40,AMBULATING
12:14:12.488,-3.38,68.85,16.55,-0.75,0.00,0.00,98,0,0,35.38,31.60,79.40,AMBULATING
12:14:12.773,-3.38,68.85,16.55,-0.75,0.00,0.00,98,0,0,35.38,31.60,79.40,AMBULATING
12:14:13.097,-3.38,68.85,16.55,-0.75,0.00,0.00,98,0,0,35.38,31.60,79.40,AMBULATING
12:14:13.386,-3.38,68.85,16.55,-0.75,0.00,0.00,98,0,0,35.38,31.60,79.40,AMBULATING
12:14:13.697,-3.38,68.85,16.55,-0.75,0.00,0.00,98,0,0,35.38,31.60,79.40,AMBULATING
12:14:13.908,-3.38,68.85,16.55,-0.75,0.00,0.00,98,0,0,35.38,31.60,79.40,AMBULATING
12:14:14.203,-3.38,68.85,16.55,-0.75,0.00,0.00,98,0,0,35.38,31.60,79.40,AMBULATING
12:14:14.515,-3.38,68.85,16.55,-0.75,0.00,0.00,98,0,0,35.38,31.60,79.00,AMBULATING
12:14:14.820,-3.38,68.85,16.55,-0.75,0.00,0.00,98,0,0,35.38,31.60,79.00,AMBULATING
12:14:15.047,-3.38,68.85,16.55,-0.75,0.00,0.00,98,0,0,35.38,31.60,79.00,AMBULATING
12:14:15.333,-3.38,68.85,16.55,-0.75,0.00,0.00,98,0,0,35.38,31.60,79.00,AMBULATING
12:14:15.645,-3.38,68.85,16.55,-0.75,0.00,0.00,98,0,0,35.38,31.60,79.00,AMBULATING
12:14:15.948,-3.38,68.85,16.55,-0.75,0.00,0.00,98,0,0,35.38,31.60,79.00,AMBULATING
12:14:16.181,-3.38,68.85,16.55,-0.75,0.00,0.00,98,0,0,35.38,31.60,79.00,AMBULATING
12:14:16.575,-3.38,68.85,16.55,-0.75,0.00,0.00,98,0,0,35.38,31.60,79.00,AMBULATING
12:14:16.866,-3.38,68.85,16.55,-0.75,0.00,0.00,98,0,0,35.38,31.60,78.60,AMBULATING
12:14:17.070,-3.38,68.85,16.55,-0.75,0.00,0.00,98,0,0,35.38,31.60,78.60,AMBULATING
12:14:17.378,-3.38,68.85,16.55,-0.75,0.00,0.00,98,0,0,35.38,31.60,78.60,AMBULATING
12:14:17.604,-3.38,68.85,16.55,-0.75,0.00,0.00,98,0,0,35.38,31.60,78.60,AMBULATING
12:14:17.891,-3.38,68.85,16.55,-0.75,0.00,0.00,98,0,0,35.38,31.60,78.60,AMBULATING
12:14:18.315,-3.38,68.85,16.55,-0.75,0.00,0.00,98,0,0,35.38,31.60,78.60,AMBULATING
12:14:18.616,-3.38,68.85,16.55,-0.75,0.00,0.00,98,0,0,35.38,31.60,78.60,AMBULATING
12:14:18.827,-3.38,68.85,16.55,-0.75,0.00,0.00,98,0,0,35.38,31.60,78.60,AMBULATING
12:14:19.027,-3.38,68.85,16.55,-0.75,0.00,0.00,98,0,0,35.38,31.60,78.50,AMBULATING
12:14:19.330,-3.38,68.85,16.55,-0.75,0.00,0.00,98,0,0,35.38,31.60,78.50,AMBULATING
12:14:19.743,-3.38,68.85,16.55,-0.75,0.00,0.00,98,0,0,35.38,31.60,78.50,AMBULATING
12:14:19.877,-3.38,68.85,16.55,-0.75,0.00,0.00,98,0,0,35.38,31.60,78.50,AMBULATING
12:14:20.162,-3.38,68.85,16.55,-0.75,0.00,0.00,98,0,0,35.38,31.60,78.50,AMBULATING
12:14:20.450,-3.38,68.85,16.55,-0.75,0.00,0.00,98,0,0,35.38,31.60,78.50,AMBULATING
12:14:20.762,-3.38,68.85,16.55,-0.75,0.00,0.00,98,0,0,35.44,31.60,78.50,AMBULATING
12:14:21.067,-3.38,68.85,16.55,-0.75,0.00,0.00,98,0,0,35.44,31.60,78.50,AMBULATING
12:14:21.301,-3.38,68.85,16.55,-0.75,0.00,0.00,98,0,0,35.44,31.60,78.00,AMBULATING
12:14:21.584,-3.38,68.85,16.55,-0.75,0.00,0.00,98,0,0,35.44,31.60,78.00,AMBULATING
12:14:21.886,-3.38,68.85,16.55,-0.75,0.00,0.00,98,0,0,35.44,31.60,78.00,AMBULATING
12:14:22.191,-3.38,68.85,16.55,-0.75,0.00,0.00,98,0,0,35.44,31.60,78.00,AMBULATING
12:14:22.436,-3.38,68.85,16.55,-0.75,0.00,0.00,98,0,0,35.38,31.60,78.00,AMBULATING
12:14:22.720,-3.38,68.85,16.55,-0.75,0.00,0.00,98,0,0,35.38,31.60,78.00,AMBULATING
12:14:23.012,-3.38,68.85,16.55,-0.75,0.00,0.00,98,0,0,35.38,31.60,78.00,AMBULATING
12:14:23.318,-3.38,68.85,16.55,-0.75,0.00,0.00,98,0,0,35.44,31.60,78.00,AMBULATING
12:14:23.624,-3.38,68.85,16.55,-0.75,0.00,0.00,98,0,0,35.44,31.50,77.20,AMBULATING
12:14:23.859,-3.38,68.85,16.55,-0.75,0.00,0.00,98,0,0,35.44,31.50,77.20,AMBULATING
12:14:24.254,-3.38,68.85,16.55,-0.75,0.00,0.00,98,0,0,35.38,31.50,77.20,AMBULATING
12:14:24.554,-3.38,68.85,16.55,-0.75,0.00,0.00,98,0,0,35.38,31.50,77.20,AMBULATING
12:14:24.759,-3.38,68.85,16.55,-0.75,0.00,0.00,98,0,0,35.38,31.50,77.20,AMBULATING
12:14:25.062,-3.38,68.85,16.55,-0.75,0.00,0.00,98,0,0,35.38,31.50,77.20,AMBULATING
12:14:25.277,-3.38,68.85,16.55,-0.75,0.00,0.00,98,0,0,35.38,31.50,77.20,AMBULATING
12:14:25.574,-3.38,68.85,16.55,-0.75,0.00,0.00,98,0,0,35.38,31.50,77.20,AMBULATING
12:14:25.877,-3.38,68.85,16.55,-0.75,0.00,0.00,98,0,0,35.38,31.40,76.70,AMBULATING
12:14:26.185,-3.38,68.85,16.55,-0.75,0.00,0.00,98,0,0,35.38,31.40,76.70,AMBULATING
12:14:26.416,-3.38,68.85,16.55,-0.75,0.00,0.00,98,0,0,35.38,31.40,76.70,AMBULATING
12:14:26.700,-3.38,68.85,16.55,-0.75,0.00,0.00,98,0,0,35.38,31.40,76.70,AMBULATING
12:14:27.005,-3.38,68.85,16.55,-0.75,0.00,0.00,98,0,0,35.38,31.40,76.70,AMBULATING
12:14:27.311,-3.38,68.85,16.55,-0.75,0.00,0.00,98,0,0,35.38,31.40,76.70,AMBULATING
12:14:27.552,-3.38,68.85,16.55,-0.75,0.00,0.00,98,0,0,35.38,31.40,76.70,AMBULATING
12:14:27.838,-3.38,68.85,16.55,-0.75,0.00,0.00,98,0,0,35.38,31.40,76.70,AMBULATING
12:14:28.132,-3.38,68.85,16.55,-0.75,0.00,0.00,98,0,0,35.38,31.50,76.70,AMBULATING
12:14:28.440,-3.38,68.85,16.55,-0.75,0.00,0.00,98,0,0,35.31,31.50,76.70,AMBULATING
12:14:28.746,-3.38,68.85,16.55,-0.75,0.00,0.00,98,0,0,35.31,31.50,76.70,AMBULATING
12:14:28.975,-3.38,68.85,16.55,-0.75,0.00,0.00,98,0,0,35.31,31.50,76.70,AMBULATING
12:14:29.268,-3.38,68.85,16.55,-0.75,0.00,0.00,98,0,0,35.31,31.50,76.70,AMBULATING
12:14:29.667,-3.38,68.85,16.55,-0.75,0.00,0.00,98,0,0,35.31,31.50,76.70,AMBULATING
12:14:29.871,-3.38,68.85,16.55,-0.75,0.00,0.00,98,0,0,35.31,31.50,76.70,AMBULATING
12:14:30.110,-3.38,68.85,16.55,-0.75,0.00,0.00,98,0,0,35.31,31.50,76.70,AMBULATING
12:14:30.399,-3.38,68.85,16.55,-0.75,0.00,0.00,98,0,0,35.31,31.50,76.70,AMBULATING
12:14:30.690,-3.38,68.85,16.55,-0.75,0.00,0.00,98,0,0,35.31,31.50,76.70,AMBULATING
12:14:30.997,-3.38,68.85,16.55,-0.75,0.00,0.00,98,0,0,35.31,31.50,76.70,AMBULATING
12:14:31.305,-3.38,68.85,16.55,-0.75,0.00,0.00,98,0,0,35.31,31.50,76.70,AMBULATING
12:14:31.534,-3.38,68.85,16.55,-0.75,0.00,0.00,98,0,0,35.31,31.50,76.70,AMBULATING
12:14:31.819,-3.38,68.85,16.55,-0.75,0.00,0.00,98,0,0,35.31,31.50,76.70,AMBULATING
12:14:32.125,-3.38,68.85,16.55,-0.75,0.00,0.00,98,0,0,35.31,31.50,76.70,AMBULATING
12:14:32.545,-3.38,68.85,16.55,-0.75,0.00,0.00,98,0,0,35.31,31.50,76.70,AMBULATING
12:14:32.676,-3.38,68.85,16.55,-0.75,0.00,0.00,98,0,0,35.31,31.40,76.80,AMBULATING
12:14:32.958,-3.38,68.85,16.55,-0.75,0.00,0.00,98,0,0,35.31,31.40,76.80,AMBULATING
12:14:33.250,-3.38,68.85,16.55,-0.75,0.00,0.00,98,0,0,35.31,31.40,76.80,AMBULATING
12:14:33.557,-3.38,68.85,16.55,-0.75,0.00,0.00,98,0,0,35.31,31.40,76.80,AMBULATING
12:14:33.866,-3.38,68.85,16.55,-0.75,0.00,0.00,98,0,0,35.31,31.40,76.80,AMBULATING
12:14:34.094,-3.38,68.85,16.55,-0.75,0.00,0.00,98,0,0,35.31,31.40,76.80,AMBULATING
12:14:34.483,-3.38,68.85,16.55,-0.75,0.00,0.00,98,0,0,35.25,31.40,76.80,AMBULATING
12:14:34.786,-3.38,68.85,16.55,-0.75,0.00,0.00,98,0,0,35.25,31.40,76.80,AMBULATING
12:14:35.095,-3.38,68.85,16.55,-0.75,0.00,0.00,98,0,0,35.25,31.40,76.90,AMBULATING
12:14:35.236,-3.38,68.85,16.55,-0.75,0.00,0.00,98,0,0,35.31,31.40,76.90,AMBULATING
12:14:35.608,-3.38,68.85,16.55,-0.75,0.00,0.00,98,0,0,35.31,31.40,76.90,AMBULATING
12:14:35.810,-3.38,68.85,16.55,-0.75,0.00,0.00,98,0,0,35.31,31.40,76.90,AMBULATING
12:14:36.118,-3.38,68.85,16.55,-0.75,0.00,0.00,98,0,0,35.25,31.40,76.90,AMBULATING
12:14:36.425,-3.38,68.85,16.55,-0.75,0.00,0.00,98,0,0,35.25,31.40,76.90,AMBULATING
12:14:36.650,-3.38,68.85,16.55,-0.75,0.00,0.00,98,0,0,35.25,31.40,76.90,AMBULATING
12:14:36.936,-3.38,68.85,16.55,-0.75,0.00,0.00,98,0,0,35.25,31.40,76.90,AMBULATING
12:14:37.244,-3.38,68.85,16.55,-0.75,0.00,0.00,98,0,0,35.25,31.40,76.90,AMBULATING
12:14:37.552,-3.38,68.85,16.55,-0.75,0.00,0.00,98,0,0,35.25,31.40,76.90,AMBULATING
12:14:37.789,-3.38,68.85,16.55,-0.75,0.00,0.00,98,0,0,35.25,31.40,76.90,AMBULATING
12:14:38.073,-3.38,68.85,16.55,-0.75,0.00,0.00,98,0,0,35.25,31.40,76.90,AMBULATING
12:14:38.371,-3.38,68.85,16.55,-0.75,0.00,0.00,98,0,0,35.25,31.40,76.90,AMBULATING
12:14:38.680,-3.38,68.85,16.55,-0.75,0.00,0.00,98,0,0,35.25,31.40,76.90,AMBULATING
12:14:38.925,-3.38,68.85,16.55,-0.75,0.00,0.00,98,0,0,35.25,31.40,76.90,AMBULATING
12:14:39.210,-3.38,68.85,16.55,-0.75,0.00,0.00,98,0,0,35.25,31.40,76.90,AMBULATING
12:14:39.499,-3.38,68.85,16.55,-0.75,0.00,0.00,98,0,0,35.25,31.40,77.10,AMBULATING
12:14:39.807,-3.38,68.85,16.55,-0.75,0.00,0.00,98,0,0,35.25,31.40,77.10,AMBULATING
12:14:40.230,-3.38,68.85,16.55,-0.75,0.00,0.00,98,0,0,35.25,31.40,77.10,AMBULATING
12:14:40.420,-3.38,68.85,16.55,-0.75,0.00,0.00,98,0,0,35.25,31.40,77.10,AMBULATING
12:14:40.634,-3.38,68.85,16.55,-0.75,0.00,0.00,98,0,0,35.25,31.40,77.10,AMBULATING
12:14:41.046,-3.38,68.85,16.55,-0.75,0.00,0.00,98,0,0,35.25,31.40,77.10,AMBULATING
12:14:41.238,-3.38,68.85,16.55,-0.75,0.00,0.00,98,0,0,35.25,31.40,77.10,AMBULATING
12:14:41.484,-3.38,68.85,16.55,-0.75,0.00,0.00,98,0,0,35.25,31.40,77.10,AMBULATING
12:14:41.773,-3.38,68.85,16.55,-0.75,0.00,0.00,98,0,0,35.25,31.40,77.40,AMBULATING
12:14:42.057,-3.38,68.85,16.55,-0.75,0.00,0.00,98,0,0,35.31,31.40,77.40,AMBULATING
12:14:42.363,-3.38,68.85,16.55,-0.75,0.00,0.00,98,0,0,35.31,31.40,77.40,AMBULATING
12:14:42.671,-3.38,68.85,16.55,-0.75,0.00,0.00,98,0,0,35.31,31.40,77.40,AMBULATING
12:14:42.907,-3.38,68.85,16.55,-0.75,0.00,0.00,98,0,0,35.25,31.40,77.40,AMBULATING
12:14:43.193,-3.38,68.85,16.55,-0.75,0.00,0.00,98,0,0,35.25,31.40,77.40,AMBULATING
12:14:43.491,-3.38,68.85,16.55,-0.75,0.00,0.00,98,0,0,35.25,31.40,77.40,AMBULATING
12:14:43.798,-3.38,68.85,16.55,-0.75,0.00,0.00,98,0,0,35.25,31.40,77.40,AMBULATING
12:14:44.105,-3.38,68.85,16.55,-0.75,0.00,0.00,98,0,0,35.25,31.40,77.60,AMBULATING
12:14:44.330,-3.38,68.85,16.55,-0.75,0.00,0.00,98,0,0,35.25,31.40,77.60,AMBULATING
12:14:44.616,-3.38,68.85,16.55,-0.75,0.00,0.00,98,0,0,35.31,31.40,77.60,AMBULATING
12:14:44.924,-3.38,68.85,16.55,-0.75,0.00,0.00,98,0,0,35.31,31.40,77.60,AMBULATING
12:14:45.231,-3.38,68.85,16.55,-0.75,0.00,0.00,98,0,0,35.31,31.40,77.60,AMBULATING
12:14:45.465,-3.38,68.85,16.55,-0.75,0.00,0.00,98,0,0,35.31,31.40,77.60,AMBULATING
12:14:45.748,-3.38,68.85,16.55,-0.75,0.00,0.00,98,0,0,35.31,31.40,77.60,AMBULATING
12:14:46.051,-3.38,68.85,16.55,-0.75,0.00,0.00,98,0,0,35.31,31.40,77.60,AMBULATING
12:14:46.358,-3.38,68.85,16.55,-0.75,0.00,0.00,98,0,0,35.31,31.40,77.70,AMBULATING
12:14:46.603,-3.38,68.85,16.55,-0.75,0.00,0.00,98,0,0,35.31,31.40,77.70,AMBULATING
12:14:46.889,-3.38,68.85,16.55,-0.75,0.00,0.00,98,0,0,35.31,31.40,77.70,AMBULATING
12:14:47.176,-3.38,68.85,16.55,-0.75,0.00,0.00,98,0,0,35.31,31.40,77.70,AMBULATING
12:14:48.450,-3.38,68.85,16.55,-0.75,0.00,0.00,98,0,0,35.31,31.40,77.70,AMBULATING
12:14:48.452,-3.38,68.85,16.55,-0.75,0.00,0.00,98,0,0,35.31,31.40,77.70,AMBULATING
12:14:48.455,-3.38,68.85,16.55,-0.75,0.00,0.00,98,0,0,35.25,31.40,77.70,AMBULATING
12:14:48.457,-3.38,68.85,16.55,-0.75,0.00,0.00,98,0,0,35.25,31.40,77.70,AMBULATING
12:14:48.610,-3.38,68.85,16.55,-0.75,0.00,0.00,98,0,0,35.25,31.40,78.10,AMBULATING
12:14:50.329,-3.38,68.85,16.55,-0.75,0.00,0.00,98,0,0,35.31,31.40,78.10,AMBULATING
12:14:50.331,-3.38,68.85,16.55,-0.75,0.00,0.00,98,0,0,35.31,31.40,78.10,AMBULATING
12:14:50.335,-3.38,68.85,16.55,-0.75,0.00,0.00,98,0,0,35.31,31.40,78.10,AMBULATING
12:14:50.337,-3.38,68.85,16.55,-0.75,0.00,0.00,98,0,0,35.31,31.40,78.10,AMBULATING
12:14:50.340,-3.38,68.85,16.55,-0.75,0.00,0.00,98,0,0,35.31,31.40,78.10,AMBULATING
12:14:50.352,-3.38,68.85,16.55,-0.75,0.00,0.00,98,0,0,35.31,31.40,78.10,AMBULATING
12:14:50.583,-3.38,68.85,16.55,-0.75,0.00,0.00,98,0,0,35.31,31.40,78.10,AMBULATING
12:14:50.873,-3.38,68.85,16.55,-0.75,0.00,0.00,98,0,0,35.31,31.40,78.40,AMBULATING
12:14:51.170,-3.38,68.85,16.55,-0.75,0.00,0.00,98,0,0,35.31,31.40,78.40,AMBULATING
12:14:51.925,-3.38,68.85,16.55,-0.75,0.00,0.00,98,0,0,35.31,31.40,78.40,AMBULATING
12:14:51.927,-3.38,68.85,16.55,-0.75,0.00,0.00,98,0,0,35.31,31.40,78.40,AMBULATING
12:14:52.007,-3.38,68.85,16.55,-0.75,0.00,0.00,98,0,0,35.31,31.40,78.40,AMBULATING
12:14:52.297,-3.38,68.85,16.55,-0.75,0.00,0.00,98,0,0,35.31,31.40,78.40,AMBULATING
12:14:52.604,-3.38,68.85,16.55,-0.75,0.00,0.00,98,0,0,35.31,31.40,78.40,AMBULATING
12:14:53.179,-3.38,68.85,16.55,-0.75,0.00,0.00,98,0,0,35.31,31.40,78.40,AMBULATING
12:14:53.181,-3.38,68.85,16.55,-0.75,0.00,0.00,98,0,0,35.31,31.40,78.80,AMBULATING
12:14:53.428,-3.38,68.85,16.55,-0.75,0.00,0.00,98,0,0,35.31,31.40,78.80,AMBULATING
12:14:53.730,-3.38,68.85,16.55,-0.75,0.00,0.00,98,0,0,35.31,31.40,78.80,AMBULATING
12:14:54.038,-3.38,68.85,16.55,-0.75,0.00,0.00,98,0,0,35.31,31.40,78.80,AMBULATING
12:14:54.527,-3.38,68.85,16.55,-0.75,0.00,0.00,98,0,0,35.31,31.40,78.80,AMBULATING
12:14:54.564,-3.38,68.85,16.55,-0.75,0.00,0.00,98,0,0,35.31,31.40,78.80,AMBULATING
12:14:54.860,-3.38,68.85,16.55,-0.75,0.00,0.00,98,0,0,35.31,31.40,78.80,AMBULATING
12:14:55.164,-3.38,68.85,16.55,-0.75,0.00,0.00,98,0,0,35.31,31.40,78.80,AMBULATING
12:14:55.958,-3.38,68.85,16.55,-0.75,0.00,0.00,98,0,0,35.31,31.40,79.20,AMBULATING
12:14:55.960,-3.38,68.85,16.55,-0.75,0.00,0.00,98,0,0,35.38,31.40,79.20,AMBULATING
12:14:55.986,-3.38,68.85,16.55,-0.75,0.00,0.00,98,0,0,35.38,31.40,79.20,AMBULATING
12:14:56.290,-3.38,68.85,16.55,-0.75,0.00,0.00,98,0,0,35.38,31.40,79.20,AMBULATING
12:14:56.598,-3.38,68.85,16.55,-0.75,0.00,0.00,98,0,0,35.38,31.40,79.20,AMBULATING
12:14:57.226,-3.38,68.85,16.55,-0.75,0.00,0.00,98,0,0,35.38,31.40,79.20,AMBULATING
12:14:57.227,-3.38,68.85,16.55,-0.75,0.00,0.00,98,0,0,35.38,31.40,79.20,AMBULATING
12:14:57.418,-3.38,68.85,16.55,-0.75,0.00,0.00,98,0,0,35.31,31.40,79.20,AMBULATING
12:14:57.725,-3.38,68.85,16.55,-0.75,0.00,0.00,98,0,0,35.31,31.40,79.40,AMBULATING
12:14:58.031,-3.38,68.85,16.55,-0.75,0.00,0.00,98,0,0,35.31,31.40,79.40,AMBULATING
12:14:58.559,-3.38,68.85,16.55,-0.75,0.00,0.00,98,0,0,35.38,31.40,79.40,AMBULATING
12:14:58.561,-3.38,68.85,16.55,-0.75,0.00,0.00,98,0,0,35.38,31.40,79.40,AMBULATING
12:14:58.852,-3.38,68.85,16.55,-0.75,0.00,0.00,98,0,0,35.38,31.40,79.40,AMBULATING
12:14:59.159,-3.38,68.85,16.55,-0.75,0.00,0.00,98,0,0,35.38,31.40,79.40,AMBULATING
12:14:59.397,-3.38,68.85,16.55,-0.75,0.00,0.00,98,0,0,35.38,31.40,79.40,AMBULATING
12:14:59.863,-3.38,68.85,16.55,-0.75,0.00,0.00,98,0,0,35.38,31.40,79.40,AMBULATING
12:14:59.976,-3.38,68.85,16.55,-0.75,0.00,0.00,98,0,0,35.38,31.40,79.50,AMBULATING
12:15:00.285,-3.38,68.85,16.55,-0.75,0.00,0.00,98,0,0,35.38,31.40,79.50,AMBULATING
12:15:01.171,-3.38,68.85,16.55,-0.75,0.00,0.00,98,0,0,35.38,31.40,79.50,AMBULATING
12:15:01.173,-3.38,68.85,16.55,-0.75,0.00,0.00,98,0,0,35.38,31.40,79.50,AMBULATING
12:15:01.175,-3.38,68.85,16.55,-0.75,0.00,0.00,98,0,0,35.38,31.40,79.50,AMBULATING
12:15:01.411,-3.38,68.85,16.55,-0.75,0.00,0.00,98,0,0,35.38,31.40,79.50,AMBULATING
12:15:01.718,-3.38,68.85,16.55,-0.75,0.00,0.00,98,0,0,35.38,31.40,79.50,AMBULATING
12:15:01.956,-3.38,68.85,16.55,-0.75,0.00,0.00,98,0,0,35.38,31.40,79.50,AMBULATING
12:15:02.247,-3.38,68.85,16.55,-0.75,0.00,0.00,98,0,0,35.38,31.40,79.40,AMBULATING
12:15:02.537,-3.38,68.85,16.55,-0.75,0.00,0.00,98,0,0,35.44,31.40,79.40,AMBULATING
12:15:02.844,-3.38,68.85,16.55,-0.75,0.00,0.00,98,0,0,35.44,31.40,79.40,AMBULATING
12:15:03.151,-3.38,68.85,16.55,-0.75,0.00,0.00,98,0,0,35.44,31.40,79.40,AMBULATING
12:15:03.382,-3.38,68.85,16.55,-0.75,0.00,0.00,98,0,0,35.38,31.40,79.40,AMBULATING
12:15:03.749,-3.38,68.85,16.55,-0.75,0.00,0.00,98,0,0,35.38,31.40,79.40,AMBULATING
12:15:03.970,-3.38,68.85,16.55,-0.75,0.00,0.00,98,0,0,35.38,31.40,79.40,AMBULATING
12:15:04.278,-3.38,68.85,16.55,-0.75,0.00,0.00,98,0,0,35.44,31.40,79.40,AMBULATING
12:15:04.522,-3.38,68.85,16.55,-0.75,0.00,0.00,98,0,0,35.44,31.40,79.40,AMBULATING
12:15:04.803,-3.38,68.85,16.55,-0.75,0.00,0.00,98,0,0,35.44,31.40,79.40,AMBULATING
12:15:05.561,-3.38,68.85,16.55,-0.75,0.00,0.00,98,0,0,35.44,31.40,79.40,AMBULATING
12:15:05.564,-3.38,68.85,16.55,-0.75,0.00,0.00,98,0,0,35.44,31.40,79.40,AMBULATING
12:15:05.713,-3.38,68.85,16.55,-0.75,0.00,0.00,98,0,0,35.44,31.40,79.40,AMBULATING
12:15:05.938,-3.38,68.85,16.55,-0.75,0.00,0.00,98,0,0,35.44,31.40,79.40,AMBULATING
12:15:06.223,-3.38,68.85,16.55,-0.75,0.00,0.00,98,0,0,35.44,31.40,79.40,AMBULATING
12:15:06.783,-3.38,68.85,16.55,-0.75,0.00,0.00,98,0,0,35.44,31.40,79.40,AMBULATING
12:15:06.840,-3.38,68.85,16.55,-0.75,0.00,0.00,98,0,0,35.44,31.40,79.50,AMBULATING
12:15:07.076,-3.38,68.85,16.55,-0.75,0.00,0.00,98,0,0,35.44,31.40,79.50,AMBULATING
12:15:07.359,-3.38,68.85,16.55,-0.75,0.00,0.00,98,0,0,35.44,31.40,79.50,AMBULATING
12:15:07.657,-3.38,68.85,16.55,-0.75,0.00,0.00,98,0,0,35.44,31.40,79.50,AMBULATING
12:15:07.994,-3.38,68.85,16.55,-0.75,0.00,0.00,98,0,0,35.44,31.40,79.50,AMBULATING
12:15:08.209,-3.38,68.85,16.55,-0.75,0.00,0.00,98,0,0,35.44,31.40,79.50,AMBULATING
12:15:08.494,-3.38,68.85,16.55,-0.75,0.00,0.00,98,0,0,35.44,31.40,79.50,AMBULATING
12:15:08.785,-3.38,68.85,16.55,-0.75,0.00,0.00,98,0,0,35.44,31.40,79.50,AMBULATING
12:15:09.185,-3.38,68.85,16.55,-0.75,0.00,0.00,98,0,0,35.44,31.40,79.80,AMBULATING
12:15:09.398,-3.38,68.85,16.55,-0.75,0.00,0.00,98,0,0,35.44,31.40,79.80,AMBULATING
12:15:09.633,-3.38,68.85,16.55,-0.75,0.00,0.00,98,0,0,35.44,31.40,79.80,AMBULATING
12:15:09.920,-3.38,68.85,16.55,-0.75,0.00,0.00,98,0,0,35.44,31.40,79.80,AMBULATING
12:15:10.216,-3.38,68.85,16.55,-0.75,0.00,0.00,98,0,0,35.50,31.40,79.80,AMBULATING
12:15:10.524,-3.38,68.85,16.55,-0.75,0.00,0.00,98,0,0,35.50,31.40,79.80,AMBULATING
12:15:10.770,-3.38,68.85,16.55,-0.75,0.00,0.00,98,0,0,35.50,31.40,79.80,AMBULATING
12:15:11.053,-3.38,68.85,16.55,-0.75,0.00,0.00,98,0,0,35.44,31.40,79.80,AMBULATING
12:15:11.342,-3.38,68.85,16.55,-0.75,0.00,0.00,98,0,0,35.44,31.40,80.00,AMBULATING
12:15:11.768,-3.38,68.85,16.55,-0.75,0.00,0.00,98,0,0,35.44,31.40,80.00,AMBULATING
12:15:12.069,-3.38,68.85,16.55,-0.75,0.00,0.00,98,0,0,35.44,31.40,80.00,AMBULATING
12:15:12.191,-3.38,68.85,16.55,-0.75,0.00,0.00,98,0,0,35.44,31.40,80.00,AMBULATING
12:15:12.475,-3.38,68.85,16.55,-0.75,0.00,0.00,98,0,0,35.44,31.40,80.00,AMBULATING
12:15:12.777,-3.38,68.85,16.55,-0.75,0.00,0.00,98,0,0,35.44,31.40,80.00,AMBULATING
12:15:13.084,-3.38,68.85,16.55,-0.75,0.00,0.00,98,0,0,35.44,31.40,80.00,AMBULATING
12:15:13.328,-3.38,68.85,16.55,-0.75,0.00,0.00,98,0,0,35.44,31.40,80.00,AMBULATING
12:15:13.617,-3.38,68.85,16.55,-0.75,0.00,0.00,98,0,0,35.50,31.40,80.10,AMBULATING
12:15:13.903,-3.38,68.85,16.55,-0.75,0.00,0.00,98,0,0,35.50,31.40,80.10,AMBULATING
12:15:14.212,-3.38,68.85,16.55,-0.75,0.00,0.00,98,0,0,35.50,31.40,80.10,AMBULATING
12:15:14.520,-3.38,68.85,16.55,-0.75,0.00,0.00,98,0,0,35.44,31.40,80.10,AMBULATING
12:15:14.752,-3.38,68.85,16.55,-0.75,0.00,0.00,98,0,0,35.44,31.40,80.10,AMBULATING
12:15:15.035,-3.38,68.85,16.55,-0.75,0.00,0.00,98,0,0,35.44,31.40,80.10,AMBULATING
12:15:15.440,-3.38,68.85,16.55,-0.75,0.00,0.00,98,0,0,35.44,31.40,80.10,AMBULATING
12:15:15.644,-3.38,68.85,16.55,-0.75,0.00,0.00,98,0,0,35.44,31.40,80.10,AMBULATING
12:15:16.008,-3.38,68.85,16.55,-0.75,0.00,0.00,98,0,0,35.44,31.40,80.10,AMBULATING
12:15:16.176,-3.38,68.85,16.55,-0.75,0.00,0.00,98,0,0,35.44,31.40,80.10,AMBULATING
12:15:16.462,-3.38,68.85,16.55,-0.75,0.00,0.00,98,0,0,35.44,31.40,80.10,AMBULATING
12:15:16.771,-3.38,68.85,16.55,-0.75,0.00,0.00,98,0,0,35.44,31.40,80.10,AMBULATING
12:15:17.078,-3.38,68.85,16.55,-0.75,0.00,0.00,98,0,0,35.44,31.40,80.10,AMBULATING
12:15:17.310,-3.38,68.85,16.55,-0.75,0.00,0.00,98,0,0,35.44,31.40,80.10,AMBULATING
12:15:17.595,-3.38,68.85,16.55,-0.75,0.00,0.00,98,0,0,35.44,31.40,80.10,AMBULATING
12:15:17.897,-3.38,68.85,16.55,-0.75,0.00,0.00,98,0,0,35.44,31.40,80.10,AMBULATING
12:15:18.204,-3.38,68.85,16.55,-0.75,0.00,0.00,98,0,0,35.44,31.40,80.10,AMBULATING
12:15:18.449,-3.38,68.85,16.55,-0.75,0.00,0.00,98,0,0,35.44,31.40,80.10,AMBULATING
12:15:18.733,-3.38,68.85,16.55,-0.75,0.00,0.00,98,0,0,35.38,31.40,80.10,AMBULATING
12:15:19.023,-3.38,68.85,16.55,-0.75,0.00,0.00,98,0,0,35.38,31.40,80.10,AMBULATING
12:15:19.332,-3.38,68.85,16.55,-0.75,0.00,0.00,98,0,0,35.38,31.40,80.10,AMBULATING
12:15:19.638,-3.38,68.85,16.55,-0.75,0.00,0.00,98,0,0,35.38,31.40,80.10,AMBULATING
12:15:19.866,-3.38,68.85,16.55,-0.75,0.00,0.00,98,0,0,35.38,31.40,80.10,AMBULATING
12:15:20.150,-3.38,68.85,16.55,-0.75,0.00,0.00,98,0,0,35.38,31.40,80.10,AMBULATING
12:15:20.457,-3.38,68.85,16.55,-0.75,0.00,0.00,98,0,0,35.38,31.40,79.90,AMBULATING
12:15:20.764,-3.38,68.85,16.55,-0.75,0.00,0.00,98,0,0,35.38,31.40,79.90,AMBULATING
12:15:21.006,-3.38,68.85,16.55,-0.75,0.00,0.00,98,0,0,35.38,31.40,79.90,AMBULATING
12:15:21.291,-3.38,68.85,16.55,-0.75,0.00,0.00,98,0,0,35.38,31.40,79.90,AMBULATING
12:15:21.583,-3.38,68.85,16.55,-0.75,0.00,0.00,98,0,0,35.38,31.40,79.90,AMBULATING
12:15:21.892,-3.38,68.85,16.55,-0.75,0.00,0.00,98,0,0,35.38,31.40,79.90,AMBULATING
12:15:22.198,-3.38,68.85,16.55,-0.75,0.00,0.00,98,0,0,35.38,31.40,79.90,AMBULATING
12:15:22.426,-3.38,68.85,16.55,-0.75,0.00,0.00,98,0,0,35.38,31.40,79.90,AMBULATING
12:15:23.627,-3.38,68.85,16.55,-0.75,0.00,0.00,98,0,0,35.38,31.40,79.90,AMBULATING
12:15:23.629,-3.38,68.85,16.55,-0.75,0.00,0.00,98,0,0,35.38,31.40,79.90,AMBULATING
12:15:23.631,-3.38,68.85,16.55,-0.75,0.00,0.00,98,0,0,35.38,31.40,79.90,AMBULATING
12:15:23.633,-3.38,68.85,16.55,-0.75,0.00,0.00,98,0,0,35.38,31.40,79.90,AMBULATING
12:15:23.848,-3.38,68.85,16.55,-0.75,0.00,0.00,98,0,0,35.38,31.40,79.90,AMBULATING
12:15:24.715,-3.38,68.85,16.55,-0.75,0.00,0.00,98,0,0,35.38,31.40,79.90,AMBULATING
12:15:24.717,-3.38,68.85,16.55,-0.75,0.00,0.00,98,0,0,35.38,31.40,79.90,AMBULATING
12:15:24.759,-3.38,68.85,16.55,-0.75,0.00,0.00,98,0,0,35.38,31.40,79.90,AMBULATING
12:15:24.990,-3.38,68.85,16.55,-0.75,0.00,0.00,98,0,0,35.38,31.40,79.80,AMBULATING
12:15:25.276,-3.38,68.85,16.55,-0.75,0.00,0.00,98,0,0,35.38,31.40,79.80,AMBULATING
12:15:25.812,-3.38,68.85,16.55,-0.75,0.00,0.00,98,0,0,35.38,31.40,79.80,AMBULATING
12:15:25.885,-3.38,68.85,16.55,-0.75,0.00,0.00,98,0,0,35.38,31.40,79.80,AMBULATING
12:15:26.127,-3.38,68.85,16.55,-0.75,0.00,0.00,98,0,0,35.38,31.40,79.80,AMBULATING
12:15:26.409,-3.38,68.85,16.55,-0.75,0.00,0.00,98,0,0,35.38,31.40,79.80,AMBULATING
12:15:26.704,-3.38,68.85,16.55,-0.75,0.00,0.00,98,0,0,35.38,31.40,79.80,AMBULATING
12:15:27.090,-3.38,68.85,16.55,-0.75,0.00,0.00,98,0,0,35.38,31.40,79.80,AMBULATING
12:15:27.318,-3.38,68.85,16.55,-0.75,0.00,0.00,98,0,0,35.38,31.40,79.70,AMBULATING
12:15:27.546,-3.38,68.85,16.55,-0.75,0.00,0.00,98,0,0,35.38,31.40,79.70,AMBULATING
12:15:27.831,-3.38,68.85,16.55,-0.75,0.00,0.00,98,0,0,35.38,31.40,79.70,AMBULATING
12:15:28.137,-3.38,68.85,16.55,-0.75,0.00,0.00,98,0,0,35.38,31.40,79.70,AMBULATING
12:15:28.444,-3.38,68.85,16.55,-0.75,0.00,0.00,98,0,0,35.38,31.40,79.70,AMBULATING
12:15:28.681,-3.38,68.85,16.55,-0.75,0.00,0.00,98,0,0,35.38,31.40,79.70,AMBULATING
12:15:29.378,-3.38,68.85,16.55,-0.75,0.00,0.00,98,0,0,35.38,31.40,79.70,AMBULATING
12:15:29.392,-3.38,68.85,16.55,-0.75,0.00,0.00,98,0,0,35.38,31.40,79.70,AMBULATING
12:15:29.572,-3.38,68.85,16.55,-0.75,0.00,0.00,98,0,0,35.38,31.40,79.50,AMBULATING
12:15:29.882,-3.38,68.85,16.55,-0.75,0.00,0.00,98,0,0,35.38,31.40,79.50,AMBULATING
12:15:30.109,-3.38,68.85,16.55,-0.75,0.00,0.00,98,0,0,35.38,31.40,79.50,AMBULATING
12:15:30.390,-3.38,68.85,16.55,-0.75,0.00,0.00,98,0,0,35.38,31.40,79.50,AMBULATING
12:15:30.699,-3.38,68.85,16.55,-0.75,0.00,0.00,98,0,0,35.44,31.40,79.50,AMBULATING
12:15:31.116,-3.38,68.85,16.55,-0.75,0.00,0.00,98,0,0,35.44,31.40,79.50,AMBULATING
12:15:31.323,-3.38,68.85,16.55,-0.75,0.00,0.00,98,0,0,35.44,31.40,79.50,AMBULATING
12:15:31.621,-3.38,68.85,16.55,-0.75,0.00,0.00,98,0,0,35.38,31.40,79.50,AMBULATING
12:15:31.926,-3.38,68.85,16.55,-0.75,0.00,0.00,98,0,0,35.38,31.30,79.20,AMBULATING
12:15:32.242,-3.38,68.85,16.55,-0.75,0.00,0.00,98,0,0,35.38,31.30,79.20,AMBULATING
12:15:32.549,-3.38,68.85,16.55,-0.75,0.00,0.00,98,0,0,35.38,31.30,79.20,AMBULATING
12:15:32.759,-3.38,68.85,16.55,-0.75,0.00,0.00,98,0,0,35.38,31.30,79.20,AMBULATING
12:15:32.952,-3.38,68.85,16.55,-0.75,0.00,0.00,98,0,0,35.38,31.30,79.20,AMBULATING
12:15:33.269,-3.38,68.85,16.55,-0.75,0.00,0.00,98,0,0,35.38,31.30,79.20,AMBULATING
12:15:33.568,-3.38,68.85,16.55,-0.75,0.00,0.00,98,0,0,35.38,31.30,79.20,AMBULATING
12:15:33.888,-3.38,68.85,16.55,-0.75,0.00,0.00,98,0,0,35.38,31.30,79.20,AMBULATING
12:15:34.183,-3.38,68.85,16.55,-0.75,0.00,0.00,98,0,0,35.44,31.40,78.90,AMBULATING
12:15:34.499,-3.38,68.85,16.55,-0.75,0.00,0.00,98,0,0,35.44,31.40,78.90,AMBULATING
12:15:34.692,-3.38,68.85,16.55,-0.75,0.00,0.00,98,0,0,35.44,31.40,78.90,AMBULATING
12:15:34.998,-3.38,68.85,16.55,-0.75,0.00,0.00,98,0,0,35.38,31.40,78.90,AMBULATING
12:15:35.225,-3.38,68.85,16.55,-0.75,0.00,0.00,98,0,0,35.38,31.40,78.90,AMBULATING
12:15:35.510,-3.38,68.85,16.55,-0.75,0.00,0.00,98,0,0,35.38,31.40,78.90,AMBULATING
12:15:35.928,-3.38,68.85,16.55,-0.75,0.00,0.00,98,0,0,35.38,31.40,78.90,AMBULATING
12:15:36.239,-3.38,68.85,16.55,-0.75,0.00,0.00,98,0,0,35.38,31.40,78.90,AMBULATING
12:15:36.437,-3.38,68.85,16.55,-0.75,0.00,0.00,98,0,0,35.38,31.40,78.80,AMBULATING
12:15:36.747,-3.38,68.85,16.55,-0.75,0.00,0.00,98,0,0,35.31,31.40,78.80,AMBULATING
12:15:37.567,-3.38,68.85,16.55,-0.75,0.00,0.00,98,0,0,35.31,31.40,78.80,AMBULATING
12:15:37.570,-3.38,68.85,16.55,-0.75,0.00,0.00,98,0,0,35.31,31.40,78.80,AMBULATING
12:15:37.786,-3.38,68.85,16.55,-0.75,0.00,0.00,98,0,0,35.31,31.40,78.80,AMBULATING
12:15:38.070,-3.38,68.85,16.55,-0.75,0.00,0.00,98,0,0,35.31,31.40,78.80,AMBULATING
12:15:38.378,-3.38,68.85,16.55,-0.75,0.00,0.00,98,0,0,35.31,31.40,78.80,AMBULATING
12:15:38.690,-3.38,68.85,16.55,-0.75,0.00,0.00,98,0,0,35.31,31.30,78.80,AMBULATING
12:15:39.004,-3.38,68.85,16.55,-0.75,0.00,0.00,98,0,0,35.31,31.30,78.80,AMBULATING
12:15:39.209,-3.38,68.85,16.55,-0.75,0.00,0.00,98,0,0,35.31,31.30,78.80,AMBULATING
12:15:39.504,-3.38,68.85,16.55,-0.75,0.00,0.00,98,0,0,35.31,31.30,78.80,AMBULATING
12:15:39.811,-3.38,68.85,16.55,-0.75,0.00,0.00,98,0,0,35.31,31.30,78.80,AMBULATING
12:15:40.058,-3.38,68.85,16.55,-0.75,0.00,0.00,98,0,0,35.31,31.30,78.80,AMBULATING
12:15:40.344,-3.38,68.85,16.55,-0.75,0.00,0.00,98,0,0,35.31,31.30,78.80,AMBULATING
12:15:40.630,-3.38,68.85,16.55,-0.75,0.00,0.00,98,0,0,35.31,31.30,78.80,AMBULATING
12:15:40.937,-3.38,68.85,16.55,-0.75,0.00,0.00,98,0,0,35.31,31.40,79.00,AMBULATING
12:15:41.245,-3.38,68.85,16.55,-0.75,0.00,0.00,98,0,0,35.31,31.40,79.00,AMBULATING
12:15:41.482,-3.38,68.85,16.55,-0.75,0.00,0.00,98,0,0,35.31,31.40,79.00,AMBULATING
12:15:41.764,-3.38,68.85,16.55,-0.75,0.00,0.00,98,0,0,35.31,31.40,79.00,AMBULATING
12:15:42.064,-3.38,68.85,16.55,-0.75,0.00,0.00,98,0,0,35.31,31.40,79.00,AMBULATING
12:15:42.371,-3.38,68.85,16.55,-0.75,0.00,0.00,98,0,0,35.31,31.40,79.00,AMBULATING
12:15:42.615,-3.38,68.85,16.55,-0.75,0.00,0.00,98,0,0,35.31,31.40,79.00,AMBULATING
12:15:42.898,-3.38,68.85,16.55,-0.75,0.00,0.00,98,0,0,35.31,31.40,79.00,AMBULATING
12:15:43.189,-3.38,68.85,16.55,-0.75,0.00,0.00,98,0,0,35.31,31.40,79.50,AMBULATING
12:15:43.497,-3.38,68.85,16.55,-0.75,0.00,0.00,98,0,0,35.31,31.40,79.50,AMBULATING
12:15:43.804,-3.38,68.85,16.55,-0.75,0.00,0.00,98,0,0,35.31,31.40,79.50,AMBULATING
12:15:44.036,-3.38,68.85,16.55,-0.75,0.00,0.00,98,0,0,35.31,31.40,79.50,AMBULATING
12:15:44.321,-3.38,68.85,16.55,-0.75,0.00,0.00,98,0,0,35.31,31.40,79.50,AMBULATING
12:15:44.623,-3.38,68.85,16.55,-0.75,0.00,0.00,98,0,0,35.31,31.40,79.50,AMBULATING
12:15:44.930,-3.38,68.85,16.55,-0.75,0.00,0.00,98,0,0,35.31,31.40,79.50,AMBULATING
12:15:45.171,-3.38,68.85,16.55,-0.75,0.00,0.00,98,0,0,35.31,31.40,79.50,AMBULATING
12:15:45.459,-3.38,68.85,16.55,-0.75,0.00,0.00,98,0,0,35.31,31.40,79.90,AMBULATING
12:15:45.751,-3.38,68.85,16.55,-0.75,0.00,0.00,98,0,0,35.31,31.40,79.90,AMBULATING
12:15:46.057,-3.38,68.85,16.55,-0.75,0.00,0.00,98,0,0,35.25,31.40,79.90,AMBULATING
12:15:46.366,-3.38,68.85,16.55,-0.75,0.00,0.00,98,0,0,35.25,31.40,79.90,AMBULATING
12:15:46.592,-3.38,68.85,16.55,-0.75,0.00,0.00,98,0,0,35.25,31.40,79.90,AMBULATING
12:15:46.876,-3.38,68.85,16.55,-0.75,0.00,0.00,98,0,0,35.31,31.40,79.90,AMBULATING
12:15:47.194,-3.38,68.85,16.55,-0.75,0.00,0.00,98,0,0,35.31,31.40,79.90,AMBULATING
12:15:47.495,-3.38,68.85,16.55,-0.75,0.00,0.00,98,0,0,35.31,31.40,79.90,AMBULATING
12:15:47.733,-3.38,68.85,16.55,-0.75,0.00,0.00,98,0,0,35.25,31.40,79.90,AMBULATING
12:15:48.018,-3.38,68.85,16.55,-0.75,0.00,0.00,98,0,0,35.25,31.40,79.90,AMBULATING
12:15:48.320,-3.38,68.85,16.55,-0.75,0.00,0.00,98,0,0,35.25,31.40,79.90,AMBULATING
12:15:48.619,-3.38,68.85,16.55,-0.75,0.00,0.00,98,0,0,35.31,31.40,79.90,AMBULATING
12:15:48.932,-3.38,68.85,16.55,-0.75,0.00,0.00,98,0,0,35.31,31.40,79.90,AMBULATING
12:15:49.151,-3.38,68.85,16.55,-0.75,0.00,0.00,98,0,0,35.31,31.40,79.90,AMBULATING
12:15:49.437,-3.38,68.85,16.55,-0.75,0.00,0.00,98,0,0,35.31,31.40,79.90,AMBULATING
12:15:49.750,-3.38,68.85,16.55,-0.75,0.00,0.00,98,0,0,35.31,31.40,79.90,AMBULATING
12:15:50.053,-3.38,68.85,16.55,-0.75,0.00,0.00,98,0,0,35.31,31.40,79.20,AMBULATING
12:15:50.288,-3.38,68.85,16.55,-0.75,0.00,0.00,98,0,0,35.31,31.40,79.20,AMBULATING
12:15:50.572,-3.38,68.85,16.55,-0.75,0.00,0.00,98,0,0,35.31,31.40,79.20,AMBULATING
12:15:50.871,-3.38,68.85,16.55,-0.75,0.00,0.00,98,0,0,35.31,31.40,79.20,AMBULATING
12:15:51.177,-3.38,68.85,16.55,-0.75,0.00,0.00,98,0,0,35.31,31.40,79.20,AMBULATING
12:15:51.421,-3.38,68.85,16.55,-0.75,0.00,0.00,98,0,0,35.31,31.40,79.20,AMBULATING
12:15:51.705,-3.38,68.85,16.55,-0.75,0.00,0.00,98,0,0,35.31,31.40,79.20,AMBULATING
12:15:51.996,-3.38,68.85,16.55,-0.75,0.00,0.00,98,0,0,35.31,31.40,79.20,AMBULATING
12:15:52.303,-3.38,68.85,16.55,-0.75,0.00,0.00,98,0,0,35.31,31.40,78.80,AMBULATING
12:15:52.610,-3.38,68.85,16.55,-0.75,0.00,0.00,98,0,0,35.31,31.40,78.80,AMBULATING
12:15:52.845,-3.38,68.85,16.55,-0.75,0.00,0.00,98,0,0,35.31,31.40,78.80,AMBULATING
12:15:53.129,-3.38,68.85,16.55,-0.75,0.00,0.00,98,0,0,35.31,31.40,78.80,AMBULATING
12:15:53.430,-3.38,68.85,16.55,-0.75,0.00,0.00,98,0,0,35.31,31.40,78.80,AMBULATING
12:15:53.737,-3.38,68.85,16.55,-0.75,0.00,0.00,98,0,0,35.38,31.40,78.80,AMBULATING
12:15:53.977,-3.38,68.85,16.55,-0.75,0.00,0.00,98,0,0,35.38,31.40,78.80,AMBULATING
12:15:54.261,-3.38,68.85,16.55,-0.75,0.00,0.00,98,0,0,35.38,31.40,78.80,AMBULATING
12:15:54.557,-3.38,68.85,16.55,-0.75,0.00,0.00,98,0,0,35.38,31.40,78.40,AMBULATING
12:15:54.863,-3.38,68.85,16.55,-0.75,0.00,0.00,98,0,0,35.38,31.40,78.40,AMBULATING
12:15:55.171,-3.38,68.85,16.55,-0.75,0.00,0.00,98,0,0,35.38,31.40,78.40,AMBULATING
12:15:55.402,-3.38,68.85,16.55,-0.75,0.00,0.00,98,0,0,35.38,31.40,78.40,AMBULATING
12:15:55.687,-3.38,68.85,16.55,-0.75,0.00,0.00,98,0,0,35.38,31.40,78.40,AMBULATING
12:15:55.990,-3.38,68.85,16.55,-0.75,0.00,0.00,98,0,0,35.38,31.40,78.40,AMBULATING
12:15:56.304,-3.38,68.85,16.55,-0.75,0.00,0.00,98,0,0,35.38,31.40,78.40,AMBULATING
12:15:56.540,-3.38,68.85,16.55,-0.75,0.00,0.00,98,0,0,35.38,31.40,78.40,AMBULATING
12:15:56.828,-3.38,68.85,16.55,-0.75,0.00,0.00,98,0,0,35.38,31.40,78.00,AMBULATING
12:15:57.129,-3.38,68.85,16.55,-0.75,0.00,0.00,98,0,0,35.44,31.40,78.00,AMBULATING
12:15:57.429,-3.38,68.85,16.55,-0.75,0.00,0.00,98,0,0,35.44,31.40,78.00,AMBULATING
12:15:57.742,-3.38,68.85,16.55,-0.75,0.00,0.00,98,0,0,35.44,31.40,78.00,AMBULATING
12:15:57.962,-3.38,68.85,16.55,-0.75,0.00,0.00,98,0,0,35.38,31.40,78.00,AMBULATING
12:15:58.244,-3.38,68.85,16.55,-0.75,0.00,0.00,98,0,0,35.38,31.40,78.00,AMBULATING
12:15:58.563,-3.38,68.85,16.55,-0.75,0.00,0.00,98,0,0,35.38,31.40,78.00,AMBULATING
12:15:58.861,-3.38,68.85,16.55,-0.75,0.00,0.00,98,0,0,35.38,31.40,78.00,AMBULATING
12:15:59.101,-3.38,68.85,16.55,-0.75,0.00,0.00,98,0,0,35.38,31.40,77.40,AMBULATING
12:15:59.385,-3.38,68.85,16.55,-0.75,0.00,0.00,98,0,0,35.38,31.40,77.40,AMBULATING
12:15:59.687,-3.38,68.85,16.55,-0.75,0.00,0.00,98,0,0,35.38,31.40,77.40,AMBULATING
12:15:59.986,-3.38,68.85,16.55,-0.75,0.00,0.00,98,0,0,35.38,31.40,77.40,AMBULATING
12:16:00.291,-3.38,68.85,16.55,-0.75,0.00,0.00,98,0,0,35.38,31.40,77.40,AMBULATING
12:16:00.520,-3.38,68.85,16.55,-0.75,0.00,0.00,98,0,0,35.38,31.40,77.40,AMBULATING
12:16:00.803,-3.38,68.85,16.55,-0.75,0.00,0.00,98,0,0,35.38,31.40,77.40,AMBULATING
12:16:01.110,-3.38,68.85,16.55,-0.75,0.00,0.00,98,0,0,35.38,31.40,77.40,AMBULATING
12:16:01.417,-3.38,68.85,16.55,-0.75,0.00,0.00,98,0,0,35.38,31.40,77.10,AMBULATING
12:16:01.659,-3.38,68.85,16.55,-0.75,0.00,0.00,98,0,0,35.38,31.40,77.10,AMBULATING
12:16:01.942,-3.38,68.85,16.55,-0.75,0.00,0.00,98,0,0,35.38,31.40,77.10,AMBULATING
12:16:02.236,-3.38,68.85,16.55,-0.75,0.00,0.00,98,0,0,35.31,31.40,77.10,AMBULATING
12:16:02.543,-3.38,68.85,16.55,-0.75,0.00,0.00,98,0,0,35.31,31.40,77.10,AMBULATING
12:16:02.851,-3.38,68.85,16.55,-0.75,0.00,0.00,98,0,0,35.31,31.40,77.10,AMBULATING
12:16:03.077,-3.38,68.85,16.55,-0.75,0.00,0.00,98,0,0,35.31,31.40,77.10,AMBULATING
12:16:03.362,-3.38,68.85,16.55,-0.75,0.00,0.00,98,0,0,35.31,31.40,77.10,AMBULATING
12:16:03.669,-3.38,68.85,16.55,-0.75,0.00,0.00,98,0,0,35.31,31.40,76.80,AMBULATING
12:16:03.977,-3.38,68.85,16.55,-0.75,0.00,0.00,98,0,0,35.31,31.40,76.80,AMBULATING
12:16:04.216,-3.38,68.85,16.55,-0.75,0.00,0.00,98,0,0,35.31,31.40,76.80,AMBULATING
12:16:04.500,-3.38,68.85,16.55,-0.75,0.00,0.00,98,0,0,35.31,31.40,76.80,AMBULATING
12:16:04.796,-3.38,68.85,16.55,-0.75,0.00,0.00,98,0,0,35.38,31.40,76.80,AMBULATING
12:16:05.103,-3.38,68.85,16.55,-0.75,0.00,0.00,98,0,0,35.38,31.40,76.80,AMBULATING
12:16:05.351,-3.38,68.85,16.55,-0.75,0.00,0.00,98,0,0,35.38,31.40,76.80,AMBULATING
12:16:05.634,-3.38,68.85,16.55,-0.75,0.00,0.00,98,0,0,35.31,31.40,76.80,AMBULATING
12:16:05.923,-3.38,68.85,16.55,-0.75,0.00,0.00,98,0,0,35.31,31.40,76.60,AMBULATING
